,date,nasdaq
0,2012-01-03,
1,2012-01-04,U04
2,2012-01-05,T00
3,2012-01-06,U04
4,2012-01-09,U02
5,2012-01-10,U01
6,2012-01-11,U04
7,2012-01-12,U04
8,2012-01-13,U04
9,2012-01-17,D04
10,2012-01-18,U04
11,2012-01-19,U04
12,2012-01-20,U04
13,2012-01-23,T00
14,2012-01-24,T00
15,2012-01-25,U01
16,2012-01-26,U04
17,2012-01-27,D04
18,2012-01-30,U04
19,2012-01-31,T00
20,2012-02-01,U01
21,2012-02-02,U04
22,2012-02-03,U04
23,2012-02-06,U04
24,2012-02-07,T00
25,2012-02-08,U01
26,2012-02-09,U04
27,2012-02-10,U04
28,2012-02-13,D04
29,2012-02-14,U04
30,2012-02-15,T00
31,2012-02-16,D04
32,2012-02-17,U04
33,2012-02-21,T00
34,2012-02-22,T00
35,2012-02-23,D04
36,2012-02-24,U04
37,2012-02-27,U03
38,2012-02-28,U01
39,2012-02-29,U04
40,2012-03-01,D04
41,2012-03-02,U04
42,2012-03-05,D04
43,2012-03-06,D04
44,2012-03-07,D04
45,2012-03-08,U04
46,2012-03-09,U04
47,2012-03-12,U04
48,2012-03-13,T00
49,2012-03-14,U04
50,2012-03-15,T00
51,2012-03-16,U04
52,2012-03-19,T00
53,2012-03-20,U04
54,2012-03-21,T00
55,2012-03-22,U01
56,2012-03-23,D04
57,2012-03-26,U02
58,2012-03-27,U04
59,2012-03-28,T00
60,2012-03-29,D04
61,2012-03-30,D04
62,2012-04-02,T00
63,2012-04-03,U04
64,2012-04-04,T00
65,2012-04-05,D04
66,2012-04-09,U04
67,2012-04-10,D04
68,2012-04-11,D04
69,2012-04-12,U04
70,2012-04-13,U04
71,2012-04-16,D04
72,2012-04-17,D04
73,2012-04-18,U04
74,2012-04-19,D04
75,2012-04-20,D04
76,2012-04-23,T00
77,2012-04-24,D04
78,2012-04-25,D04
79,2012-04-26,U04
80,2012-04-27,U04
81,2012-04-30,U04
82,2012-05-01,D04
83,2012-05-02,U02
84,2012-05-03,U04
85,2012-05-04,D04
86,2012-05-07,D04
87,2012-05-08,U01
88,2012-05-09,D04
89,2012-05-10,D04
90,2012-05-11,T00
91,2012-05-14,T00
92,2012-05-15,D04
93,2012-05-16,D04
94,2012-05-17,D04
95,2012-05-18,D04
96,2012-05-21,D04
97,2012-05-22,U04
98,2012-05-23,D04
99,2012-05-24,U04
100,2012-05-25,D04
101,2012-05-29,T00
102,2012-05-30,U04
103,2012-05-31,D04
104,2012-06-01,D04
105,2012-06-04,D04
106,2012-06-05,U04
107,2012-06-06,U04
108,2012-06-07,U04
109,2012-06-08,D04
110,2012-06-11,U04
111,2012-06-12,D04
112,2012-06-13,U04
113,2012-06-14,D04
114,2012-06-15,U04
115,2012-06-18,U04
116,2012-06-19,U04
117,2012-06-20,U04
118,2012-06-21,T00
119,2012-06-22,D04
120,2012-06-25,U04
121,2012-06-26,D04
122,2012-06-27,U04
123,2012-06-28,U04
124,2012-06-29,D04
125,2012-07-02,U04
126,2012-07-03,U04
127,2012-07-05,U04
128,2012-07-06,T00
129,2012-07-09,D04
130,2012-07-10,T00
131,2012-07-11,D04
132,2012-07-12,D04
133,2012-07-13,D04
134,2012-07-16,U04
135,2012-07-17,D04
136,2012-07-18,U04
137,2012-07-19,U04
138,2012-07-20,U04
139,2012-07-23,D04
140,2012-07-24,D04
141,2012-07-25,D04
142,2012-07-26,D04
143,2012-07-27,U04
144,2012-07-30,U04
145,2012-07-31,D04
146,2012-08-01,T00
147,2012-08-02,D04
148,2012-08-03,D04
149,2012-08-06,U04
150,2012-08-07,U04
151,2012-08-08,U04
152,2012-08-09,T00
153,2012-08-10,U03
154,2012-08-13,U01
155,2012-08-14,U01
156,2012-08-15,T00
157,2012-08-16,U04
158,2012-08-17,U04
159,2012-08-20,U04
160,2012-08-21,T00
161,2012-08-22,D04
162,2012-08-23,U03
163,2012-08-24,D04
164,2012-08-27,U04
165,2012-08-28,U02
166,2012-08-29,U02
167,2012-08-30,U02
168,2012-08-31,D04
169,2012-09-04,U04
170,2012-09-05,U03
171,2012-09-06,T00
172,2012-09-07,U04
173,2012-09-10,T00
174,2012-09-11,D04
175,2012-09-12,T00
176,2012-09-13,U04
177,2012-09-14,U04
178,2012-09-17,U04
179,2012-09-18,T00
180,2012-09-19,T00
181,2012-09-20,U02
182,2012-09-21,T00
183,2012-09-24,U02
184,2012-09-25,D04
185,2012-09-26,D04
186,2012-09-27,D04
187,2012-09-28,U04
188,2012-10-01,D04
189,2012-10-02,T00
190,2012-10-03,U03
191,2012-10-04,U04
192,2012-10-05,U04
193,2012-10-08,D04
194,2012-10-09,D04
195,2012-10-10,D04
196,2012-10-11,D04
197,2012-10-12,T00
198,2012-10-15,T00
199,2012-10-16,U04
200,2012-10-17,U04
201,2012-10-18,U02
202,2012-10-19,D04
203,2012-10-22,D04
204,2012-10-23,U04
205,2012-10-24,D04
206,2012-10-25,D04
207,2012-10-26,U02
208,2012-10-31,U01
209,2012-11-01,D04
210,2012-11-02,U04
211,2012-11-05,D04
212,2012-11-06,U04
213,2012-11-07,U04
214,2012-11-08,D04
215,2012-11-09,D04
216,2012-11-12,U04
217,2012-11-13,T00
218,2012-11-14,D04
219,2012-11-15,D04
220,2012-11-16,D04
221,2012-11-19,U04
222,2012-11-20,U04
223,2012-11-21,T00
224,2012-11-23,U04
225,2012-11-26,U04
226,2012-11-27,U04
227,2012-11-28,D04
228,2012-11-29,U04
229,2012-11-30,U04
230,2012-12-03,T00
231,2012-12-04,T00
232,2012-12-05,T00
233,2012-12-06,D04
234,2012-12-07,U04
235,2012-12-10,D04
236,2012-12-11,U04
237,2012-12-12,U04
238,2012-12-13,D04
239,2012-12-14,D04
240,2012-12-17,D04
241,2012-12-18,U04
242,2012-12-19,U04
243,2012-12-20,D04
244,2012-12-21,U03
245,2012-12-24,D04
246,2012-12-26,D04
247,2012-12-27,D04
248,2012-12-28,T00
249,2012-12-31,D04
250,2013-01-02,U04
251,2013-01-03,U04
252,2013-01-04,D04
253,2013-01-07,U01
254,2013-01-08,T00
255,2013-01-09,T00
256,2013-01-10,U04
257,2013-01-11,U04
258,2013-01-14,U02
259,2013-01-15,T00
260,2013-01-16,T00
261,2013-01-17,U03
262,2013-01-18,U04
263,2013-01-22,T00
264,2013-01-23,U03
265,2013-01-24,U04
266,2013-01-25,D04
267,2013-01-28,U04
268,2013-01-29,U02
269,2013-01-30,T00
270,2013-01-31,D04
271,2013-02-01,T00
272,2013-02-04,U04
273,2013-02-05,D04
274,2013-02-06,U04
275,2013-02-07,T00
276,2013-02-08,T00
277,2013-02-11,U04
278,2013-02-12,T00
279,2013-02-13,T00
280,2013-02-14,U04
281,2013-02-15,U01
282,2013-02-19,T00
283,2013-02-20,U04
284,2013-02-21,D04
285,2013-02-22,D04
286,2013-02-25,U04
287,2013-02-26,D04
288,2013-02-27,U04
289,2013-02-28,U04
290,2013-03-01,T00
291,2013-03-04,U04
292,2013-03-05,U04
293,2013-03-06,U04
294,2013-03-07,T00
295,2013-03-08,U04
296,2013-03-11,U04
297,2013-03-12,U03
298,2013-03-13,D04
299,2013-03-14,U01
300,2013-03-15,U04
301,2013-03-18,D04
302,2013-03-19,D04
303,2013-03-20,T00
304,2013-03-21,U04
305,2013-03-22,D04
306,2013-03-25,U04
307,2013-03-26,D04
308,2013-03-27,U04
309,2013-03-28,U02
310,2013-04-01,U04
311,2013-04-02,D04
312,2013-04-03,U04
313,2013-04-04,D04
314,2013-04-05,U03
315,2013-04-08,D04
316,2013-04-09,U04
317,2013-04-10,U04
318,2013-04-11,U04
319,2013-04-12,U01
320,2013-04-15,T00
321,2013-04-16,D04
322,2013-04-17,U04
323,2013-04-18,D04
324,2013-04-19,D04
325,2013-04-22,U04
326,2013-04-23,U04
327,2013-04-24,U04
328,2013-04-25,T00
329,2013-04-26,U04
330,2013-04-29,D04
331,2013-04-30,U04
332,2013-05-01,U04
333,2013-05-02,D04
334,2013-05-03,U04
335,2013-05-06,U04
336,2013-05-07,U04
337,2013-05-08,U02
338,2013-05-09,U04
339,2013-05-10,T00
340,2013-05-13,U04
341,2013-05-14,U01
342,2013-05-15,U04
343,2013-05-16,U03
344,2013-05-17,T00
345,2013-05-20,U04
346,2013-05-21,T00
347,2013-05-22,U02
348,2013-05-23,D04
349,2013-05-24,T00
350,2013-05-28,T00
351,2013-05-29,U04
352,2013-05-30,D04
353,2013-05-31,U04
354,2013-06-03,D04
355,2013-06-04,U03
356,2013-06-05,D04
357,2013-06-06,D04
358,2013-06-07,U04
359,2013-06-10,U04
360,2013-06-11,U02
361,2013-06-12,D04
362,2013-06-13,D04
363,2013-06-14,U04
364,2013-06-17,D04
365,2013-06-18,U04
366,2013-06-19,U04
367,2013-06-20,D04
368,2013-06-21,D04
369,2013-06-24,T00
370,2013-06-25,D04
371,2013-06-26,U04
372,2013-06-27,U04
373,2013-06-28,U04
374,2013-07-01,U01
375,2013-07-02,U04
376,2013-07-03,T00
377,2013-07-05,U04
378,2013-07-08,U04
379,2013-07-09,U02
380,2013-07-10,U04
381,2013-07-11,U04
382,2013-07-12,U04
383,2013-07-15,U04
384,2013-07-16,U03
385,2013-07-17,T00
386,2013-07-18,U04
387,2013-07-19,U01
388,2013-07-22,D04
389,2013-07-23,U04
390,2013-07-24,D04
391,2013-07-25,T00
392,2013-07-26,U04
393,2013-07-29,U03
394,2013-07-30,D04
395,2013-07-31,U04
396,2013-08-01,U03
397,2013-08-02,U04
398,2013-08-05,U04
399,2013-08-06,U01
400,2013-08-07,D04
401,2013-08-08,D04
402,2013-08-09,U04
403,2013-08-12,T00
404,2013-08-13,U03
405,2013-08-14,U04
406,2013-08-15,D04
407,2013-08-16,D04
408,2013-08-19,T00
409,2013-08-20,D04
410,2013-08-21,U04
411,2013-08-22,D04
412,2013-08-23,U04
413,2013-08-26,U04
414,2013-08-27,T00
415,2013-08-28,D04
416,2013-08-29,U04
417,2013-08-30,U04
418,2013-09-03,D04
419,2013-09-04,U04
420,2013-09-05,U04
421,2013-09-06,U03
422,2013-09-09,T00
423,2013-09-10,U04
424,2013-09-11,U04
425,2013-09-12,T00
426,2013-09-13,T00
427,2013-09-16,U03
428,2013-09-17,T00
429,2013-09-18,U04
430,2013-09-19,U04
431,2013-09-20,U02
432,2013-09-23,D04
433,2013-09-24,T00
434,2013-09-25,U01
435,2013-09-26,T00
436,2013-09-27,U04
437,2013-09-30,T00
438,2013-10-01,T00
439,2013-10-02,U04
440,2013-10-03,T00
441,2013-10-04,D04
442,2013-10-07,U04
443,2013-10-08,D04
444,2013-10-09,D04
445,2013-10-10,D04
446,2013-10-11,U04
447,2013-10-14,U04
448,2013-10-15,U04
449,2013-10-16,D04
450,2013-10-17,U04
451,2013-10-18,U04
452,2013-10-21,U04
453,2013-10-22,U02
454,2013-10-23,U03
455,2013-10-24,D04
456,2013-10-25,U04
457,2013-10-28,U04
458,2013-10-29,T00
459,2013-10-30,U04
460,2013-10-31,D04
461,2013-11-01,D04
462,2013-11-04,U01
463,2013-11-05,U04
464,2013-11-06,U01
465,2013-11-07,T00
466,2013-11-08,D04
467,2013-11-11,U04
468,2013-11-12,T00
469,2013-11-13,T00
470,2013-11-14,U04
471,2013-11-15,U03
472,2013-11-18,U04
473,2013-11-19,D04
474,2013-11-20,D04
475,2013-11-21,T00
476,2013-11-22,U04
477,2013-11-25,U04
478,2013-11-26,U01
479,2013-11-27,U04
480,2013-11-29,U04
481,2013-12-02,U04
482,2013-12-03,D04
483,2013-12-04,T00
484,2013-12-05,T00
485,2013-12-06,T00
486,2013-12-09,U04
487,2013-12-10,U02
488,2013-12-11,T00
489,2013-12-12,D04
490,2013-12-13,T00
491,2013-12-16,U01
492,2013-12-17,U04
493,2013-12-18,T00
494,2013-12-19,U04
495,2013-12-20,D04
496,2013-12-23,U04
497,2013-12-24,U04
498,2013-12-26,U02
499,2013-12-27,U04
500,2013-12-30,T00
501,2013-12-31,T00
502,2014-01-02,U04
503,2014-01-03,D04
504,2014-01-06,T00
505,2014-01-07,D04
506,2014-01-08,U04
507,2014-01-09,U04
508,2014-01-10,T00
509,2014-01-13,U04
510,2014-01-14,D04
511,2014-01-15,U04
512,2014-01-16,U04
513,2014-01-17,U01
514,2014-01-21,D04
515,2014-01-22,U04
516,2014-01-23,U04
517,2014-01-24,D04
518,2014-01-27,D04
519,2014-01-28,D04
520,2014-01-29,U04
521,2014-01-30,D04
522,2014-01-31,U04
523,2014-02-03,D04
524,2014-02-04,D04
525,2014-02-05,U04
526,2014-02-06,D04
527,2014-02-07,U04
528,2014-02-10,U04
529,2014-02-11,U04
530,2014-02-12,U04
531,2014-02-13,U03
532,2014-02-14,U04
533,2014-02-18,U01
534,2014-02-19,U04
535,2014-02-20,D04
536,2014-02-21,U04
537,2014-02-24,T00
538,2014-02-25,U04
539,2014-02-26,T00
540,2014-02-27,U02
541,2014-02-28,U04
542,2014-03-03,T00
543,2014-03-04,D04
544,2014-03-05,U04
545,2014-03-06,U02
546,2014-03-07,T00
547,2014-03-10,D04
548,2014-03-11,T00
549,2014-03-12,D04
550,2014-03-13,U04
551,2014-03-14,D04
552,2014-03-17,D04
553,2014-03-18,U04
554,2014-03-19,U04
555,2014-03-20,D04
556,2014-03-21,U03
557,2014-03-24,D04
558,2014-03-25,D04
559,2014-03-26,U03
560,2014-03-27,D04
561,2014-03-28,D04
562,2014-03-31,U02
563,2014-04-01,U04
564,2014-04-02,U04
565,2014-04-03,U03
566,2014-04-04,D04
567,2014-04-07,D04
568,2014-04-08,D04
569,2014-04-09,U04
570,2014-04-10,U04
571,2014-04-11,D04
572,2014-04-14,D04
573,2014-04-15,U04
574,2014-04-16,U04
575,2014-04-17,U04
576,2014-04-21,U03
577,2014-04-22,U04
578,2014-04-23,U04
579,2014-04-24,D04
580,2014-04-25,U04
581,2014-04-28,D04
582,2014-04-29,T00
583,2014-04-30,U04
584,2014-05-01,U03
585,2014-05-02,U04
586,2014-05-05,T00
587,2014-05-06,U04
588,2014-05-07,D04
589,2014-05-08,D04
590,2014-05-09,D04
591,2014-05-12,U04
592,2014-05-13,U04
593,2014-05-14,D04
594,2014-05-15,D04
595,2014-05-16,D04
596,2014-05-19,U04
597,2014-05-20,U04
598,2014-05-21,D04
599,2014-05-22,U04
600,2014-05-23,U04
601,2014-05-27,U04
602,2014-05-28,U04
603,2014-05-29,D04
604,2014-05-30,U04
605,2014-06-02,T00
606,2014-06-03,T00
607,2014-06-04,T00
608,2014-06-05,U04
609,2014-06-06,U04
610,2014-06-09,U04
611,2014-06-10,U04
612,2014-06-11,U01
613,2014-06-12,T00
614,2014-06-13,D04
615,2014-06-16,U04
616,2014-06-17,U03
617,2014-06-18,U04
618,2014-06-19,U04
619,2014-06-20,T00
620,2014-06-23,U03
621,2014-06-24,T00
622,2014-06-25,D04
623,2014-06-26,U04
624,2014-06-27,T00
625,2014-06-30,U04
626,2014-07-01,U03
627,2014-07-02,U04
628,2014-07-03,T00
629,2014-07-07,U04
630,2014-07-08,D04
631,2014-07-09,D04
632,2014-07-10,U04
633,2014-07-11,D04
634,2014-07-14,U04
635,2014-07-15,U04
636,2014-07-16,D04
637,2014-07-17,U03
638,2014-07-18,D04
639,2014-07-21,U04
640,2014-07-22,T00
641,2014-07-23,U04
642,2014-07-24,U04
643,2014-07-25,T00
644,2014-07-28,D04
645,2014-07-29,T00
646,2014-07-30,T00
647,2014-07-31,U04
648,2014-08-01,D04
649,2014-08-04,D04
650,2014-08-05,U04
651,2014-08-06,D04
652,2014-08-07,U01
653,2014-08-08,D04
654,2014-08-11,U04
655,2014-08-12,U04
656,2014-08-13,T00
657,2014-08-14,U04
658,2014-08-15,U04
659,2014-08-18,U03
660,2014-08-19,U04
661,2014-08-20,U04
662,2014-08-21,T00
663,2014-08-22,U02
664,2014-08-25,U02
665,2014-08-26,U04
666,2014-08-27,U04
667,2014-08-28,T00
668,2014-08-29,T00
669,2014-09-02,U04
670,2014-09-03,U04
671,2014-09-04,D04
672,2014-09-05,T00
673,2014-09-08,U04
674,2014-09-09,U03
675,2014-09-10,D04
676,2014-09-11,U04
677,2014-09-12,U02
678,2014-09-15,D04
679,2014-09-16,D04
680,2014-09-17,U04
681,2014-09-18,U03
682,2014-09-19,U04
683,2014-09-22,D04
684,2014-09-23,D04
685,2014-09-24,D04
686,2014-09-25,U04
687,2014-09-26,D04
688,2014-09-29,U04
689,2014-09-30,T00
690,2014-10-01,D04
691,2014-10-02,D04
692,2014-10-03,U03
693,2014-10-06,U04
694,2014-10-07,D04
695,2014-10-08,D04
696,2014-10-09,U04
697,2014-10-10,D04
698,2014-10-13,D04
699,2014-10-14,D04
700,2014-10-15,U04
701,2014-10-16,D04
702,2014-10-17,U01
703,2014-10-20,U04
704,2014-10-21,U04
705,2014-10-22,U04
706,2014-10-23,D04
707,2014-10-24,U04
708,2014-10-27,U04
709,2014-10-28,U01
710,2014-10-29,U04
711,2014-10-30,D04
712,2014-10-31,U04
713,2014-11-03,U04
714,2014-11-04,U03
715,2014-11-05,D04
716,2014-11-06,T00
717,2014-11-07,U04
718,2014-11-10,T00
719,2014-11-11,U04
720,2014-11-12,U03
721,2014-11-13,U04
722,2014-11-14,U02
723,2014-11-17,U03
724,2014-11-18,D04
725,2014-11-19,U04
726,2014-11-20,D04
727,2014-11-21,U04
728,2014-11-24,U03
729,2014-11-25,U04
730,2014-11-26,U01
731,2014-11-28,U04
732,2014-12-01,U01
733,2014-12-02,D04
734,2014-12-03,U04
735,2014-12-04,U04
736,2014-12-05,T00
737,2014-12-08,U03
738,2014-12-09,D04
739,2014-12-10,U04
740,2014-12-11,D04
741,2014-12-12,U04
742,2014-12-15,D04
743,2014-12-16,D04
744,2014-12-17,D04
745,2014-12-18,U04
746,2014-12-19,U04
747,2014-12-22,U04
748,2014-12-23,U04
749,2014-12-24,D04
750,2014-12-26,U03
751,2014-12-29,U04
752,2014-12-30,T00
753,2014-12-31,D04
754,2015-01-02,D04
755,2015-01-05,T00
756,2015-01-06,D04
757,2015-01-07,D04
758,2015-01-08,U04
759,2015-01-09,U04
760,2015-01-12,D04
761,2015-01-13,D04
762,2015-01-14,T00
763,2015-01-15,D04
764,2015-01-16,D04
765,2015-01-20,U04
766,2015-01-21,U04
767,2015-01-22,U03
768,2015-01-23,U04
769,2015-01-26,U02
770,2015-01-27,U04
771,2015-01-28,D04
772,2015-01-29,D04
773,2015-01-30,U04
774,2015-02-02,D04
775,2015-02-03,U04
776,2015-02-04,U04
777,2015-02-05,T00
778,2015-02-06,U04
779,2015-02-09,D04
780,2015-02-10,D04
781,2015-02-11,U04
782,2015-02-12,U04
783,2015-02-13,U04
784,2015-02-17,U04
785,2015-02-18,U02
786,2015-02-19,U02
787,2015-02-20,U04
788,2015-02-23,U04
789,2015-02-24,U02
790,2015-02-25,U02
791,2015-02-26,T00
792,2015-02-27,U04
793,2015-03-02,D04
794,2015-03-03,U04
795,2015-03-04,D04
796,2015-03-05,T00
797,2015-03-06,U04
798,2015-03-09,D04
799,2015-03-10,U04
800,2015-03-11,D04
801,2015-03-12,T00
802,2015-03-13,U04
803,2015-03-16,D04
804,2015-03-17,U04
805,2015-03-18,U02
806,2015-03-19,U04
807,2015-03-20,U03
808,2015-03-23,U04
809,2015-03-24,D04
810,2015-03-25,D04
811,2015-03-26,D04
812,2015-03-27,T00
813,2015-03-30,U04
814,2015-03-31,U04
815,2015-04-01,D04
816,2015-04-02,D04
817,2015-04-06,U02
818,2015-04-07,U04
819,2015-04-08,T00
820,2015-04-09,U04
821,2015-04-10,U04
822,2015-04-13,U04
823,2015-04-14,T00
824,2015-04-15,T00
825,2015-04-16,U04
826,2015-04-17,T00
827,2015-04-20,D04
828,2015-04-21,U04
829,2015-04-22,U04
830,2015-04-23,U04
831,2015-04-24,U04
832,2015-04-27,U04
833,2015-04-28,D04
834,2015-04-29,T00
835,2015-04-30,D04
836,2015-05-01,D04
837,2015-05-04,U04
838,2015-05-05,U03
839,2015-05-06,D04
840,2015-05-07,D04
841,2015-05-08,U04
842,2015-05-11,U04
843,2015-05-12,T00
844,2015-05-13,D04
845,2015-05-14,U02
846,2015-05-15,U04
847,2015-05-18,T00
848,2015-05-19,U04
849,2015-05-20,T00
850,2015-05-21,T00
851,2015-05-22,U04
852,2015-05-26,T00
853,2015-05-27,D04
854,2015-05-28,U04
855,2015-05-29,T00
856,2015-06-01,D04
857,2015-06-02,U03
858,2015-06-03,T00
859,2015-06-04,U04
860,2015-06-05,D04
861,2015-06-08,U03
862,2015-06-09,D04
863,2015-06-10,T00
864,2015-06-11,U04
865,2015-06-12,U02
866,2015-06-15,D04
867,2015-06-16,D04
868,2015-06-17,U04
869,2015-06-18,U03
870,2015-06-19,U04
871,2015-06-22,D04
872,2015-06-23,U04
873,2015-06-24,U02
874,2015-06-25,D04
875,2015-06-26,T00
876,2015-06-29,D04
877,2015-06-30,D04
878,2015-07-01,U04
879,2015-07-02,U04
880,2015-07-06,T00
881,2015-07-07,D04
882,2015-07-08,U02
883,2015-07-09,D04
884,2015-07-10,U03
885,2015-07-13,U04
886,2015-07-14,U04
887,2015-07-15,U04
888,2015-07-16,T00
889,2015-07-17,U04
890,2015-07-20,U04
891,2015-07-21,U03
892,2015-07-22,T00
893,2015-07-23,D04
894,2015-07-24,D04
895,2015-07-27,D04
896,2015-07-28,D04
897,2015-07-29,U04
898,2015-07-30,U04
899,2015-07-31,U04
900,2015-08-03,T00
901,2015-08-04,T00
902,2015-08-05,T00
903,2015-08-06,U04
904,2015-08-07,D04
905,2015-08-10,T00
906,2015-08-11,U04
907,2015-08-12,D04
908,2015-08-13,U02
909,2015-08-14,T00
910,2015-08-17,U04
911,2015-08-18,U04
912,2015-08-19,D04
913,2015-08-20,D04
914,2015-08-21,D04
915,2015-08-24,D04
916,2015-08-25,D04
917,2015-08-26,D04
918,2015-08-27,U04
919,2015-08-28,U04
920,2015-08-31,U04
921,2015-09-01,D04
922,2015-09-02,D04
923,2015-09-03,U04
924,2015-09-04,D04
925,2015-09-08,D04
926,2015-09-09,U04
927,2015-09-10,D04
928,2015-09-11,U04
929,2015-09-14,U04
930,2015-09-15,D04
931,2015-09-16,U04
932,2015-09-17,U04
933,2015-09-18,U02
934,2015-09-21,D04
935,2015-09-22,U01
936,2015-09-23,D04
937,2015-09-24,T00
938,2015-09-25,D04
939,2015-09-28,D04
940,2015-09-29,D04
941,2015-09-30,D04
942,2015-10-01,U04
943,2015-10-02,U02
944,2015-10-05,U04
945,2015-10-06,U04
946,2015-10-07,D04
947,2015-10-08,U04
948,2015-10-09,U04
949,2015-10-12,U04
950,2015-10-13,U03
951,2015-10-14,D04
952,2015-10-15,D04
953,2015-10-16,U04
954,2015-10-19,U04
955,2015-10-20,U04
956,2015-10-21,D04
957,2015-10-22,D04
958,2015-10-23,U04
959,2015-10-26,U04
960,2015-10-27,U01
961,2015-10-28,T00
962,2015-10-29,U04
963,2015-10-30,D04
964,2015-11-02,D04
965,2015-11-03,U04
966,2015-11-04,U04
967,2015-11-05,T00
968,2015-11-06,D04
969,2015-11-09,U04
970,2015-11-10,D04
971,2015-11-11,T00
972,2015-11-12,D04
973,2015-11-13,D04
974,2015-11-16,D04
975,2015-11-17,U04
976,2015-11-18,T00
977,2015-11-19,U04
978,2015-11-20,T00
979,2015-11-23,U04
980,2015-11-24,T00
981,2015-11-25,T00
982,2015-11-27,U03
983,2015-11-30,U03
984,2015-12-01,D04
985,2015-12-02,U04
986,2015-12-03,D04
987,2015-12-04,D04
988,2015-12-07,U04
989,2015-12-08,D04
990,2015-12-09,T00
991,2015-12-10,D04
992,2015-12-11,U04
993,2015-12-14,D04
994,2015-12-15,U04
995,2015-12-16,U04
996,2015-12-17,U04
997,2015-12-18,D04
998,2015-12-21,D04
999,2015-12-22,U04
1000,2015-12-23,U04
1001,2015-12-24,U04
1002,2015-12-28,U01
1003,2015-12-29,T00
1004,2015-12-30,U04
1005,2015-12-31,D04
1006,2016-01-04,D04
1007,2016-01-05,D04
1008,2016-01-06,T00
1009,2016-01-07,D04
1010,2016-01-08,D04
1011,2016-01-11,D04
1012,2016-01-12,T00
1013,2016-01-13,U04
1014,2016-01-14,D04
1015,2016-01-15,U04
1016,2016-01-19,D04
1017,2016-01-20,T00
1018,2016-01-21,T00
1019,2016-01-22,T00
1020,2016-01-25,U04
1021,2016-01-26,D04
1022,2016-01-27,U04
1023,2016-01-28,D04
1024,2016-01-29,U04
1025,2016-02-01,U04
1026,2016-02-02,U02
1027,2016-02-03,D04
1028,2016-02-04,D04
1029,2016-02-05,U02
1030,2016-02-08,D04
1031,2016-02-09,D04
1032,2016-02-10,D04
1033,2016-02-11,U04
1034,2016-02-12,D04
1035,2016-02-16,U04
1036,2016-02-17,U04
1037,2016-02-18,U04
1038,2016-02-19,D04
1039,2016-02-22,U04
1040,2016-02-23,U04
1041,2016-02-24,D04
1042,2016-02-25,U04
1043,2016-02-26,U04
1044,2016-02-29,U03
1045,2016-03-01,D04
1046,2016-03-02,U04
1047,2016-03-03,U04
1048,2016-03-04,U01
1049,2016-03-07,U03
1050,2016-03-08,T00
1051,2016-03-09,D04
1052,2016-03-10,U04
1053,2016-03-11,T00
1054,2016-03-14,U04
1055,2016-03-15,U01
1056,2016-03-16,D04
1057,2016-03-17,U04
1058,2016-03-18,U03
1059,2016-03-21,U04
1060,2016-03-22,U04
1061,2016-03-23,U03
1062,2016-03-24,D04
1063,2016-03-28,U02
1064,2016-03-29,T00
1065,2016-03-30,U04
1066,2016-03-31,U04
1067,2016-04-01,T00
1068,2016-04-04,U04
1069,2016-04-05,D04
1070,2016-04-06,D04
1071,2016-04-07,U04
1072,2016-04-08,D04
1073,2016-04-11,U01
1074,2016-04-12,D04
1075,2016-04-13,U04
1076,2016-04-14,U04
1077,2016-04-15,T00
1078,2016-04-18,T00
1079,2016-04-19,U04
1080,2016-04-20,D04
1081,2016-04-21,U02
1082,2016-04-22,T00
1083,2016-04-25,D04
1084,2016-04-26,T00
1085,2016-04-27,T00
1086,2016-04-28,D04
1087,2016-04-29,D04
1088,2016-05-02,D04
1089,2016-05-03,U04
1090,2016-05-04,D04
1091,2016-05-05,D04
1092,2016-05-06,T00
1093,2016-05-09,U04
1094,2016-05-10,U04
1095,2016-05-11,U04
1096,2016-05-12,D04
1097,2016-05-13,D04
1098,2016-05-16,D04
1099,2016-05-17,U04
1100,2016-05-18,D04
1101,2016-05-19,U04
1102,2016-05-20,D04
1103,2016-05-23,U04
1104,2016-05-24,T00
1105,2016-05-25,U04
1106,2016-05-26,U04
1107,2016-05-27,U02
1108,2016-05-31,U04
1109,2016-06-01,U04
1110,2016-06-02,U01
1111,2016-06-03,U04
1112,2016-06-06,D04
1113,2016-06-07,U04
1114,2016-06-08,T00
1115,2016-06-09,U03
1116,2016-06-10,D04
1117,2016-06-13,D04
1118,2016-06-14,D04
1119,2016-06-15,T00
1120,2016-06-16,T00
1121,2016-06-17,U03
1122,2016-06-20,D04
1123,2016-06-21,U04
1124,2016-06-22,U02
1125,2016-06-23,T00
1126,2016-06-24,U04
1127,2016-06-27,D04
1128,2016-06-28,D04
1129,2016-06-29,U04
1130,2016-06-30,U04
1131,2016-07-01,U04
1132,2016-07-05,U04
1133,2016-07-06,D04
1134,2016-07-07,U04
1135,2016-07-08,U04
1136,2016-07-11,U04
1137,2016-07-12,U04
1138,2016-07-13,U04
1139,2016-07-14,D04
1140,2016-07-15,U04
1141,2016-07-18,T00
1142,2016-07-19,U04
1143,2016-07-20,D04
1144,2016-07-21,U04
1145,2016-07-22,D04
1146,2016-07-25,U04
1147,2016-07-26,T00
1148,2016-07-27,U03
1149,2016-07-28,U04
1150,2016-07-29,U04
1151,2016-08-01,U02
1152,2016-08-02,U04
1153,2016-08-03,D04
1154,2016-08-04,U04
1155,2016-08-05,U02
1156,2016-08-08,U04
1157,2016-08-09,T00
1158,2016-08-10,U03
1159,2016-08-11,D04
1160,2016-08-12,U04
1161,2016-08-15,U01
1162,2016-08-16,U04
1163,2016-08-17,D04
1164,2016-08-18,T00
1165,2016-08-19,U03
1166,2016-08-22,T00
1167,2016-08-23,U02
1168,2016-08-24,U04
1169,2016-08-25,D04
1170,2016-08-26,T00
1171,2016-08-29,U02
1172,2016-08-30,U03
1173,2016-08-31,T00
1174,2016-09-01,T00
1175,2016-09-02,U03
1176,2016-09-06,U04
1177,2016-09-07,U04
1178,2016-09-08,U02
1179,2016-09-09,D04
1180,2016-09-12,D04
1181,2016-09-13,U04
1182,2016-09-14,D04
1183,2016-09-15,U04
1184,2016-09-16,U04
1185,2016-09-19,T00
1186,2016-09-20,T00
1187,2016-09-21,U02
1188,2016-09-22,U04
1189,2016-09-23,U04
1190,2016-09-26,D04
1191,2016-09-27,D04
1192,2016-09-28,U04
1193,2016-09-29,U03
1194,2016-09-30,D04
1195,2016-10-03,U04
1196,2016-10-04,T00
1197,2016-10-05,T00
1198,2016-10-06,U04
1199,2016-10-07,T00
1200,2016-10-10,T00
1201,2016-10-11,U04
1202,2016-10-12,D04
1203,2016-10-13,T00
1204,2016-10-14,D04
1205,2016-10-17,T00
1206,2016-10-18,D04
1207,2016-10-19,U04
1208,2016-10-20,U01
1209,2016-10-21,T00
1210,2016-10-24,U04
1211,2016-10-25,U04
1212,2016-10-26,D04
1213,2016-10-27,D04
1214,2016-10-28,D04
1215,2016-10-31,D04
1216,2016-11-01,T00
1217,2016-11-02,D04
1218,2016-11-03,D04
1219,2016-11-04,D04
1220,2016-11-07,T00
1221,2016-11-08,U04
1222,2016-11-09,U04
1223,2016-11-10,U04
1224,2016-11-11,D04
1225,2016-11-14,U04
1226,2016-11-15,D04
1227,2016-11-16,U04
1228,2016-11-17,U04
1229,2016-11-18,U04
1230,2016-11-21,T00
1231,2016-11-22,U04
1232,2016-11-23,U04
1233,2016-11-25,T00
1234,2016-11-28,U04
1235,2016-11-29,D04
1236,2016-11-30,U03
1237,2016-12-01,D04
1238,2016-12-02,D04
1239,2016-12-05,U01
1240,2016-12-06,U04
1241,2016-12-07,U04
1242,2016-12-08,U04
1243,2016-12-09,U04
1244,2016-12-12,U04
1245,2016-12-13,D04
1246,2016-12-14,U04
1247,2016-12-15,D04
1248,2016-12-16,U04
1249,2016-12-19,D04
1250,2016-12-20,U04
1251,2016-12-21,U04
1252,2016-12-22,T00
1253,2016-12-23,D04
1254,2016-12-27,U04
1255,2016-12-28,U04
1256,2016-12-29,D04
1257,2016-12-30,T00
1258,2017-01-03,D04
1259,2017-01-04,U04
1260,2017-01-05,U04
1261,2017-01-06,U03
1262,2017-01-09,U04
1263,2017-01-10,U03
1264,2017-01-11,U04
1265,2017-01-12,U03
1266,2017-01-13,D04
1267,2017-01-17,U04
1268,2017-01-18,D04
1269,2017-01-19,U04
1270,2017-01-20,D04
1271,2017-01-23,U04
1272,2017-01-24,T00
1273,2017-01-25,U04
1274,2017-01-26,U04
1275,2017-01-27,T00
1276,2017-01-30,U02
1277,2017-01-31,D04
1278,2017-02-01,T00
1279,2017-02-02,U04
1280,2017-02-03,T00
1281,2017-02-06,U04
1282,2017-02-07,T00
1283,2017-02-08,U03
1284,2017-02-09,U02
1285,2017-02-10,U04
1286,2017-02-13,U04
1287,2017-02-14,U04
1288,2017-02-15,U04
1289,2017-02-16,U04
1290,2017-02-17,T00
1291,2017-02-21,U04
1292,2017-02-22,U04
1293,2017-02-23,T00
1294,2017-02-24,D04
1295,2017-02-27,U03
1296,2017-02-28,U04
1297,2017-03-01,D04
1298,2017-03-02,U04
1299,2017-03-03,D04
1300,2017-03-06,U02
1301,2017-03-07,D04
1302,2017-03-08,T00
1303,2017-03-09,U01
1304,2017-03-10,T00
1305,2017-03-13,U04
1306,2017-03-14,U03
1307,2017-03-15,D04
1308,2017-03-16,U04
1309,2017-03-17,T00
1310,2017-03-20,T00
1311,2017-03-21,T00
1312,2017-03-22,D04
1313,2017-03-23,U04
1314,2017-03-24,T00
1315,2017-03-27,U03
1316,2017-03-28,U03
1317,2017-03-29,U04
1318,2017-03-30,U04
1319,2017-03-31,U04
1320,2017-04-03,T00
1321,2017-04-04,D04
1322,2017-04-05,U01
1323,2017-04-06,D04
1324,2017-04-07,U03
1325,2017-04-10,T00
1326,2017-04-11,U01
1327,2017-04-12,T00
1328,2017-04-13,D04
1329,2017-04-17,D04
1330,2017-04-18,U04
1331,2017-04-19,T00
1332,2017-04-20,U03
1333,2017-04-21,U04
1334,2017-04-24,T00
1335,2017-04-25,U04
1336,2017-04-26,U04
1337,2017-04-27,T00
1338,2017-04-28,U04
1339,2017-05-01,T00
1340,2017-05-02,U04
1341,2017-05-03,U01
1342,2017-05-04,D04
1343,2017-05-05,U01
1344,2017-05-08,U04
1345,2017-05-09,T00
1346,2017-05-10,U04
1347,2017-05-11,U02
1348,2017-05-12,T00
1349,2017-05-15,U01
1350,2017-05-16,U04
1351,2017-05-17,U04
1352,2017-05-18,D04
1353,2017-05-19,U04
1354,2017-05-22,U04
1355,2017-05-23,U04
1356,2017-05-24,U01
1357,2017-05-25,U04
1358,2017-05-26,U04
1359,2017-05-30,U01
1360,2017-05-31,T00
1361,2017-06-01,T00
1362,2017-06-02,U04
1363,2017-06-05,U04
1364,2017-06-06,T00
1365,2017-06-07,D04
1366,2017-06-08,U04
1367,2017-06-09,U04
1368,2017-06-12,D04
1369,2017-06-13,D04
1370,2017-06-14,U04
1371,2017-06-15,D04
1372,2017-06-16,D04
1373,2017-06-19,T00
1374,2017-06-20,U04
1375,2017-06-21,D04
1376,2017-06-22,U04
1377,2017-06-23,U01
1378,2017-06-26,U04
1379,2017-06-27,D04
1380,2017-06-28,D04
1381,2017-06-29,U04
1382,2017-06-30,D04
1383,2017-07-03,T00
1384,2017-07-05,D04
1385,2017-07-06,U04
1386,2017-07-07,D04
1387,2017-07-10,U04
1388,2017-07-11,U04
1389,2017-07-12,U03
1390,2017-07-13,U04
1391,2017-07-14,U03
1392,2017-07-17,U04
1393,2017-07-18,T00
1394,2017-07-19,U04
1395,2017-07-20,U04
1396,2017-07-21,U01
1397,2017-07-24,T00
1398,2017-07-25,U04
1399,2017-07-26,T00
1400,2017-07-27,U02
1401,2017-07-28,D04
1402,2017-07-31,T00
1403,2017-08-01,D04
1404,2017-08-02,U03
1405,2017-08-03,T00
1406,2017-08-04,D04
1407,2017-08-07,U03
1408,2017-08-08,U04
1409,2017-08-09,T00
1410,2017-08-10,D04
1411,2017-08-11,D04
1412,2017-08-14,U04
1413,2017-08-15,U04
1414,2017-08-16,T00
1415,2017-08-17,U03
1416,2017-08-18,D04
1417,2017-08-21,T00
1418,2017-08-22,T00
1419,2017-08-23,U04
1420,2017-08-24,D04
1421,2017-08-25,T00
1422,2017-08-28,T00
1423,2017-08-29,U04
1424,2017-08-30,U04
1425,2017-08-31,U04
1426,2017-09-01,U04
1427,2017-09-05,U02
1428,2017-09-06,D04
1429,2017-09-07,U04
1430,2017-09-08,U01
1431,2017-09-11,D04
1432,2017-09-12,U04
1433,2017-09-13,U04
1434,2017-09-14,U01
1435,2017-09-15,D04
1436,2017-09-18,U04
1437,2017-09-19,U02
1438,2017-09-20,U02
1439,2017-09-21,T00
1440,2017-09-22,D04
1441,2017-09-25,U01
1442,2017-09-26,D04
1443,2017-09-27,U02
1444,2017-09-28,U04
1445,2017-09-29,T00
1446,2017-10-02,U04
1447,2017-10-03,U04
1448,2017-10-04,U03
1449,2017-10-05,U01
1450,2017-10-06,U04
1451,2017-10-09,U01
1452,2017-10-10,T00
1453,2017-10-11,U02
1454,2017-10-12,U03
1455,2017-10-13,T00
1456,2017-10-16,U03
1457,2017-10-17,U04
1458,2017-10-18,T00
1459,2017-10-19,T00
1460,2017-10-20,D04
1461,2017-10-23,U04
1462,2017-10-24,D04
1463,2017-10-25,U03
1464,2017-10-26,D04
1465,2017-10-27,T00
1466,2017-10-30,U04
1467,2017-10-31,T00
1468,2017-11-01,U04
1469,2017-11-02,T00
1470,2017-11-03,T00
1471,2017-11-06,U04
1472,2017-11-07,U04
1473,2017-11-08,T00
1474,2017-11-09,U04
1475,2017-11-10,D04
1476,2017-11-13,T00
1477,2017-11-14,U02
1478,2017-11-15,D04
1479,2017-11-16,D04
1480,2017-11-17,U04
1481,2017-11-20,T00
1482,2017-11-21,U02
1483,2017-11-22,U04
1484,2017-11-24,U01
1485,2017-11-27,U04
1486,2017-11-28,T00
1487,2017-11-29,U04
1488,2017-11-30,D04
1489,2017-12-01,U04
1490,2017-12-04,D04
1491,2017-12-05,D04
1492,2017-12-06,T00
1493,2017-12-07,U03
1494,2017-12-08,U04
1495,2017-12-11,U04
1496,2017-12-12,U04
1497,2017-12-13,T00
1498,2017-12-14,U03
1499,2017-12-15,D04
1500,2017-12-18,U04
1501,2017-12-19,U04
1502,2017-12-20,D04
1503,2017-12-21,T00
1504,2017-12-22,U01
1505,2017-12-26,T00
1506,2017-12-27,D04
1507,2017-12-28,U01
1508,2017-12-29,U02
1509,2018-01-02,D04
1510,2018-01-03,U04
1511,2018-01-04,U04
1512,2018-01-05,U03
1513,2018-01-08,U04
1514,2018-01-09,U04
1515,2018-01-10,U01
1516,2018-01-11,T00
1517,2018-01-12,U04
1518,2018-01-16,U04
1519,2018-01-17,D04
1520,2018-01-18,U04
1521,2018-01-19,T00
1522,2018-01-22,U04
1523,2018-01-23,U04
1524,2018-01-24,U04
1525,2018-01-25,D04
1526,2018-01-26,T00
1527,2018-01-29,U04
1528,2018-01-30,D04
1529,2018-01-31,D04
1530,2018-02-01,U02
1531,2018-02-02,D04
1532,2018-02-05,D04
1533,2018-02-06,D04
1534,2018-02-07,U04
1535,2018-02-08,D04
1536,2018-02-09,D04
1537,2018-02-12,U04
1538,2018-02-13,U04
1539,2018-02-14,U04
1540,2018-02-15,U04
1541,2018-02-16,U04
1542,2018-02-20,T00
1543,2018-02-21,T00
1544,2018-02-22,T00
1545,2018-02-23,T00
1546,2018-02-26,U04
1547,2018-02-27,U04
1548,2018-02-28,D04
1549,2018-03-01,D04
1550,2018-03-02,D04
1551,2018-03-05,U04
1552,2018-03-06,U04
1553,2018-03-07,U04
1554,2018-03-08,U04
1555,2018-03-09,U04
1556,2018-03-12,U04
1557,2018-03-13,U04
1558,2018-03-14,D04
1559,2018-03-15,T00
1560,2018-03-16,T00
1561,2018-03-19,T00
1562,2018-03-20,D04
1563,2018-03-21,U03
1564,2018-03-22,T00
1565,2018-03-23,D04
1566,2018-03-26,D04
1567,2018-03-27,U04
1568,2018-03-28,D04
1569,2018-03-29,D04
1570,2018-04-02,U04
1571,2018-04-03,D04
1572,2018-04-04,U04
1573,2018-04-05,U04
1574,2018-04-06,U04
1575,2018-04-09,D04
1576,2018-04-10,U04
1577,2018-04-11,U04
1578,2018-04-12,D04
1579,2018-04-13,U04
1580,2018-04-16,D04
1581,2018-04-17,U04
1582,2018-04-18,U04
1583,2018-04-19,U03
1584,2018-04-20,D04
1585,2018-04-23,D04
1586,2018-04-24,T00
1587,2018-04-25,D04
1588,2018-04-26,T00
1589,2018-04-27,U04
1590,2018-04-30,T00
1591,2018-05-01,D04
1592,2018-05-02,U04
1593,2018-05-03,D04
1594,2018-05-04,T00
1595,2018-05-07,U04
1596,2018-05-08,U04
1597,2018-05-09,T00
1598,2018-05-10,U04
1599,2018-05-11,U04
1600,2018-05-14,T00
1601,2018-05-15,U02
1602,2018-05-16,D04
1603,2018-05-17,U04
1604,2018-05-18,T00
1605,2018-05-21,D04
1606,2018-05-22,U04
1607,2018-05-23,T00
1608,2018-05-24,U04
1609,2018-05-25,T00
1610,2018-05-29,U02
1611,2018-05-30,D04
1612,2018-05-31,U04
1613,2018-06-01,T00
1614,2018-06-04,U04
1615,2018-06-05,U04
1616,2018-06-06,U04
1617,2018-06-07,U04
1618,2018-06-08,D04
1619,2018-06-11,U02
1620,2018-06-12,U03
1621,2018-06-13,U04
1622,2018-06-14,T00
1623,2018-06-15,U04
1624,2018-06-18,T00
1625,2018-06-19,T00
1626,2018-06-20,D04
1627,2018-06-21,U04
1628,2018-06-22,D04
1629,2018-06-25,T00
1630,2018-06-26,D04
1631,2018-06-27,U04
1632,2018-06-28,D04
1633,2018-06-29,U04
1634,2018-07-02,U01
1635,2018-07-03,U04
1636,2018-07-05,D04
1637,2018-07-06,U04
1638,2018-07-09,U04
1639,2018-07-10,U04
1640,2018-07-11,U01
1641,2018-07-12,D04
1642,2018-07-13,U04
1643,2018-07-16,T00
1644,2018-07-17,T00
1645,2018-07-18,U04
1646,2018-07-19,T00
1647,2018-07-20,D04
1648,2018-07-23,T00
1649,2018-07-24,U04
1650,2018-07-25,T00
1651,2018-07-26,U04
1652,2018-07-27,D04
1653,2018-07-30,D04
1654,2018-07-31,D04
1655,2018-08-01,U04
1656,2018-08-02,U04
1657,2018-08-03,U04
1658,2018-08-06,U02
1659,2018-08-07,U04
1660,2018-08-08,U04
1661,2018-08-09,U01
1662,2018-08-10,U01
1663,2018-08-13,D04
1664,2018-08-14,T00
1665,2018-08-15,U04
1666,2018-08-16,D04
1667,2018-08-17,U04
1668,2018-08-20,U02
1669,2018-08-21,U01
1670,2018-08-22,U04
1671,2018-08-23,U04
1672,2018-08-24,T00
1673,2018-08-27,U04
1674,2018-08-28,U04
1675,2018-08-29,U02
1676,2018-08-30,U04
1677,2018-08-31,T00
1678,2018-09-04,U03
1679,2018-09-05,T00
1680,2018-09-06,D04
1681,2018-09-07,D04
1682,2018-09-10,T00
1683,2018-09-11,U03
1684,2018-09-12,U04
1685,2018-09-13,T00
1686,2018-09-14,U04
1687,2018-09-17,T00
1688,2018-09-18,D04
1689,2018-09-19,U04
1690,2018-09-20,T00
1691,2018-09-21,U04
1692,2018-09-24,D04
1693,2018-09-25,U01
1694,2018-09-26,U03
1695,2018-09-27,T00
1696,2018-09-28,U04
1697,2018-10-01,U01
1698,2018-10-02,T00
1699,2018-10-03,D04
1700,2018-10-04,U04
1701,2018-10-05,D04
1702,2018-10-08,D04
1703,2018-10-09,D04
1704,2018-10-10,T00
1705,2018-10-11,D04
1706,2018-10-12,D04
1707,2018-10-15,U04
1708,2018-10-16,D04
1709,2018-10-17,U04
1710,2018-10-18,T00
1711,2018-10-19,D04
1712,2018-10-22,D04
1713,2018-10-23,U03
1714,2018-10-24,D04
1715,2018-10-25,D04
1716,2018-10-26,U04
1717,2018-10-29,D04
1718,2018-10-30,D04
1719,2018-10-31,U04
1720,2018-11-01,U04
1721,2018-11-02,U04
1722,2018-11-05,D04
1723,2018-11-06,D04
1724,2018-11-07,U04
1725,2018-11-08,U04
1726,2018-11-09,D04
1727,2018-11-12,D04
1728,2018-11-13,D04
1729,2018-11-14,T00
1730,2018-11-15,D04
1731,2018-11-16,U04
1732,2018-11-19,T00
1733,2018-11-20,D04
1734,2018-11-21,D04
1735,2018-11-23,U04
1736,2018-11-26,D04
1737,2018-11-27,U04
1738,2018-11-28,T00
1739,2018-11-29,U04
1740,2018-11-30,T00
1741,2018-12-03,U04
1742,2018-12-04,U04
1743,2018-12-06,D04
1744,2018-12-07,U04
1745,2018-12-10,D04
1746,2018-12-11,U04
1747,2018-12-12,U02
1748,2018-12-13,U04
1749,2018-12-14,D04
1750,2018-12-17,D04
1751,2018-12-18,D04
1752,2018-12-19,U04
1753,2018-12-20,D04
1754,2018-12-21,D04
1755,2018-12-24,D04
1756,2018-12-26,D04
1757,2018-12-27,U04
1758,2018-12-28,U04
1759,2018-12-31,U01
1760,2019-01-02,U04
1761,2019-01-03,U04
1762,2019-01-04,D04
1763,2019-01-07,U04
1764,2019-01-08,U04
1765,2019-01-09,U04
1766,2019-01-10,U04
1767,2019-01-11,U04
1768,2019-01-14,T00
1769,2019-01-15,D04
1770,2019-01-16,U04
1771,2019-01-17,U02
1772,2019-01-18,U04
1773,2019-01-22,U04
1774,2019-01-23,D04
1775,2019-01-24,U01
1776,2019-01-25,U04
1777,2019-01-28,U04
1778,2019-01-29,D04
1779,2019-01-30,D04
1780,2019-01-31,U04
1781,2019-02-01,U04
1782,2019-02-04,T00
1783,2019-02-05,U04
1784,2019-02-06,U04
1785,2019-02-07,D04
1786,2019-02-08,D04
1787,2019-02-11,U02
1788,2019-02-12,U02
1789,2019-02-13,U04
1790,2019-02-14,U01
1791,2019-02-15,U01
1792,2019-02-19,U04
1793,2019-02-20,U03
1794,2019-02-21,T00
1795,2019-02-22,D04
1796,2019-02-25,U04
1797,2019-02-26,U04
1798,2019-02-27,T00
1799,2019-02-28,U01
1800,2019-03-01,D04
1801,2019-03-04,U04
1802,2019-03-05,T00
1803,2019-03-06,T00
1804,2019-03-07,D04
1805,2019-03-08,D04
1806,2019-03-11,T00
1807,2019-03-12,U04
1808,2019-03-13,U04
1809,2019-03-14,U04
1810,2019-03-15,T00
1811,2019-03-18,U04
1812,2019-03-19,U04
1813,2019-03-20,U02
1814,2019-03-21,U01
1815,2019-03-22,U04
1816,2019-03-25,D04
1817,2019-03-26,T00
1818,2019-03-27,U04
1819,2019-03-28,D04
1820,2019-03-29,U04
1821,2019-04-01,U04
1822,2019-04-02,U04
1823,2019-04-03,U03
1824,2019-04-04,U04
1825,2019-04-05,T00
1826,2019-04-08,U04
1827,2019-04-09,U03
1828,2019-04-10,D04
1829,2019-04-11,U04
1830,2019-04-12,T00
1831,2019-04-15,U04
1832,2019-04-16,T00
1833,2019-04-17,U04
1834,2019-04-18,T00
1835,2019-04-22,T00
1836,2019-04-23,U03
1837,2019-04-24,U04
1838,2019-04-25,T00
1839,2019-04-26,U03
1840,2019-04-29,U04
1841,2019-04-30,U03
1842,2019-05-01,D04
1843,2019-05-02,D04
1844,2019-05-03,T00
1845,2019-05-06,U04
1846,2019-05-07,D04
1847,2019-05-08,D04
1848,2019-05-09,T00
1849,2019-05-10,D04
1850,2019-05-13,U01
1851,2019-05-14,D04
1852,2019-05-15,U04
1853,2019-05-16,U04
1854,2019-05-17,U04
1855,2019-05-20,D04
1856,2019-05-21,D04
1857,2019-05-22,U04
1858,2019-05-23,D04
1859,2019-05-24,D04
1860,2019-05-28,U02
1861,2019-05-29,D04
1862,2019-05-30,D04
1863,2019-05-31,U03
1864,2019-06-03,D04
1865,2019-06-04,D04
1866,2019-06-05,U04
1867,2019-06-06,U04
1868,2019-06-07,U04
1869,2019-06-10,U04
1870,2019-06-11,U04
1871,2019-06-12,T00
1872,2019-06-13,D04
1873,2019-06-14,U04
1874,2019-06-17,D04
1875,2019-06-18,U04
1876,2019-06-19,U04
1877,2019-06-20,U04
1878,2019-06-21,U04
1879,2019-06-24,T00
1880,2019-06-25,D04
1881,2019-06-26,D04
1882,2019-06-27,U04
1883,2019-06-28,U04
1884,2019-07-01,U04
1885,2019-07-02,U04
1886,2019-07-03,U03
1887,2019-07-05,U04
1888,2019-07-08,T00
1889,2019-07-09,D04
1890,2019-07-10,U04
1891,2019-07-11,U04
1892,2019-07-12,T00
1893,2019-07-15,U04
1894,2019-07-16,U03
1895,2019-07-17,D04
1896,2019-07-18,D04
1897,2019-07-19,U03
1898,2019-07-22,D04
1899,2019-07-23,U04
1900,2019-07-24,U04
1901,2019-07-25,U04
1902,2019-07-26,D04
1903,2019-07-29,U04
1904,2019-07-30,D04
1905,2019-07-31,T00
1906,2019-08-01,D04
1907,2019-08-02,D04
1908,2019-08-05,D04
1909,2019-08-06,D04
1910,2019-08-07,U04
1911,2019-08-08,U04
1912,2019-08-09,U04
1913,2019-08-12,D04
1914,2019-08-13,D04
1915,2019-08-14,U04
1916,2019-08-15,D04
1917,2019-08-16,T00
1918,2019-08-19,U04
1919,2019-08-20,U04
1920,2019-08-21,D04
1921,2019-08-22,U04
1922,2019-08-23,D04
1923,2019-08-26,D04
1924,2019-08-27,U04
1925,2019-08-28,D04
1926,2019-08-29,U04
1927,2019-08-30,U04
1928,2019-09-03,T00
1929,2019-09-04,D04
1930,2019-09-05,U04
1931,2019-09-06,U04
1932,2019-09-09,T00
1933,2019-09-10,T00
1934,2019-09-11,T00
1935,2019-09-12,U04
1936,2019-09-13,U04
1937,2019-09-16,T00
1938,2019-09-17,D04
1939,2019-09-18,U04
1940,2019-09-19,T00
1941,2019-09-20,U01
1942,2019-09-23,D04
1943,2019-09-24,T00
1944,2019-09-25,D04
1945,2019-09-26,U04
1946,2019-09-27,D04
1947,2019-09-30,D04
1948,2019-10-01,U04
1949,2019-10-02,D04
1950,2019-10-03,D04
1951,2019-10-04,U04
1952,2019-10-07,U04
1953,2019-10-08,D04
1954,2019-10-09,D04
1955,2019-10-10,U04
1956,2019-10-11,U04
1957,2019-10-14,U04
1958,2019-10-15,T00
1959,2019-10-16,U04
1960,2019-10-17,D04
1961,2019-10-18,U04
1962,2019-10-21,D04
1963,2019-10-22,U04
1964,2019-10-23,D04
1965,2019-10-24,U03
1966,2019-10-25,U04
1967,2019-10-28,U04
1968,2019-10-29,U04
1969,2019-10-30,D04
1970,2019-10-31,U04
1971,2019-11-01,T00
1972,2019-11-04,U04
1973,2019-11-05,U04
1974,2019-11-06,T00
1975,2019-11-07,D04
1976,2019-11-08,U04
1977,2019-11-11,U04
1978,2019-11-12,T00
1979,2019-11-13,U03
1980,2019-11-14,T00
1981,2019-11-15,T00
1982,2019-11-18,U04
1983,2019-11-19,U02
1984,2019-11-20,U03
1985,2019-11-21,D04
1986,2019-11-22,T00
1987,2019-11-25,U02
1988,2019-11-26,U04
1989,2019-11-27,U03
1990,2019-11-29,U04
1991,2019-12-02,D04
1992,2019-12-03,D04
1993,2019-12-04,D04
1994,2019-12-05,U04
1995,2019-12-06,U01
1996,2019-12-09,U04
1997,2019-12-10,D04
1998,2019-12-11,T00
1999,2019-12-12,U04
2000,2019-12-13,U04
2001,2019-12-16,U03
2002,2019-12-17,U04
2003,2019-12-18,U02
2004,2019-12-19,U01
2005,2019-12-20,U04
2006,2019-12-23,U04
2007,2019-12-24,U03
2008,2019-12-26,U01
2009,2019-12-27,U04
2010,2019-12-30,T00
2011,2019-12-31,D04
2012,2020-01-02,U04
2013,2020-01-03,U04
2014,2020-01-06,D04
2015,2020-01-07,U04
2016,2020-01-08,T00
2017,2020-01-09,U04
2018,2020-01-10,U04
2019,2020-01-13,T00
2020,2020-01-14,U04
2021,2020-01-15,T00
2022,2020-01-16,U01
2023,2020-01-17,U04
2024,2020-01-21,U04
2025,2020-01-22,T00
2026,2020-01-23,U02
2027,2020-01-24,U03
2028,2020-01-27,D04
2029,2020-01-28,D04
2030,2020-01-29,U04
2031,2020-01-30,U01
2032,2020-01-31,U03
2033,2020-02-03,D04
2034,2020-02-04,U04
2035,2020-02-05,U04
2036,2020-02-06,U04
2037,2020-02-07,U04
2038,2020-02-10,D04
2039,2020-02-11,U04
2040,2020-02-12,U02
2041,2020-02-13,U04
2042,2020-02-14,T00
2043,2020-02-18,U03
2044,2020-02-19,T00
2045,2020-02-20,U04
2046,2020-02-21,D04
2047,2020-02-24,D04
2048,2020-02-25,D04
2049,2020-02-26,D04
2050,2020-02-27,U03
2051,2020-02-28,D04
2052,2020-03-02,T00
2053,2020-03-03,U04
2054,2020-03-04,D04
2055,2020-03-05,U04
2056,2020-03-06,D04
2057,2020-03-09,D04
2058,2020-03-10,D04
2059,2020-03-11,U04
2060,2020-03-12,D04
2061,2020-03-13,D04
2062,2020-03-16,U04
2063,2020-03-17,D04
2064,2020-03-18,U04
2065,2020-03-19,D04
2066,2020-03-20,U04
2067,2020-03-23,D04
2068,2020-03-24,T00
2069,2020-03-25,U04
2070,2020-03-26,D04
2071,2020-03-27,U04
2072,2020-03-30,D04
2073,2020-03-31,U04
2074,2020-04-01,D04
2075,2020-04-02,D04
2076,2020-04-03,U04
2077,2020-04-06,D04
2078,2020-04-07,U04
2079,2020-04-08,D04
2080,2020-04-09,U04
2081,2020-04-13,U04
2082,2020-04-14,U04
2083,2020-04-15,U04
2084,2020-04-16,D04
2085,2020-04-17,U04
2086,2020-04-20,U04
2087,2020-04-21,D04
2088,2020-04-22,D04
2089,2020-04-23,U04
2090,2020-04-24,T00
2091,2020-04-27,U04
2092,2020-04-28,U04
2093,2020-04-29,D04
2094,2020-04-30,U04
2095,2020-05-01,D04
2096,2020-05-04,D04
2097,2020-05-05,U04
2098,2020-05-06,U04
2099,2020-05-07,U04
2100,2020-05-08,U04
2101,2020-05-11,U04
2102,2020-05-12,U04
2103,2020-05-13,D04
2104,2020-05-14,D04
2105,2020-05-15,U04
2106,2020-05-18,U04
2107,2020-05-19,U04
2108,2020-05-20,D04
2109,2020-05-21,U04
2110,2020-05-22,D04
2111,2020-05-26,U04
2112,2020-05-27,U03
2113,2020-05-28,U04
2114,2020-05-29,D04
2115,2020-06-01,U04
2116,2020-06-02,U04
2117,2020-06-03,U04
2118,2020-06-04,U04
2119,2020-06-05,D04
2120,2020-06-08,U04
2121,2020-06-09,U04
2122,2020-06-10,U04
2123,2020-06-11,U04
2124,2020-06-12,D04
2125,2020-06-15,U04
2126,2020-06-16,U04
2127,2020-06-17,U04
2128,2020-06-18,U02
2129,2020-06-19,U04
2130,2020-06-22,T00
2131,2020-06-23,U04
2132,2020-06-24,U04
2133,2020-06-25,D04
2134,2020-06-26,U04
2135,2020-06-29,D04
2136,2020-06-30,U04
2137,2020-07-01,U04
2138,2020-07-02,U04
2139,2020-07-06,U04
2140,2020-07-07,U04
2141,2020-07-08,D04
2142,2020-07-09,U04
2143,2020-07-10,U04
2144,2020-07-13,U04
2145,2020-07-14,D04
2146,2020-07-15,U04
2147,2020-07-16,U04
2148,2020-07-17,D04
2149,2020-07-20,U04
2150,2020-07-21,U04
2151,2020-07-22,D04
2152,2020-07-23,U03
2153,2020-07-24,D04
2154,2020-07-27,D04
2155,2020-07-28,U04
2156,2020-07-29,D04
2157,2020-07-30,U04
2158,2020-07-31,U04
2159,2020-08-03,U04
2160,2020-08-04,U04
2161,2020-08-05,U04
2162,2020-08-06,U04
2163,2020-08-07,U04
2164,2020-08-10,D04
2165,2020-08-11,D04
2166,2020-08-12,D04
2167,2020-08-13,U04
2168,2020-08-14,U03
2169,2020-08-17,T00
2170,2020-08-18,U04
2171,2020-08-19,U04
2172,2020-08-20,D04
2173,2020-08-21,U04
2174,2020-08-24,U04
2175,2020-08-25,U04
2176,2020-08-26,U04
2177,2020-08-27,U04
2178,2020-08-28,D04
2179,2020-08-31,U04
2180,2020-09-01,U04
2181,2020-09-02,U04
2182,2020-09-03,U04
2183,2020-09-04,D04
2184,2020-09-08,D04
2185,2020-09-09,D04
2186,2020-09-10,U04
2187,2020-09-11,D04
2188,2020-09-14,D04
2189,2020-09-15,U04
2190,2020-09-16,U04
2191,2020-09-17,D04
2192,2020-09-18,D04
2193,2020-09-21,D04
2194,2020-09-22,T00
2195,2020-09-23,U04
2196,2020-09-24,D04
2197,2020-09-25,U04
2198,2020-09-28,U04
2199,2020-09-29,U04
2200,2020-09-30,D04
2201,2020-10-01,U04
2202,2020-10-02,U04
2203,2020-10-05,D04
2204,2020-10-06,U04
2205,2020-10-07,D04
2206,2020-10-08,U04
2207,2020-10-09,U04
2208,2020-10-12,U04
2209,2020-10-13,U04
2210,2020-10-14,T00
2211,2020-10-15,D04
2212,2020-10-16,D04
2213,2020-10-19,D04
2214,2020-10-20,D04
2215,2020-10-21,U04
2216,2020-10-22,D04
2217,2020-10-23,U03
