날짜,시가,고가,저가,종가,거래량
2012-01-02,4260,4295,4040,4180,793196
2012-01-03,4190,4265,4115,4180,349213
2012-01-04,4145,4245,4005,4010,541910
2012-01-05,4015,4075,3915,3915,636894
2012-01-06,4110,4250,3905,3910,1422797
2012-01-09,3930,3930,3700,3710,735355
2012-01-10,3710,3785,3675,3720,525352
2012-01-11,3765,3765,3560,3620,964257
2012-01-12,3600,3650,3485,3500,695611
2012-01-13,3485,3530,3445,3460,533154
2012-01-16,3470,3625,3460,3520,663756
2012-01-17,3540,3540,3395,3435,707965
2012-01-18,3460,3470,3370,3395,506151
2012-01-19,3415,3575,3410,3575,757060
2012-01-20,3550,3690,3545,3615,979130
2012-01-25,3650,3655,3435,3435,845568
2012-01-26,3425,3445,3315,3360,982874
2012-01-27,3355,3425,3295,3390,646581
2012-01-30,3390,3495,3385,3460,438676
2012-01-31,3470,3565,3465,3560,524737
2012-02-01,3580,3610,3485,3500,758629
2012-02-02,3510,3620,3480,3615,536210
2012-02-03,3660,3675,3540,3610,568060
2012-02-06,3610,3630,3460,3460,422002
2012-02-07,3435,3510,3370,3475,516200
2012-02-08,3550,3565,3450,3450,395270
2012-02-09,3545,3655,3510,3570,1055446
2012-02-10,3710,3760,3595,3595,1269921
2012-02-13,3605,3680,3605,3660,532155
2012-02-14,3660,3685,3570,3600,321322
2012-02-15,3585,3635,3470,3490,603106
2012-02-16,3500,3500,3355,3390,758339
2012-02-17,3405,3500,3365,3445,770793
2012-02-20,3480,3500,3435,3455,258544
2012-02-21,3460,3480,3400,3430,179890
2012-02-22,3440,3510,3410,3415,314415
2012-02-23,3415,3455,3320,3325,456810
2012-02-24,3335,3380,3285,3310,403843
2012-02-27,3300,3320,3195,3240,700877
2012-02-28,3205,3295,3200,3240,270946
2012-02-29,3260,3450,3250,3430,607090
2012-03-02,3485,3610,3475,3510,932967
2012-03-05,3535,3540,3365,3365,440027
2012-03-06,3365,3370,3220,3260,542550
2012-03-07,3180,3355,3180,3305,363189
2012-03-08,3320,3330,3250,3260,337406
2012-03-09,3270,3330,3250,3270,297772
2012-03-12,3280,3300,3140,3140,498420
2012-03-13,3160,3255,3120,3230,327908
2012-03-14,3250,3395,3215,3350,603623
2012-03-15,3360,3450,3305,3420,433425
2012-03-16,3445,3490,3390,3450,525891
2012-03-19,3495,3550,3455,3525,598596
2012-03-20,3550,3565,3505,3530,480407
2012-03-21,3530,3570,3480,3525,374929
2012-03-22,3530,3530,3395,3425,432440
2012-03-23,3380,3430,3365,3425,281615
2012-03-26,3450,3460,3350,3355,283488
2012-03-27,3360,3415,3310,3410,220056
2012-03-28,3400,3500,3400,3470,240643
2012-03-29,3480,3625,3440,3620,691021
2012-03-30,3630,3640,3570,3620,364381
2012-04-02,3630,3650,3580,3620,390375
2012-04-03,3620,3625,3505,3510,452162
2012-04-04,3505,3645,3310,3610,711223
2012-04-05,3625,3635,3540,3610,415261
2012-04-06,3610,3660,3510,3560,407627
2012-04-09,3530,3555,3310,3310,677710
2012-04-10,3280,3375,3150,3210,782879
2012-04-12,3210,3215,3005,3050,898501
2012-04-13,3030,3110,3020,3110,815560
2012-04-16,3075,3095,2985,2995,605124
2012-04-17,3015,3020,2875,2900,709213
2012-04-18,2940,2950,2855,2915,665539
2012-04-19,2920,2960,2910,2945,253722
2012-04-20,2925,3050,2925,3015,519291
2012-04-23,3025,3045,2980,3010,272050
2012-04-24,2930,2985,2915,2915,265827
2012-04-25,2945,3020,2925,3000,223428
2012-04-26,2975,3065,2960,3025,297994
2012-04-27,3050,3050,2980,3000,133135
2012-04-30,3010,3045,2925,2960,143066
2012-05-02,2945,3005,2945,2985,112162
2012-05-03,2990,3015,2975,3000,100920
2012-05-04,3000,3045,2985,3020,138639
2012-05-07,2990,3010,2985,3000,92294
2012-05-08,3005,3090,3005,3080,174416
2012-05-09,3115,3275,3100,3275,525444
2012-05-10,3235,3315,3235,3300,324105
2012-05-11,3300,3345,3260,3295,203817
2012-05-14,3275,3290,3180,3230,151555
2012-05-15,3160,3250,3150,3225,122411
2012-05-16,3220,3255,3095,3140,141234
2012-05-17,3170,3275,3140,3215,147250
2012-05-18,3205,3220,3115,3115,163850
2012-05-21,3065,3135,3065,3110,143518
2012-05-22,3145,3305,3145,3300,386447
2012-05-23,3320,3535,3320,3535,1064062
2012-05-24,3570,3860,3565,3790,2705078
2012-05-25,3850,3900,3650,3765,1289460
2012-05-29,3765,3900,3720,3900,670876
2012-05-30,3890,3890,3730,3860,611305
2012-05-31,3760,3870,3705,3870,896812
2012-06-01,3870,3875,3740,3740,359494
2012-06-04,3600,3600,3355,3360,1211045
2012-06-05,3415,3550,3345,3550,1360809
2012-06-07,3635,3810,3600,3750,1248456
2012-06-08,3730,3975,3690,3895,1195583
2012-06-11,3930,3945,3810,3855,627374
2012-06-12,3810,3920,3800,3830,387849
2012-06-13,3860,3880,3710,3860,527558
2012-06-14,3885,3885,3770,3830,231644
2012-06-15,3810,3900,3745,3900,491774
2012-06-18,4000,4120,3775,3900,1079248
2012-06-19,3900,3910,3795,3905,544302
2012-06-20,3900,3975,3810,3850,748194
2012-06-21,3810,3950,3720,3950,698942
2012-06-22,3855,3950,3845,3950,349723
2012-06-25,3950,3955,3870,3930,202706
2012-06-26,3940,4080,3890,3960,600361
2012-06-27,3995,3995,3885,3950,515786
2012-06-28,3960,4010,3900,4000,972403
2012-06-29,4000,4170,3970,4160,1173660
2012-07-02,4185,4185,4065,4110,401330
2012-07-03,4100,4150,4020,4020,348259
2012-07-04,4020,4140,3930,4140,590344
2012-07-05,4140,4150,4045,4135,221370
2012-07-06,4135,4135,4020,4135,333970
2012-07-09,4085,4120,4035,4100,222550
2012-07-10,4075,4100,4030,4100,170403
2012-07-11,4120,4180,4040,4150,428541
2012-07-12,4165,4190,4090,4190,394654
2012-07-13,4110,4300,4110,4300,519376
2012-07-16,4345,4350,4250,4350,398385
2012-07-17,4325,4420,4290,4400,545195
2012-07-18,4360,4425,4280,4325,247182
2012-07-19,4330,4450,4330,4450,433530
2012-07-20,4475,4475,4390,4450,263262
2012-07-23,4400,4455,4385,4450,356436
2012-07-24,4500,4500,4395,4450,400810
2012-07-25,4400,4425,4350,4425,197858
2012-07-26,4425,4445,4395,4425,223036
2012-07-27,4415,4500,4325,4500,303220
2012-07-30,4500,4510,4435,4500,253782
2012-07-31,4475,4700,4440,4700,367280
2012-08-01,4700,4700,4590,4665,388046
2012-08-02,4600,4650,4555,4640,269095
2012-08-03,4640,4640,4550,4600,235441
2012-08-06,4640,4640,4545,4600,303200
2012-08-07,4580,4600,4530,4580,306944
2012-08-08,4575,4575,4490,4550,1154632
2012-08-09,4530,4590,4470,4590,721064
2012-08-10,4550,4590,4510,4540,301502
2012-08-13,4505,4595,4485,4510,474993
2012-08-14,4475,4510,4405,4510,406051
2012-08-16,4480,4610,4405,4600,930095
2012-08-17,4610,4760,4560,4760,572127
2012-08-20,4760,4900,4690,4900,676348
2012-08-21,4870,5200,4865,5030,1686882
2012-08-22,4960,4990,4745,4980,1688632
2012-08-23,5100,5100,4945,4980,445914
2012-08-24,4975,4980,4885,4970,470441
2012-08-27,4970,4970,4860,4950,197617
2012-08-28,4940,4965,4875,4885,212616
2012-08-29,4900,5000,4815,5000,559597
2012-08-30,5000,5160,4950,5160,558626
2012-08-31,5160,5200,5100,5160,506029
2012-09-03,5450,5450,5130,5340,516499
2012-09-04,5290,5370,5220,5340,558853
2012-09-05,5250,5380,5250,5340,577574
2012-09-06,5320,5340,5240,5340,373910
2012-09-07,5310,5700,5300,5540,868141
2012-09-10,5560,5620,5460,5600,579220
2012-09-11,5590,5700,5530,5550,468606
2012-09-12,5510,5670,5470,5600,336667
2012-09-13,5560,5720,5540,5650,342285
2012-09-14,5650,5770,5530,5750,3027743
2012-09-17,5760,5940,5670,5900,1979899
2012-09-18,5900,6020,5800,5900,619384
2012-09-19,5900,6110,5780,6110,1745927
2012-09-20,6110,6200,6080,6200,1384967
2012-09-21,6220,6280,6110,6280,876268
2012-09-24,6290,6470,6240,6280,764698
2012-09-25,6280,6330,6200,6280,1338847
2012-09-26,6310,6360,6270,6350,831162
2012-09-27,6330,6600,6300,6600,1351456
2012-09-28,6620,6790,6590,6590,1460818
2012-10-02,6550,6650,6420,6650,876102
2012-10-04,6650,6660,6380,6650,1267400
2012-10-05,6650,6680,6560,6680,755124
2012-10-08,6680,6870,6640,6680,495217
2012-10-09,6660,6670,6500,6560,771213
2012-10-10,6510,6700,6460,6700,722803
2012-10-11,6700,6770,6350,6650,1054792
2012-10-12,6660,6730,6560,6650,577112
2012-10-15,7300,7300,6680,6800,1165855
2012-10-16,6810,6960,6740,6960,639784
2012-10-17,6960,6990,6870,6950,282965
2012-10-18,6950,7000,6820,6950,368030
2012-10-19,6860,7050,6860,7050,313385
2012-10-22,6980,7010,6880,6950,551766
2012-10-23,6980,6980,6840,6910,312957
2012-10-24,6900,6930,6830,6910,289265
2012-10-25,6920,7010,6780,6780,322726
2012-10-26,6780,6780,6450,6600,564927
2012-10-29,6510,6620,6440,6510,350061
2012-10-30,6460,6620,6450,6620,193465
2012-10-31,6620,6740,6540,6600,365364
2012-11-01,6510,6640,6450,6640,248354
2012-11-02,6750,6840,6650,6800,569670
2012-11-05,6780,6820,6690,6800,189080
2012-11-06,6760,6870,6730,6790,198022
2012-11-07,6870,6870,6670,6820,328720
2012-11-08,6810,6810,6670,6740,378032
2012-11-09,6760,6790,6670,6700,359662
2012-11-12,6700,6800,6580,6800,280878
2012-11-13,6800,6840,6620,6620,303387
2012-11-14,6700,6700,6430,6520,242690
2012-11-15,6490,6520,6210,6410,155911
2012-11-16,6410,6540,6240,6410,339795
2012-11-19,6410,6600,6410,6600,421516
2012-11-20,6750,6760,6620,6700,714294
2012-11-21,6700,6790,6650,6700,957260
2012-11-22,6700,6720,6620,6620,386611
2012-11-23,6620,6850,6590,6850,541593
2012-11-26,6850,7050,6820,7050,717290
2012-11-27,7050,7140,6920,7050,605799
2012-11-28,7050,7120,6980,7050,382433
2012-11-29,7070,7220,6950,7140,473366
2012-11-30,7060,7140,7040,7090,600173
2012-12-03,7110,7140,6980,6980,699818
2012-12-04,7000,7020,6920,6980,355421
2012-12-05,6980,7100,6830,7020,730938
2012-12-06,7030,7100,6870,7100,1105318
2012-12-07,7100,7200,7090,7200,781490
2012-12-10,7200,7370,7200,7350,742350
2012-12-11,7350,7400,7160,7400,505980
2012-12-12,7450,7450,7360,7450,356146
2012-12-13,7400,7600,7400,7520,490091
2012-12-14,7480,7730,7460,7700,666024
2012-12-17,7630,7850,7630,7800,465429
2012-12-18,7800,7880,7650,7750,1565220
2012-12-20,7680,8000,7670,8000,460234
2012-12-21,8010,8350,8000,8290,770925
2012-12-24,8350,8490,8180,8180,787449
2012-12-26,8250,8430,8120,8370,558764
2012-12-27,8370,8470,8300,8450,378521
2012-12-28,8450,8600,8400,8600,419334
2013-01-02,8740,8740,8340,8400,268850
2013-01-03,8390,8390,7980,8250,458263
2013-01-04,8240,8400,8090,8150,377091
2013-01-07,8150,9370,8150,8200,298050
2013-01-08,8200,8280,8090,8160,153698
2013-01-09,8060,8180,8050,8100,436564
2013-01-10,8100,8100,7630,7650,547016
2013-01-11,7690,7850,7400,7500,573111
2013-01-14,7400,7480,6640,6660,1029325
2013-01-15,6700,6810,6590,6720,762522
2013-01-16,6740,6790,6480,6550,494790
2013-01-17,6560,6580,5920,6000,1839937
2013-01-18,6100,6120,5970,6050,744534
2013-01-21,6100,6120,5590,5890,2772522
2013-01-22,5890,5980,5690,5920,2209928
2013-01-23,5920,5980,5780,5850,1871282
2013-01-24,5800,5910,5760,5830,1576032
2013-01-25,5820,5930,5310,5500,4352755
2013-01-28,5550,5650,5440,5510,2135998
2013-01-29,5570,5720,5540,5660,2958746
2013-01-30,5630,5840,5480,5840,3662617
2013-01-31,5800,5910,5730,5800,2430268
2013-02-01,5830,5960,5730,5930,3052746
2013-02-04,5980,6010,5880,5910,1450474
2013-02-05,5850,5920,5750,5890,1501613
2013-02-06,5950,6010,5830,6000,2280704
2013-02-07,5960,5990,5580,5770,2841896
2013-02-08,5770,5830,5650,5800,1173742
2013-02-12,5820,5870,5700,5750,1045316
2013-02-13,5750,5770,5640,5680,1207206
2013-02-14,5680,5720,5590,5600,1267463
2013-02-15,5590,5700,5570,5580,841454
2013-02-18,5630,5970,5560,5720,4097570
2013-02-19,5760,5840,5670,5750,1951093
2013-02-20,5770,5790,5680,5710,1180791
2013-02-21,5660,5760,5390,5390,2026798
2013-02-22,5350,5490,5230,5430,1681762
2013-02-25,5440,5470,5100,5130,2567396
2013-02-26,5110,5350,5080,5350,2206995
2013-02-27,5470,5650,5420,5540,3856269
2013-02-28,5640,5750,5600,5680,2641295
2013-03-04,5720,6040,5690,5970,4620915
2013-03-05,5970,6070,5850,6060,2469448
2013-03-06,6030,6170,5980,6020,1944746
2013-03-07,6070,6090,5940,6000,1038996
2013-03-08,5970,6130,5950,6080,1326516
2013-03-11,6120,6280,5880,6220,2248760
2013-03-12,6240,6270,6040,6140,1769926
2013-03-13,6170,6310,6050,6260,1695340
2013-03-14,6390,6480,6180,6240,3791612
2013-03-15,6280,6440,6200,6440,2057884
2013-03-18,6440,6470,6270,6270,1747274
2013-03-19,6260,6360,6230,6310,1063396
2013-03-20,6290,6350,6100,6130,1373265
2013-03-21,6150,6210,5910,5950,1865808
2013-03-22,5900,6130,5790,6120,1614965
2013-03-25,6160,6170,5970,6010,1144381
2013-03-26,5950,6020,5720,5840,2495235
2013-03-27,5870,5910,5730,5890,1113040
2013-03-28,5860,5940,5810,5890,681174
2013-03-29,5910,6010,5840,5840,1152574
2013-04-01,5840,5930,5770,5770,495071
2013-04-02,5780,5820,5610,5640,831267
2013-04-03,5700,5720,5540,5690,921490
2013-04-04,5650,5880,5500,5870,1354306
2013-04-05,5820,5840,5600,5650,687429
2013-04-08,5630,5690,5320,5330,755211
2013-04-09,5300,5420,5130,5300,664252
2013-04-10,5310,5450,5240,5400,436469
2013-04-11,5400,5680,5400,5680,633215
2013-04-12,5740,5760,5580,5580,761141
2013-04-15,5610,5760,5600,5620,605404
2013-04-16,5510,5850,5480,5830,966171
2013-04-17,5870,5980,5760,5920,1254602
2013-04-18,5890,6040,5870,5920,1086428
2013-04-19,5930,5980,5810,5910,763857
2013-04-22,5920,6140,5890,6130,1286730
2013-04-23,6160,6170,6040,6120,910939
2013-04-24,6120,6120,5990,6050,949078
2013-04-25,6100,6190,5880,5910,1268377
2013-04-26,5930,6020,5850,6010,626355
2013-04-29,6070,6070,5930,5940,567405
2013-04-30,5980,6140,5980,6080,1068444
2013-05-02,6060,6150,5920,5940,678241
2013-05-03,5940,5990,5760,5790,1169063
2013-05-06,5830,5840,5670,5700,865087
2013-05-07,5730,5800,5710,5750,388770
2013-05-08,5750,5800,5700,5770,512455
2013-05-09,5750,5770,5670,5670,457253
2013-05-10,5670,5680,5470,5500,911763
2013-05-13,5500,5580,5500,5550,371312
2013-05-14,5560,5580,5330,5350,804727
2013-05-15,5350,5440,5350,5400,336143
2013-05-16,5450,5630,5440,5630,625935
2013-05-20,5650,5680,5560,5640,410701
2013-05-21,5660,5660,5560,5590,229287
2013-05-22,5600,5600,5450,5450,487492
2013-05-23,5420,5580,5420,5570,596493
2013-05-24,5540,5570,5410,5430,502019
2013-05-27,5470,5470,5350,5420,374214
2013-05-28,5420,5550,5370,5550,507744
2013-05-29,5570,5720,5530,5680,894238
2013-05-30,5720,6200,5690,6150,6196612
2013-05-31,6040,6250,5890,5900,3759589
2013-06-03,5950,6100,5930,6060,1341209
2013-06-04,6090,6100,5920,6000,1202470
2013-06-05,5930,5990,5560,5600,1666096
2013-06-07,5570,5680,5240,5280,1501438
2013-06-10,5340,5360,5180,5290,1275442
2013-06-11,5300,5350,5160,5340,844104
2013-06-12,5280,5440,5280,5360,706030
2013-06-13,5390,5420,5180,5250,907321
2013-06-14,5290,5300,5200,5220,498407
2013-06-17,5220,5250,5120,5170,405188
2013-06-18,5180,5210,5080,5180,489449
2013-06-19,5240,5290,5150,5150,338338
2013-06-20,5090,5120,4935,5110,728699
2013-06-21,4965,5050,4950,5020,333771
2013-06-24,5020,5040,4970,4980,290897
2013-06-25,4980,4980,4560,4585,879060
2013-06-26,4580,4840,4580,4760,697670
2013-06-27,4790,4920,4790,4850,348753
2013-06-28,4895,5020,4840,4980,537071
2013-07-01,4980,4980,4860,4870,757880
2013-07-02,4900,5060,4885,4955,568179
2013-07-03,5020,5050,4870,4870,373002
2013-07-04,4930,5230,4890,5200,681757
2013-07-05,5250,5280,5120,5220,559898
2013-07-08,5220,5350,5120,5310,634149
2013-07-09,5310,5460,5200,5410,701786
2013-07-10,5450,5460,5360,5410,446002
2013-07-11,5410,5440,5240,5300,887192
2013-07-12,5250,5380,5240,5290,506258
2013-07-15,5320,5350,5230,5300,377056
2013-07-16,5310,5350,5240,5270,327463
2013-07-17,5270,5370,5260,5320,506138
2013-07-18,5320,5410,5250,5250,507302
2013-07-19,5260,5370,5190,5280,603212
2013-07-22,5350,5430,5330,5380,434725
2013-07-23,5430,5440,5320,5410,326918
2013-07-24,5380,5510,5380,5470,592473
2013-07-25,5480,5490,5280,5300,556808
2013-07-26,5280,5320,5080,5110,919794
2013-07-29,5110,5150,4985,5010,471348
2013-07-30,5020,5140,4995,5100,310282
2013-07-31,5100,5140,5070,5070,323204
2013-08-01,5080,5100,4980,4995,658774
2013-08-02,5050,5140,5040,5130,526030
2013-08-05,5170,5270,5100,5260,412111
2013-08-06,5270,5280,5150,5180,209893
2013-08-07,5180,5210,5100,5160,224709
2013-08-08,5140,5170,5070,5130,230603
2013-08-09,5110,5110,5020,5070,224462
2013-08-12,5100,5100,5010,5030,182311
2013-08-13,5020,5100,5010,5080,214687
2013-08-14,5100,5120,5050,5080,172199
2013-08-16,5020,5110,4995,5080,405780
2013-08-19,5080,5080,5010,5040,232914
2013-08-20,5020,5020,4875,4880,399598
2013-08-21,4855,4920,4700,4750,469391
2013-08-22,4650,4680,4610,4670,242964
2013-08-23,4685,4825,4685,4815,177153
2013-08-26,4830,4850,4710,4765,188636
2013-08-27,4715,4775,4690,4715,284069
2013-08-28,4615,4685,4610,4635,151135
2013-08-29,4635,4765,4635,4755,158327
2013-08-30,4805,4820,4760,4815,100716
2013-09-02,4815,4850,4740,4805,105893
2013-09-03,4870,4895,4845,4880,226497
2013-09-04,4910,4910,4835,4835,212810
2013-09-05,4885,4910,4815,4890,265647
2013-09-06,4890,4935,4815,4850,211643
2013-09-09,4870,4870,4700,4715,349851
2013-09-10,4730,4755,4685,4695,200482
2013-09-11,4705,4725,4595,4640,735574
2013-09-12,4650,4680,4610,4645,282804
2013-09-13,4630,4670,4620,4625,240077
2013-09-16,4650,4650,4490,4500,413086
2013-09-17,4515,4515,4395,4440,541824
2013-09-23,4420,4525,4420,4500,230535
2013-09-24,4485,4535,4455,4455,202719
2013-09-25,4470,4505,4450,4505,280018
2013-09-26,4485,4515,4405,4430,603538
2013-09-27,4435,4485,4355,4480,688812
2013-09-30,4470,4470,4385,4405,340317
2013-10-01,4365,4395,4200,4215,778448
2013-10-02,4220,4235,4060,4180,835718
2013-10-04,4130,4225,4130,4160,387525
2013-10-07,4170,4215,4140,4200,216808
2013-10-08,4190,4190,4110,4110,298033
2013-10-10,4050,4115,4045,4055,316373
2013-10-11,4070,4150,4040,4045,480907
2013-10-14,4060,4145,4025,4055,466528
2013-10-15,4100,4180,4090,4140,346627
2013-10-16,4150,4200,4135,4155,438210
2013-10-17,4155,4185,4025,4055,314400
2013-10-18,4035,4205,4025,4160,734821
2013-10-21,4170,4495,4145,4495,1283933
2013-10-22,4480,4565,4440,4530,657698
2013-10-23,4520,4635,4480,4515,753606
2013-10-24,4565,4760,4565,4630,1142006
2013-10-25,4675,4785,4600,4765,575336
2013-10-28,4765,4805,4710,4755,390646
2013-10-29,4755,4755,4530,4645,865869
2013-10-30,4635,4730,4570,4665,234843
2013-10-31,4605,4680,4560,4620,245804
2013-11-01,4600,4710,4600,4650,336447
2013-11-04,4620,4785,4605,4670,288889
2013-11-05,4655,4660,4570,4580,265929
2013-11-06,4580,4680,4540,4605,236282
2013-11-07,4585,4595,4465,4470,301904
2013-11-08,4385,4440,4250,4290,769665
2013-11-11,4330,4380,4185,4340,388778
2013-11-12,4380,4510,4340,4500,687829
2013-11-13,4470,4770,4470,4740,860588
2013-11-14,4785,4830,4675,4740,540313
2013-11-15,4800,4810,4675,4750,528959
2013-11-18,4800,4830,4710,4830,829090
2013-11-19,4835,4925,4765,4840,544979
2013-11-20,4850,5000,4800,4900,822332
2013-11-21,4940,4980,4720,4765,643336
2013-11-22,4785,4855,4670,4715,322563
2013-11-25,4720,4915,4550,4895,389415
2013-11-26,4900,4950,4850,4875,284365
2013-11-27,4875,4905,4775,4845,299371
2013-11-28,4890,4960,4840,4955,356653
2013-11-29,4960,5010,4925,4975,268489
2013-12-02,4960,5040,4945,4970,269739
2013-12-03,4940,4970,4795,4845,457087
2013-12-04,4815,4865,4710,4790,394456
2013-12-05,4760,4835,4760,4765,167847
2013-12-06,4765,4770,4625,4730,351973
2013-12-09,4730,4790,4670,4670,281436
2013-12-10,4670,4900,4630,4900,405724
2013-12-11,4945,4950,4795,4800,332519
2013-12-12,4770,4930,4765,4930,214444
2013-12-13,4990,5050,4935,5030,713525
2013-12-16,5050,5110,5000,5000,416533
2013-12-17,5070,5130,4995,5000,886476
2013-12-18,5090,5160,4830,4835,936899
2013-12-19,4850,4900,4760,4895,619484
2013-12-20,4855,4925,4855,4915,234855
2013-12-23,4915,4920,4835,4885,297648
2013-12-24,4885,4920,4800,4845,308002
2013-12-26,4855,4940,4830,4910,315348
2013-12-27,4900,5030,4880,5000,288703
2013-12-30,5040,5260,4975,5260,1228237
2014-01-02,5300,5300,5190,5240,495579
2014-01-03,5240,5330,5200,5310,396983
2014-01-06,5300,5300,5100,5130,537678
2014-01-07,5100,5160,5070,5140,283734
2014-01-08,5140,5170,5040,5110,393841
2014-01-09,5110,5190,5100,5180,271784
2014-01-10,5180,5200,5040,5190,470860
2014-01-13,5210,5210,5130,5180,246171
2014-01-14,5130,5250,5070,5140,353281
2014-01-15,5180,5180,5080,5110,315773
2014-01-16,5120,5170,5050,5100,345499
2014-01-17,5100,5140,4970,5130,512242
2014-01-20,5160,5200,5090,5120,219934
2014-01-21,5140,5140,5040,5050,169364
2014-01-22,5040,5060,4935,4935,379047
2014-01-23,4935,4995,4900,4930,197647
2014-01-24,4905,4985,4800,4970,428077
2014-01-27,4820,4840,4710,4765,457409
2014-01-28,4730,4760,4585,4595,335144
2014-01-29,4625,4800,4600,4800,468797
2014-02-03,4790,4860,4745,4765,219232
2014-02-04,4650,4880,4650,4880,424709
2014-02-05,4895,4945,4820,4835,294981
2014-02-06,4800,4930,4790,4905,305746
2014-02-07,4890,4945,4835,4860,271289
2014-02-10,4860,4870,4620,4830,678572
2014-02-11,4795,4820,4740,4770,157016
2014-02-12,4770,4780,4615,4630,629202
2014-02-13,4635,4665,4600,4650,317279
2014-02-14,4650,4670,4575,4575,244809
2014-02-17,4590,4600,4430,4470,620525
2014-02-18,4485,4575,4470,4550,202419
2014-02-19,4550,4575,4515,4545,116392
2014-02-20,4545,4565,4460,4520,207172
2014-02-21,4530,4545,4455,4480,238752
2014-02-24,4500,4505,4385,4415,338946
2014-02-25,4390,4465,4350,4435,364585
2014-02-26,4450,4450,4380,4395,176398
2014-02-27,4395,4450,4335,4340,230768
2014-02-28,4325,4430,4320,4420,196083
2014-03-03,4430,4430,4385,4385,156163
2014-03-04,4370,4390,4325,4325,160398
2014-03-05,4355,4510,4335,4510,393369
2014-03-06,4530,4530,4430,4465,239149
2014-03-07,4570,4740,4530,4740,1232719
2014-03-10,4760,4845,4725,4730,792062
2014-03-11,4740,4850,4740,4775,423183
2014-03-12,4760,4795,4620,4700,552613
2014-03-13,4700,4775,4630,4700,237171
2014-03-14,4670,4690,4630,4665,268142
2014-03-17,4630,4665,4535,4590,274371
2014-03-18,4595,4790,4580,4780,472397
2014-03-19,4835,4870,4735,4755,371187
2014-03-20,4710,4815,4700,4760,198341
2014-03-21,4765,4825,4725,4785,241730
2014-03-24,4775,4815,4720,4805,172885
2014-03-25,4800,4815,4700,4700,166593
2014-03-26,4740,4960,4705,4745,1208833
2014-03-27,4740,4785,4645,4675,466490
2014-03-28,4655,4725,4650,4720,215380
2014-03-31,4740,4750,4680,4715,80432
2014-04-01,4690,4740,4685,4720,140089
2014-04-02,4760,4855,4750,4845,452050
2014-04-03,4860,4880,4825,4845,333496
2014-04-04,4885,4885,4815,4840,186791
2014-04-07,4835,4835,4705,4710,318028
2014-04-08,4710,4740,4650,4670,204260
2014-04-09,4675,4755,4670,4725,168700
2014-04-10,4740,4765,4675,4700,256610
2014-04-11,4655,4705,4640,4680,236477
2014-04-14,4710,4800,4710,4795,238288
2014-04-15,4830,4830,4750,4765,157988
2014-04-16,4760,4790,4695,4745,246845
2014-04-17,4750,4750,4585,4600,607303
2014-04-18,4590,4620,4515,4530,494342
2014-04-21,4540,4575,4460,4480,311260
2014-04-22,4480,4545,4470,4485,241409
2014-04-23,4490,4560,4490,4530,175291
2014-04-24,4530,4540,4375,4395,460591
2014-04-25,4415,4415,4340,4345,220465
2014-04-28,4320,4365,4320,4350,109547
2014-04-29,4340,4365,4330,4330,195272
2014-04-30,4335,4375,4335,4365,112869
2014-05-02,4370,4480,4365,4440,152054
2014-05-07,4490,4490,4375,4395,179943
2014-05-08,4370,4400,4305,4360,190763
2014-05-09,4365,4425,4365,4405,116980
2014-05-12,4375,4430,4360,4385,73840
2014-05-13,4375,4420,4370,4410,212981
2014-05-14,4430,4430,4350,4365,241616
2014-05-15,4355,4380,4270,4295,401429
2014-05-16,4295,4320,4140,4150,536836
2014-05-19,4190,4195,4025,4060,467069
2014-05-20,4080,4085,3970,4015,364972
2014-05-21,4000,4055,3980,4005,388953
2014-05-22,4035,4090,4005,4090,284361
2014-05-23,4090,4135,4020,4050,404207
2014-05-26,4090,4230,4050,4070,673691
2014-05-27,4105,4120,4010,4025,424472
2014-05-28,4035,4035,3985,4000,412854
2014-05-29,4005,4050,3990,4000,258595
2014-05-30,4000,4015,3970,3985,291070
2014-06-02,3960,4005,3845,3895,396248
2014-06-03,3830,3980,3830,3950,357015
2014-06-05,3920,3970,3810,3810,361918
2014-06-09,3820,3890,3710,3710,436529
2014-06-10,3720,3815,3715,3805,434427
2014-06-11,3800,3935,3790,3935,336042
2014-06-12,3935,3935,3820,3835,333487
2014-06-13,3850,3850,3745,3775,314227
2014-06-16,3780,3790,3685,3730,159107
2014-06-17,3735,3905,3735,3900,313728
2014-06-18,3890,3900,3820,3870,270695
2014-06-19,3895,3925,3835,3870,220368
2014-06-20,3885,3905,3860,3890,205071
2014-06-23,3865,3865,3605,3610,701404
2014-06-24,3590,3610,3465,3545,415678
2014-06-25,3555,3710,3555,3685,246821
2014-06-26,3690,3695,3640,3665,134179
2014-06-27,3650,3770,3635,3700,144361
2014-06-30,3735,3735,3555,3580,643420
2014-07-01,3600,3645,3570,3635,244894
2014-07-02,3670,3795,3655,3730,306359
2014-07-03,3730,3810,3690,3800,310176
2014-07-04,3805,3810,3715,3730,253582
2014-07-07,3720,3755,3675,3695,148588
2014-07-08,3685,3700,3625,3650,231505
2014-07-09,3625,3645,3585,3600,260270
2014-07-10,3605,3700,3600,3635,253820
2014-07-11,3670,3680,3600,3660,161887
2014-07-14,3650,3755,3650,3750,256731
2014-07-15,3750,3810,3730,3790,251107
2014-07-16,3805,3805,3705,3725,195998
2014-07-17,3745,3815,3725,3760,244284
2014-07-18,3710,3750,3695,3710,144359
2014-07-21,3730,3740,3665,3700,165115
2014-07-22,3705,3745,3705,3740,175731
2014-07-23,3730,3785,3725,3785,210397
2014-07-24,3800,3800,3705,3730,398563
2014-07-25,3715,3745,3670,3695,211769
2014-07-28,3680,3730,3680,3695,125849
2014-07-29,3680,3720,3620,3635,273578
2014-07-30,3625,3710,3625,3680,251865
2014-07-31,3690,3705,3620,3665,175421
2014-08-01,3630,3930,3630,3930,886780
2014-08-04,3930,4080,3900,4050,973531
2014-08-05,4085,4180,4030,4080,1235319
2014-08-06,4075,4095,3925,3965,620341
2014-08-07,3955,3955,3860,3920,398601
2014-08-08,3905,4070,3890,4065,566941
2014-08-11,4095,4150,4010,4100,534058
2014-08-12,4135,4150,4055,4070,220843
2014-08-13,4040,4085,4005,4040,287878
2014-08-14,4070,4240,4065,4230,770502
2014-08-18,4240,4280,4180,4230,639586
2014-08-19,4265,4340,4190,4315,645895
2014-08-20,4345,4400,4295,4315,418968
2014-08-21,4305,4410,4140,4160,536558
2014-08-22,4165,4240,4080,4145,450598
2014-08-25,4145,4185,3830,3830,1155078
2014-08-26,3830,3940,3795,3935,575875
2014-08-27,3935,3950,3810,3820,318252
2014-08-28,3820,3900,3820,3885,292396
2014-08-29,3915,3960,3860,3910,266958
2014-09-01,3935,3960,3785,3870,379262
2014-09-02,3865,4030,3850,4010,435974
2014-09-03,4040,4120,3950,4020,566283
2014-09-04,4000,4035,3960,4030,240492
2014-09-05,4040,4065,3900,3900,447722
2014-09-11,3905,3940,3845,3920,180090
2014-09-12,3930,3940,3855,3890,199369
2014-09-15,3900,3915,3875,3885,151424
2014-09-16,3905,3925,3875,3905,143883
2014-09-17,3900,3945,3885,3910,183261
2014-09-18,3910,3935,3885,3885,242577
2014-09-19,3895,3915,3860,3860,217154
2014-09-22,3855,3870,3790,3810,341606
2014-09-23,3790,3815,3680,3730,449133
2014-09-24,3730,3780,3715,3735,166270
2014-09-25,3740,3745,3685,3685,167487
2014-09-26,3650,3710,3630,3675,233399
2014-09-29,3710,3715,3600,3640,354665
2014-09-30,3630,3685,3470,3485,496209
2014-10-01,3485,3515,3270,3320,975281
2014-10-02,3250,3405,3250,3400,206452
2014-10-06,3390,3455,3350,3350,197459
2014-10-07,3360,3375,3320,3325,167553
2014-10-08,3320,3415,3265,3390,171124
2014-10-10,3365,3380,3270,3330,323962
2014-10-13,3290,3325,3220,3240,157766
2014-10-14,3195,3300,3185,3240,242785
2014-10-15,3240,3300,3230,3295,111717
2014-10-16,3250,3385,3225,3310,282730
2014-10-17,3315,3410,3295,3300,192097
2014-10-20,3310,3435,3305,3405,260980
2014-10-21,3420,3455,3380,3410,147490
2014-10-22,3440,3470,3400,3445,207955
2014-10-23,3435,3490,3400,3455,192069
2014-10-24,3470,3500,3425,3445,81273
2014-10-27,3450,3485,3390,3415,99740
2014-10-28,3400,3430,3385,3400,90711
2014-10-29,3425,3430,3370,3385,166395
2014-10-30,3410,3410,3280,3290,224640
2014-10-31,3295,3330,3210,3290,208731
2014-11-03,3235,3350,3235,3320,149640
2014-11-04,3330,3340,3230,3255,229136
2014-11-05,3205,3280,3185,3195,239987
2014-11-06,3205,3235,3110,3235,174162
2014-11-07,3230,3280,3200,3265,183568
2014-11-10,3285,3315,3250,3285,172850
2014-11-11,3290,3345,3255,3325,145503
2014-11-12,3350,3350,3310,3330,128986
2014-11-13,3315,3350,3295,3330,152425
2014-11-14,3345,3420,3305,3395,127028
2014-11-17,3405,3470,3385,3395,184442
2014-11-18,3385,3445,3370,3395,99980
2014-11-19,3450,3900,3430,3900,2404207
2014-11-20,3860,4185,3855,4005,3954419
2014-11-21,4060,4525,4005,4400,5100604
2014-11-24,4330,4445,4275,4335,1591944
2014-11-25,4375,4465,4295,4450,2176416
2014-11-26,4500,4690,4450,4530,2599436
2014-11-27,4525,4585,4440,4535,1104718
2014-11-28,4560,4570,4450,4495,938609
2014-12-01,4485,4550,4300,4375,1258429
2014-12-02,4335,4385,4195,4300,1303103
2014-12-03,4345,4430,4250,4285,1326904
2014-12-04,4285,4360,4110,4175,1609606
2014-12-05,4175,4220,4120,4170,1114266
2014-12-08,4140,4260,4140,4155,927103
2014-12-09,4155,4200,4065,4095,866435
2014-12-10,4120,4155,3915,4000,1067299
2014-12-11,3945,4075,3850,3905,1110684
2014-12-12,3930,3955,3765,3780,701305
2014-12-15,3720,3910,3670,3875,792023
2014-12-16,3830,3855,3695,3740,618614
2014-12-17,3730,3790,3695,3780,542613
2014-12-18,3810,3815,3635,3775,656920
2014-12-19,3800,3980,3765,3965,855107
2014-12-22,4000,4130,3905,4055,1215374
2014-12-23,4080,4110,4015,4035,544138
2014-12-24,4035,4100,4010,4055,457459
2014-12-26,4075,4100,3935,3955,430337
2014-12-29,4060,4170,3960,4105,880209
2014-12-30,4120,4135,3960,4005,643488
2015-01-02,4010,4170,3990,4130,717468
2015-01-05,4190,4675,4120,4660,4071095
2015-01-06,4590,4735,4540,4715,2237043
2015-01-07,4655,4655,4175,4255,2773249
2015-01-08,4220,4350,4215,4270,1017674
2015-01-09,4325,4400,4150,4340,1255917
2015-01-12,4350,4390,4280,4320,561780
2015-01-13,4310,4345,4155,4160,730498
2015-01-14,4220,4275,4140,4140,564893
2015-01-15,4160,4300,4070,4290,1024501
2015-01-16,4340,4370,4190,4365,1494801
2015-01-19,4400,4605,4360,4570,2328128
2015-01-20,4565,4565,4465,4495,1048309
2015-01-21,4540,4590,4410,4470,1061824
2015-01-22,4515,4570,4350,4430,724877
2015-01-23,4500,4500,4380,4440,478197
2015-01-26,4435,4465,4310,4310,482969
2015-01-27,4325,4425,4290,4380,699843
2015-01-28,4355,4480,4355,4425,494547
2015-01-29,4450,4505,4385,4495,710806
2015-01-30,4550,4600,4400,4485,822167
2015-02-02,4510,4640,4455,4640,1055333
2015-02-03,4685,4925,4500,4510,3005311
2015-02-04,4575,4825,4515,4825,1665816
2015-02-05,4860,4990,4765,4785,2294121
2015-02-06,4845,4925,4805,4885,1169644
2015-02-09,4915,4915,4755,4830,983470
2015-02-10,4755,4945,4750,4905,795767
2015-02-11,4925,4960,4790,4865,784153
2015-02-12,4945,4960,4860,4880,677089
2015-02-13,4845,4870,4665,4670,1207563
2015-02-16,4700,4815,4630,4745,781655
2015-02-17,4775,4785,4535,4595,741467
2015-02-23,4530,4845,4440,4845,997330
2015-02-24,4845,4855,4765,4805,311816
2015-02-25,4850,4850,4735,4735,281551
2015-02-26,4775,5020,4715,5000,1084712
2015-02-27,4955,5110,4915,5100,1000505
2015-03-02,5150,5150,5000,5040,474737
2015-03-03,5050,5210,4980,5180,666358
2015-03-04,5200,5200,5050,5140,422537
2015-03-05,5160,5210,5050,5170,371573
2015-03-06,5150,5230,5020,5020,383026
2015-03-09,5020,5100,4950,5010,374439
2015-03-10,5040,5130,4940,5020,554889
2015-03-11,5000,5070,4980,5030,277402
2015-03-12,5080,5120,5010,5020,294193
2015-03-13,5070,5250,5010,5160,580854
2015-03-16,5200,5380,5170,5200,656809
2015-03-17,5260,5260,5140,5180,448290
2015-03-18,5250,5300,5010,5140,407034
2015-03-19,5090,5150,5030,5090,462806
2015-03-20,5130,5170,5040,5040,410913
2015-03-23,5090,5180,5050,5150,273397
2015-03-24,5180,5290,5150,5150,202810
2015-03-25,5160,5280,5160,5250,198834
2015-03-26,5220,5350,5120,5150,340611
2015-03-27,5150,5150,4805,4850,1100337
2015-03-30,4875,5020,4875,4910,330272
2015-03-31,4960,4990,4780,4890,341768
2015-04-01,4840,4900,4570,4620,1017051
2015-04-02,4665,4855,4665,4740,747799
2015-04-03,4760,4830,4710,4780,309987
2015-04-06,4845,4850,4760,4820,209423
2015-04-07,4830,4865,4785,4790,327822
2015-04-08,4870,4975,4860,4925,558807
2015-04-09,4935,4950,4830,4870,323456
2015-04-10,4855,4890,4710,4775,494369
2015-04-13,4835,4835,4730,4765,357722
2015-04-14,4795,4815,4580,4610,647441
2015-04-15,4630,4695,4500,4545,881452
2015-04-16,4560,4635,4555,4610,343328
2015-04-17,4655,4760,4605,4750,506850
2015-04-20,4720,4760,4620,4650,390985
2015-04-21,4675,4910,4665,4905,829182
2015-04-22,4985,5180,4770,5020,1324498
2015-04-23,5150,5260,4860,5010,1061893
2015-04-24,5020,5120,4905,5000,546313
2015-04-27,5040,5430,5030,5430,2019149
2015-04-28,5420,5420,5270,5320,697519
2015-04-29,5290,5450,5250,5340,565591
2015-04-30,5370,5370,5180,5320,458933
2015-05-04,5350,5740,5320,5650,1798454
2015-05-06,5610,5800,5470,5670,1323261
2015-05-07,5670,5830,5460,5560,392148
2015-05-08,5560,5650,5450,5500,423707
2015-05-11,5560,5800,5480,5800,668822
2015-05-12,5800,5950,5640,5650,605667
2015-05-13,5740,5990,5540,5550,1106925
2015-05-14,5550,5670,5490,5540,493070
2015-05-15,5580,5660,5490,5560,298202
2015-05-18,5440,5530,5080,5220,1295579
2015-05-19,5170,5260,4940,5030,1476045
2015-05-20,5030,5040,4870,5000,1082341
2015-05-21,5020,5140,4870,5090,633032
2015-05-22,5070,5190,5070,5100,432748
2015-05-26,5100,5120,4960,4965,291038
2015-05-27,4905,5080,4900,4955,380926
2015-05-28,4985,5130,4950,5100,501728
2015-05-29,5080,5150,4950,4950,463938
2015-06-01,4950,4950,4780,4805,362302
2015-06-02,4780,5060,4780,4990,475703
2015-06-03,4950,5040,4805,4820,296075
2015-06-04,4820,4950,4820,4890,294164
2015-06-05,4880,5030,4825,4920,377828
2015-06-08,4905,4920,4810,4820,226548
2015-06-09,4820,4880,4730,4775,273558
2015-06-10,4780,4790,4605,4620,346633
2015-06-11,4620,4740,4620,4655,264072
2015-06-12,4700,4795,4665,4750,299202
2015-06-15,4715,4825,4650,4665,230686
2015-06-16,4600,4660,4490,4585,260424
2015-06-17,4585,4775,4585,4735,248195
2015-06-18,4720,4820,4680,4790,243775
2015-06-19,4790,4845,4715,4725,212589
2015-06-22,4745,4835,4695,4730,196774
2015-06-23,4760,4830,4340,4390,1161883
2015-06-24,4425,4465,4075,4095,1879260
2015-06-25,4080,4155,4045,4090,743979
2015-06-26,4110,4125,3935,3965,838343
2015-06-29,3920,3995,3865,3890,417440
2015-06-30,3870,4015,3865,4015,379952
2015-07-01,3990,4065,3970,4035,280934
2015-07-02,4050,4055,3865,3920,725985
2015-07-03,3890,3910,3770,3780,818212
2015-07-06,3765,3805,3675,3675,487199
2015-07-07,3715,3775,3645,3710,788547
2015-07-08,3750,3780,3680,3700,325776
2015-07-09,3650,3740,3575,3720,302271
2015-07-10,3735,3815,3730,3780,286024
2015-07-13,3800,3915,3790,3880,440648
2015-07-14,3890,3910,3860,3870,242956
2015-07-15,3870,3950,3840,3900,440028
2015-07-16,3925,4035,3865,4015,604525
2015-07-17,4060,4230,4005,4200,1098625
2015-07-20,4250,4280,4170,4230,539878
2015-07-21,4295,4295,4190,4255,345563
2015-07-22,4260,4365,4220,4295,401823
2015-07-23,4295,4295,4060,4090,376621
2015-07-24,4020,4025,3835,3840,905336
2015-07-27,3850,3865,3690,3720,545884
2015-07-28,3700,3835,3645,3800,409323
2015-07-29,3800,3810,3675,3690,381285
2015-07-30,3710,3745,3650,3705,321598
2015-07-31,3720,3775,3555,3660,806420
2015-08-03,3650,3650,3570,3610,313130
2015-08-04,3555,3650,3555,3620,519251
2015-08-05,3605,3735,3605,3715,293467
2015-08-06,3735,3780,3650,3695,301718
2015-08-07,3655,3690,3600,3625,308480
2015-08-10,3625,3665,3575,3600,352074
2015-08-11,3645,3760,3620,3640,525367
2015-08-12,3610,3635,3385,3535,583287
2015-08-13,3500,3600,3475,3560,230975
2015-08-17,3580,3680,3575,3625,341239
2015-08-18,3660,3710,3580,3615,243673
2015-08-19,3570,3640,3450,3525,283909
2015-08-20,3520,3585,3500,3500,191365
2015-08-21,3255,3435,3255,3365,432088
2015-08-24,3300,3410,3215,3215,337728
2015-08-25,3260,3360,3185,3300,389956
2015-08-26,3300,3385,3260,3350,406333
2015-08-27,3390,3415,3350,3390,375063
2015-08-28,3460,3465,3395,3420,298090
2015-08-31,3460,3575,3460,3510,296454
2015-09-01,3465,3580,3465,3495,257207
2015-09-02,3400,3475,3380,3470,255952
2015-09-03,3505,3690,3505,3580,670061
2015-09-04,3630,3660,3475,3570,434331
2015-09-07,3540,3565,3450,3520,284267
2015-09-08,3525,3580,3455,3580,221616
2015-09-09,3630,3670,3585,3610,221468
2015-09-10,3595,3785,3565,3775,550800
2015-09-11,3750,3785,3690,3740,263423
2015-09-14,3770,3770,3640,3690,228105
2015-09-15,3665,3760,3645,3725,271367
2015-09-16,3775,3800,3705,3760,398120
2015-09-17,3800,4115,3785,4045,1824912
2015-09-18,4055,4100,3955,4045,742714
2015-09-21,4040,4215,4000,4195,754294
2015-09-22,4230,4230,4120,4165,390063
2015-09-23,4135,4150,3995,3995,508398
2015-09-24,4050,4100,4005,4040,289260
2015-09-25,4040,4090,3940,3975,306760
2015-09-30,3900,3985,3885,3985,217630
2015-10-01,4020,4040,3950,3980,206648
2015-10-02,3995,4015,3955,3955,115756
2015-10-05,3970,4070,3965,4010,197021
2015-10-06,4055,4075,3960,3980,186212
2015-10-07,3980,4015,3850,3850,257088
2015-10-08,3850,3890,3805,3850,160647
2015-10-12,3885,3885,3830,3835,189433
2015-10-13,3835,3845,3740,3830,283165
2015-10-14,3830,3830,3765,3780,200293
2015-10-15,3800,3830,3765,3780,163378
2015-10-16,3820,3820,3760,3760,289965
2015-10-19,3760,3810,3740,3795,146442
2015-10-20,3785,3810,3750,3790,153002
2015-10-21,3790,3870,3785,3865,205913
2015-10-22,3840,3855,3750,3755,302273
2015-10-23,3765,3815,3765,3810,131006
2015-10-26,3815,3830,3745,3810,201160
2015-10-27,3790,3860,3790,3845,116960
2015-10-28,3855,3905,3790,3895,196204
2015-10-29,3900,3945,3870,3940,197911
2015-10-30,3955,3985,3860,3900,254041
2015-11-02,3880,3940,3845,3910,133649
2015-11-03,3945,3945,3875,3905,105517
2015-11-04,3945,3945,3885,3915,124520
2015-11-05,3920,3920,3835,3870,162916
2015-11-06,3880,3905,3850,3890,132607
2015-11-09,3890,3925,3750,3760,153812
2015-11-10,3750,3755,3580,3580,271714
2015-11-11,3525,3630,3525,3630,134963
2015-11-12,3635,3650,3590,3605,125179
2015-11-13,3555,3625,3555,3570,107002
2015-11-16,3505,3525,3465,3465,185847
2015-11-17,3520,3675,3520,3675,254284
2015-11-18,3675,3690,3585,3625,94532
2015-11-19,3665,3705,3625,3675,83763
2015-11-20,3680,3730,3650,3710,53908
2015-11-23,3710,3760,3690,3725,90535
2015-11-24,3725,3755,3695,3735,121126
2015-11-25,3735,3760,3690,3755,72272
2015-11-26,3720,3810,3720,3780,118527
2015-11-27,3760,3885,3755,3885,235806
2015-11-30,3865,3865,3800,3800,97753
2015-12-01,3790,3845,3725,3730,135848
2015-12-02,3735,3755,3660,3670,101833
2015-12-03,3645,3770,3635,3700,130172
2015-12-04,3705,3785,3680,3730,116999
2015-12-07,3730,3760,3695,3730,98793
2015-12-08,3725,3740,3645,3675,125380
2015-12-09,3675,3740,3645,3670,92238
2015-12-10,3645,3690,3590,3590,146406
2015-12-11,3625,3630,3540,3550,108010
2015-12-14,3475,3510,3350,3350,336703
2015-12-15,3335,3490,3290,3450,136775
2015-12-16,3465,3595,3465,3595,148094
2015-12-17,3600,3655,3560,3630,131274
2015-12-18,3630,3655,3585,3650,149249
2015-12-21,3605,3735,3605,3715,249752
2015-12-22,3690,3745,3665,3740,126348
2015-12-23,3740,3840,3705,3840,295024
2015-12-24,3840,3865,3770,3790,94762
2015-12-28,3815,3815,3680,3715,93914
2015-12-29,3705,3955,3690,3935,326157
2015-12-30,3940,3990,3890,3890,152394
2016-01-04,3900,3925,3795,3830,131846
2016-01-05,3800,3870,3780,3815,206921
2016-01-06,3820,3860,3710,3730,295074
2016-01-07,3705,3725,3500,3565,312240
2016-01-08,3560,3570,3450,3570,334591
2016-01-11,3565,3565,3480,3500,179002
2016-01-12,3480,3575,3480,3520,117235
2016-01-13,3540,3610,3525,3610,82505
2016-01-14,3550,3635,3520,3615,166573
2016-01-15,3650,3705,3630,3700,162157
2016-01-18,3640,3720,3620,3665,124380
2016-01-19,3665,3725,3630,3700,93560
2016-01-20,3720,3720,3425,3480,439485
2016-01-21,3460,3585,3450,3505,142706
2016-01-22,3520,3585,3480,3530,120408
2016-01-25,3580,3610,3535,3555,83009
2016-01-26,3535,3600,3505,3525,130409
2016-01-27,3560,3680,3490,3535,225989
2016-01-28,3530,3565,3475,3545,94131
2016-01-29,3565,3565,3495,3510,166103
2016-02-01,3545,3545,3485,3530,141627
2016-02-02,3505,3620,3500,3580,134657
2016-02-03,3570,3645,3535,3590,163661
2016-02-04,3645,3645,3585,3590,88627
2016-02-05,3610,3660,3585,3650,117298
2016-02-11,3585,3585,3495,3520,161553
2016-02-12,3500,3530,3260,3370,334184
2016-02-15,3370,3445,3370,3430,126270
2016-02-16,3435,3450,3390,3440,140702
2016-02-17,3410,3455,3380,3425,153973
2016-02-18,3445,3460,3380,3400,215759
2016-02-19,3415,3445,3385,3430,141115
2016-02-22,3440,3450,3370,3400,273239
2016-02-23,3395,3410,3300,3325,339731
2016-02-24,3325,3325,3255,3280,166611
2016-02-25,3305,3305,3195,3225,370720
2016-02-26,3215,3255,3215,3225,277096
2016-02-29,3250,3295,3205,3275,243548
2016-03-02,3290,3330,3270,3330,206825
2016-03-03,3340,3365,3315,3345,165038
2016-03-04,3355,3355,3305,3335,164756
2016-03-07,3345,3350,3320,3335,233765
2016-03-08,3330,3365,3310,3325,168378
2016-03-09,3320,3360,3315,3350,168050
2016-03-10,3350,3370,3330,3340,153631
2016-03-11,3340,3365,3320,3350,124694
2016-03-14,3390,3390,3335,3360,236194
2016-03-15,3360,3385,3330,3345,92849
2016-03-16,3325,3350,3305,3320,202044
2016-03-17,3330,3375,3330,3365,137598
2016-03-18,3370,3380,3335,3345,109260
2016-03-21,3355,3385,3335,3345,145252
2016-03-22,3355,3360,3320,3350,204868
2016-03-23,3350,3365,3320,3320,282596
2016-03-24,3325,3330,3275,3280,303408
2016-03-25,3280,3285,3225,3250,267478
2016-03-28,3255,3255,3185,3205,383893
2016-03-29,3215,3230,3205,3230,226733
2016-03-30,3235,3285,3220,3235,371871
2016-03-31,3250,3255,3215,3235,245684
2016-04-01,3235,3250,3210,3220,287279
2016-04-04,3230,3240,3205,3240,282625
2016-04-05,3230,3300,3225,3290,337300
2016-04-06,3280,3335,3280,3310,237767
2016-04-07,3330,3350,3285,3310,302027
2016-04-08,3290,3310,3270,3300,208329
2016-04-11,3290,3310,3275,3295,262076
2016-04-12,3300,3320,3285,3320,208775
2016-04-14,3325,3345,3310,3320,258311
2016-04-15,3320,3350,3315,3325,278381
2016-04-18,3355,3355,3310,3310,155222
2016-04-19,3310,3350,3305,3340,139937
2016-04-20,3350,3425,3350,3400,361667
2016-04-21,3405,3430,3365,3380,233097
2016-04-22,3385,3395,3375,3380,149102
2016-04-25,3370,3395,3340,3355,193255
2016-04-26,3375,3375,3320,3345,152455
2016-04-27,3345,3350,3315,3340,143576
2016-04-28,3345,3350,3325,3340,103747
2016-04-29,3340,3340,3295,3315,180023
2016-05-02,3310,3310,3270,3280,170037
2016-05-03,3265,3310,3265,3305,127078
2016-05-04,3305,3320,3285,3310,108176
2016-05-09,3295,3350,3280,3340,142014
2016-05-10,3340,3390,3325,3390,180362
2016-05-11,3405,3405,3340,3365,146068
2016-05-12,3365,3375,3345,3355,56937
2016-05-13,3355,3380,3330,3330,80869
2016-05-16,3325,3395,3315,3370,140505
2016-05-17,3370,3370,3325,3330,160845
2016-05-18,3330,3330,3250,3250,414954
2016-05-19,3220,3255,3200,3200,283575
2016-05-20,3190,3245,3190,3225,104965
2016-05-23,3220,3250,3205,3225,108363
2016-05-24,3220,3235,3190,3190,187908
2016-05-25,3220,3225,3180,3185,214211
2016-05-26,3190,3215,3180,3200,144186
2016-05-27,3200,3215,3185,3205,108503
2016-05-30,3185,3220,3155,3170,119945
2016-05-31,3175,3260,3170,3220,252055
2016-06-01,3230,3300,3220,3295,203985
2016-06-02,3310,3330,3230,3280,132813
2016-06-03,3280,3290,3235,3255,61111
2016-06-07,3260,3280,3235,3270,93295
2016-06-08,3280,3290,3255,3275,74193
2016-06-09,3275,3320,3230,3240,155683
2016-06-10,3240,3245,3205,3220,118193
2016-06-13,3215,3215,3180,3190,112053
2016-06-14,3180,3185,3130,3130,282394
2016-06-15,3135,3150,3110,3150,81010
2016-06-16,3135,3150,3080,3080,315282
2016-06-17,3085,3135,3065,3120,134095
2016-06-20,3100,3150,3100,3150,119708
2016-06-21,3160,3160,3100,3130,81690
2016-06-22,3130,3150,3120,3150,96228
2016-06-23,3160,3160,3125,3150,84080
2016-06-24,3155,3165,2975,2990,324172
2016-06-27,2930,2955,2880,2945,302131
2016-06-28,2920,3005,2920,3000,90296
2016-06-29,3010,3045,3005,3030,102056
2016-06-30,3045,3045,3020,3030,59337
2016-07-01,3030,3085,3030,3085,56724
2016-07-04,3115,3165,3075,3165,189845
2016-07-05,3165,3170,3120,3140,75556
2016-07-06,3130,3135,3075,3095,113199
2016-07-07,3110,3130,3070,3100,115760
2016-07-08,3100,3120,3020,3050,132324
2016-07-11,3050,3075,3045,3060,78963
2016-07-12,3060,3100,3055,3065,87204
2016-07-13,3080,3120,3065,3100,139452
2016-07-14,3065,3145,3065,3100,70041
2016-07-15,3100,3140,3085,3090,151825
2016-07-18,3095,3125,3065,3125,127195
2016-07-19,3130,3145,3095,3105,104116
2016-07-20,3120,3125,3095,3100,61046
2016-07-21,3100,3125,3085,3095,100931
2016-07-22,3090,3125,3085,3120,70761
2016-07-25,3135,3145,3095,3105,84504
2016-07-26,3100,3120,3080,3110,119792
2016-07-27,3110,3125,3070,3070,179891
2016-07-28,3070,3090,3055,3065,149145
2016-07-29,3060,3085,3040,3040,152076
2016-08-01,3045,3065,2970,2990,267793
2016-08-02,2970,3005,2970,2985,177561
2016-08-03,2985,3000,2915,2940,252066
2016-08-04,2940,2980,2935,2980,132648
2016-08-05,2970,3010,2940,2950,193411
2016-08-08,2955,2960,2890,2900,299631
2016-08-09,2905,2940,2905,2935,158099
2016-08-10,2940,2940,2910,2935,84152
2016-08-11,2935,2950,2920,2940,112817
2016-08-12,2945,2960,2940,2955,135197
2016-08-16,2955,2980,2955,2955,96788
2016-08-17,2955,2970,2915,2935,212675
2016-08-18,2935,2945,2915,2915,119282
2016-08-19,2915,2930,2895,2905,145981
2016-08-22,2910,2915,2855,2860,189431
2016-08-23,2860,2880,2795,2815,259033
2016-08-24,2800,2850,2800,2830,135498
2016-08-25,2830,2855,2820,2840,103366
2016-08-26,2840,2935,2805,2905,181061
2016-08-29,2920,2935,2875,2875,168997
2016-08-30,2900,2905,2825,2835,134097
2016-08-31,2835,2850,2805,2820,100763
2016-09-01,2820,2835,2810,2810,93430
2016-09-02,2830,2875,2830,2845,118555
2016-09-05,2845,2890,2845,2885,123854
2016-09-06,2890,2915,2860,2890,58515
2016-09-07,2900,2915,2870,2885,59841
2016-09-08,2880,2885,2855,2855,124914
2016-09-09,2855,2860,2815,2815,75801
2016-09-12,2800,2805,2770,2780,201570
2016-09-13,2800,2805,2765,2780,144393
2016-09-19,2800,2800,2755,2775,118650
2016-09-20,2775,2800,2775,2800,97900
2016-09-21,2790,2880,2790,2860,191851
2016-09-22,2880,2885,2845,2855,107513
2016-09-23,2865,2870,2825,2850,133282
2016-09-26,2855,2870,2850,2855,150669
2016-09-27,2855,2870,2830,2865,95258
2016-09-28,2860,2880,2845,2865,58027
2016-09-29,2865,2890,2855,2870,101648
2016-09-30,2870,2895,2835,2880,121551
2016-10-04,2880,2915,2870,2905,107276
2016-10-05,2905,2905,2875,2875,75903
2016-10-06,2875,2890,2865,2875,38811
2016-10-07,2880,2900,2865,2885,127989
2016-10-10,2890,2925,2865,2925,137100
2016-10-11,2925,2985,2920,2960,331266
2016-10-12,2955,3015,2945,3000,354800
2016-10-13,3010,3030,2975,2980,166595
2016-10-14,2975,3010,2940,3010,126190
2016-10-17,2995,3020,2985,2985,90970
2016-10-18,2990,2990,2955,2970,57896
2016-10-19,2975,3090,2975,3045,179512
2016-10-20,3050,3060,2995,2995,152603
2016-10-21,3010,3010,2895,2910,280536
2016-10-24,2905,2930,2860,2915,166395
2016-10-25,2890,2910,2850,2855,120039
2016-10-26,2840,2870,2830,2840,102547
2016-10-27,2850,2915,2845,2885,60899
2016-10-28,2885,2930,2885,2915,72006
2016-10-31,2915,2915,2830,2855,113808
2016-11-01,2815,2860,2805,2815,65191
2016-11-02,2800,2805,2765,2765,144066
2016-11-03,2740,2795,2740,2785,137167
2016-11-04,2775,2815,2740,2745,190224
2016-11-07,2735,2785,2730,2785,85954
2016-11-08,2790,2790,2765,2785,52688
2016-11-09,2785,2795,2570,2665,406973
2016-11-10,2750,2770,2710,2755,82523
2016-11-11,2740,2775,2710,2710,233905
2016-11-14,2715,2750,2715,2735,36654
2016-11-15,2740,2800,2740,2785,124316
2016-11-16,2795,2820,2790,2815,84469
2016-11-17,2815,2835,2720,2800,280293
2016-11-18,2800,2820,2775,2815,61317
2016-11-21,2830,2830,2740,2755,99375
2016-11-22,2765,2795,2715,2730,78916
2016-11-23,2725,2725,2660,2660,117356
2016-11-24,2680,2685,2590,2595,178302
2016-11-25,2600,2635,2580,2585,92787
2016-11-28,2550,2635,2550,2610,60840
2016-11-29,2610,2650,2605,2645,24267
2016-11-30,2655,2660,2625,2625,40683
2016-12-01,2650,2650,2585,2625,106420
2016-12-02,2625,2625,2575,2580,93974
2016-12-05,2580,2610,2510,2530,164565
2016-12-06,2540,2575,2500,2530,102642
2016-12-07,2540,2565,2515,2540,104537
2016-12-08,2565,2610,2535,2610,95125
2016-12-09,2615,2630,2595,2630,45279
2016-12-12,2630,2660,2610,2615,95057
2016-12-13,2605,2635,2590,2610,107493
2016-12-14,2610,2655,2600,2650,138880
2016-12-15,2630,2675,2625,2675,48339
2016-12-16,2675,2675,2640,2665,32411
2016-12-19,2665,2690,2650,2665,47077
2016-12-20,2660,2695,2660,2670,29144
2016-12-21,2680,2710,2655,2705,58269
2016-12-22,2705,2705,2660,2690,31141
2016-12-23,2705,2710,2655,2700,67518
2016-12-26,2700,2700,2660,2665,64225
2016-12-27,2675,2685,2645,2665,79007
2016-12-28,2675,2680,2650,2665,41415
2016-12-29,2670,2675,2650,2675,55608
2017-01-02,2665,2680,2650,2680,27683
2017-01-03,2680,2690,2645,2680,76526
2017-01-04,2670,2700,2660,2695,74965
2017-01-05,2700,2710,2685,2710,59036
2017-01-06,2710,2725,2685,2710,147553
2017-01-09,2715,2720,2680,2695,74184
2017-01-10,2680,2705,2670,2685,42005
2017-01-11,2690,2700,2670,2680,45974
2017-01-12,2680,2680,2640,2660,92314
2017-01-13,2670,2670,2645,2660,38903
2017-01-16,2650,2675,2635,2650,67796
2017-01-17,2675,2675,2640,2650,41450
2017-01-18,2645,2675,2645,2655,55656
2017-01-19,2655,2670,2650,2665,43839
2017-01-20,2665,2665,2620,2620,67683
2017-01-23,2620,2660,2600,2605,77610
2017-01-24,2605,2620,2585,2615,55061
2017-01-25,2625,2625,2590,2600,39179
2017-01-26,2610,2630,2595,2625,30532
2017-01-31,2625,2650,2625,2645,42947
2017-02-01,2645,2675,2640,2675,45582
2017-02-02,2695,2695,2665,2680,60592
2017-02-03,2695,2695,2620,2660,79637
2017-02-06,2650,2700,2630,2700,78350
2017-02-07,2700,2700,2670,2690,34268
2017-02-08,2690,2690,2635,2645,51408
2017-02-09,2660,2665,2625,2665,42984
2017-02-10,2670,2670,2630,2650,50616
2017-02-13,2655,2660,2590,2620,114363
2017-02-14,2620,2635,2605,2620,58568
2017-02-15,2630,2680,2620,2660,138865
2017-02-16,2675,2680,2630,2640,38233
2017-02-17,2650,2650,2615,2640,44016
2017-02-20,2645,2645,2625,2640,31494
2017-02-21,2640,2690,2640,2690,85383
2017-02-22,2690,2705,2670,2690,49485
2017-02-23,2690,2700,2670,2675,49322
2017-02-24,2700,2700,2655,2655,98155
2017-02-27,2660,2675,2635,2675,86841
2017-02-28,2675,2690,2670,2680,59164
2017-03-02,2700,2700,2640,2655,85570
2017-03-03,2655,2655,2625,2640,101224
2017-03-06,2645,2645,2600,2615,78849
2017-03-07,2615,2625,2600,2615,68185
2017-03-08,2605,2630,2605,2625,43470
2017-03-09,2625,2640,2620,2630,22706
2017-03-10,2625,2655,2615,2655,48696
2017-03-13,2675,2675,2640,2650,61622
2017-03-14,2640,2665,2635,2640,85027
2017-03-15,2635,2660,2630,2630,93273
2017-03-16,2620,2640,2610,2630,82749
2017-03-17,2630,2680,2630,2660,55983
2017-03-20,2660,2670,2630,2630,45800
2017-03-21,2620,2660,2620,2650,39021
2017-03-22,2650,2660,2620,2650,106609
2017-03-23,2655,2655,2630,2650,49365
2017-03-24,2660,2690,2650,2685,147090
2017-03-27,2700,2710,2660,2670,71667
2017-03-28,2670,2680,2640,2665,60901
2017-03-29,2665,2690,2650,2685,81358
2017-03-30,2690,2785,2680,2785,450132
2017-03-31,2775,2780,2730,2780,153698
2017-04-03,2780,2820,2770,2785,117184
2017-04-04,2810,2865,2805,2855,409089
2017-04-05,2860,2870,2795,2810,202271
2017-04-06,2815,2830,2780,2785,111214
2017-04-07,2800,2825,2775,2825,92381
2017-04-10,2840,2840,2750,2755,106250
2017-04-11,2760,2810,2745,2785,79439
2017-04-12,2785,2810,2765,2795,82452
2017-04-13,2800,2855,2800,2850,197404
2017-04-14,2860,2860,2835,2855,99769
2017-04-17,2855,2870,2835,2855,64218
2017-04-18,2860,2880,2840,2875,97024
2017-04-19,2870,2890,2855,2880,100254
2017-04-20,2880,2885,2855,2870,91086
2017-04-21,2875,2885,2850,2850,114261
2017-04-24,2850,2865,2830,2830,50652
2017-04-25,2815,2860,2815,2850,121822
2017-04-26,2850,2870,2820,2870,93029
2017-04-27,2870,2875,2845,2875,65733
2017-04-28,2870,2870,2850,2860,94437
2017-05-02,2860,2870,2855,2860,70590
2017-05-04,2840,2860,2805,2835,216085
2017-05-08,2860,2915,2840,2875,212683
2017-05-10,2880,2930,2870,2915,178598
2017-05-11,2940,3010,2935,2980,389698
2017-05-12,2980,2995,2930,2960,156873
2017-05-15,2960,3000,2955,2990,95636
2017-05-16,2930,2970,2910,2930,208021
2017-05-17,2920,2955,2910,2920,106011
2017-05-18,2885,2915,2855,2880,206484
2017-05-19,2880,2940,2870,2915,117658
2017-05-22,2930,2955,2895,2955,94377
2017-05-23,2955,2990,2925,2965,118885
2017-05-24,2965,2975,2925,2935,79154
2017-05-25,2930,2990,2905,2975,154609
2017-05-26,2975,3000,2965,3000,165084
2017-05-29,3000,3060,2995,3055,268468
2017-05-30,3060,3075,3045,3070,234513
2017-05-31,3070,3090,3060,3070,173824
2017-06-01,3065,3080,3035,3070,134921
2017-06-02,3055,3070,3030,3045,138986
2017-06-05,3045,3045,2995,3010,94470
2017-06-07,3010,3045,3010,3035,115392
2017-06-08,3030,3065,3020,3050,118106
2017-06-09,3055,3125,3035,3110,288145
2017-06-12,3090,3120,3080,3105,154022
2017-06-13,3095,3140,3090,3130,159062
2017-06-14,3130,3145,3100,3140,136407
2017-06-15,3125,3145,3085,3120,154136
2017-06-16,3095,3145,3095,3145,103518
2017-06-19,3135,3165,3105,3145,204466
2017-06-20,3160,3160,3060,3070,133765
2017-06-21,3070,3085,3010,3010,140120
2017-06-22,3005,3030,2960,2970,114131
2017-06-23,2960,3025,2960,3005,80537
2017-06-26,2985,3010,2965,2965,56523
2017-06-27,2965,2995,2950,2965,75424
2017-06-28,2950,2985,2900,2925,136814
2017-06-29,2925,2960,2895,2935,96803
2017-06-30,2955,2995,2900,2990,96324
2017-07-03,2965,3010,2960,2990,79352
2017-07-04,2980,3015,2970,2985,58511
2017-07-05,2995,3015,2960,2995,77219
2017-07-06,2995,3000,2960,2970,29854
2017-07-07,2960,2980,2925,2980,72517
2017-07-10,2970,2990,2905,2945,77466
2017-07-11,2945,2945,2890,2890,77841
2017-07-12,2890,2925,2860,2860,41303
2017-07-13,2875,2890,2830,2850,57158
2017-07-14,2845,2870,2840,2870,42510
2017-07-17,2855,2900,2845,2890,60519
2017-07-18,2890,2915,2870,2890,42988
2017-07-19,2870,2915,2850,2910,77197
2017-07-20,2920,3015,2910,3000,186837
2017-07-21,3020,3020,2980,3000,95073
2017-07-24,2990,3000,2980,2995,46534
2017-07-25,3005,3025,2990,3010,69556
2017-07-26,3010,3015,2980,3010,71604
2017-07-27,3010,3065,2990,3055,124260
2017-07-28,3045,3070,3005,3055,121811
2017-07-31,3040,3050,3000,3035,65909
2017-08-01,3050,3080,3035,3070,60222
2017-08-02,3080,3080,3040,3040,36103
2017-08-03,3040,3040,2975,2990,87891
2017-08-04,2990,3015,2945,2965,85763
2017-08-07,2970,2970,2930,2930,52871
2017-08-08,2930,2945,2905,2920,40504
2017-08-09,2910,2955,2895,2955,62389
2017-08-10,2955,2965,2850,2890,198116
2017-08-11,2830,2880,2810,2825,97046
2017-08-14,2825,2840,2790,2810,56720
2017-08-16,2805,2830,2800,2830,33818
2017-08-17,2835,2845,2805,2845,27629
2017-08-18,2810,2870,2810,2870,57686
2017-08-21,2835,2895,2835,2870,36375
2017-08-22,2870,2885,2855,2885,37124
2017-08-23,2885,2890,2860,2860,38591
2017-08-24,2850,2870,2830,2860,23416
2017-08-25,2845,2865,2825,2860,61401
2017-08-28,2860,2870,2820,2845,75373
2017-08-29,2825,2845,2820,2830,69650
2017-08-30,2830,2875,2825,2860,80147
2017-08-31,2850,2885,2850,2870,48555
2017-09-01,2870,2915,2865,2890,69293
2017-09-04,2865,2870,2835,2860,41771
2017-09-05,2850,2905,2845,2895,75284
2017-09-06,2880,2910,2865,2870,79707
2017-09-07,2865,2905,2855,2885,64429
2017-09-08,2870,2900,2860,2885,61684
2017-09-11,2865,2885,2865,2870,59265
2017-09-12,2875,2880,2820,2850,130944
2017-09-13,2850,2850,2795,2830,135115
2017-09-14,2830,2845,2805,2820,91230
2017-09-15,2820,2880,2810,2830,134351
2017-09-18,2835,2885,2830,2880,63327
2017-09-19,2885,2920,2875,2915,115487
2017-09-20,2900,2915,2885,2890,82720
2017-09-21,2890,2895,2850,2880,49541
2017-09-22,2880,2880,2830,2855,54367
2017-09-25,2850,2850,2730,2750,175391
2017-09-26,2750,2805,2750,2775,70721
2017-09-27,2795,2810,2745,2785,56021
2017-09-28,2765,2845,2765,2840,45330
2017-09-29,2845,2855,2825,2845,33125
2017-10-10,2830,2870,2830,2860,51225
2017-10-11,2840,2885,2840,2885,46559
2017-10-12,2890,2910,2870,2890,89464
2017-10-13,2890,2910,2880,2905,40861
2017-10-16,2905,2910,2850,2900,47621
2017-10-17,2895,2935,2895,2935,101957
2017-10-18,2935,2940,2910,2930,53843
2017-10-19,2915,2935,2915,2920,63046
2017-10-20,2940,2940,2875,2910,50456
2017-10-23,2920,2920,2870,2890,47317
2017-10-24,2885,2900,2855,2860,80325
2017-10-25,2890,2895,2860,2885,28645
2017-10-26,2910,3020,2885,3020,290065
2017-10-27,3035,3065,2995,3040,159693
2017-10-30,3055,3065,3015,3045,158528
2017-10-31,3050,3050,3025,3035,65108
2017-11-01,3035,3055,3005,3025,102122
2017-11-02,3050,3060,3010,3025,61505
2017-11-03,3035,3035,2990,3025,74661
2017-11-06,3005,3075,3005,3035,133772
2017-11-07,3035,3065,3005,3065,114258
2017-11-08,3065,3095,3045,3095,116823
2017-11-09,3095,3100,3070,3085,102497
2017-11-10,3080,3125,3075,3100,109913
2017-11-13,3125,3125,3085,3095,110133
2017-11-14,3090,3100,3065,3095,77842
2017-11-15,3070,3100,3020,3030,158487
2017-11-16,3055,3130,3040,3120,185719
2017-11-17,3120,3125,3075,3100,96380
2017-11-20,3105,3200,3075,3190,289293
2017-11-21,3215,3250,3150,3150,197570
2017-11-22,3150,3180,3065,3095,143309
2017-11-23,3080,3160,3025,3115,224665
2017-11-24,3120,3150,3100,3125,144627
2017-11-27,3160,3215,3155,3190,299009
2017-11-28,3225,3225,3150,3170,120610
2017-11-29,3170,3170,3060,3095,190807
2017-11-30,3090,3110,3065,3090,89403
2017-12-01,3100,3100,2995,3000,156519
2017-12-04,2970,3050,2970,3025,116034
2017-12-05,3050,3060,3000,3045,133648
2017-12-06,3030,3070,3020,3020,85548
2017-12-07,3020,3080,3020,3070,146829
2017-12-08,3080,3130,3040,3085,197577
2017-12-11,3095,3155,3045,3145,181590
2017-12-12,3170,3170,3105,3105,88778
2017-12-13,3130,3130,3070,3105,84056
2017-12-14,3120,3150,3090,3125,67881
2017-12-15,3125,3160,3090,3160,116895
2017-12-18,3175,3225,3155,3160,304425
2017-12-19,3185,3185,3075,3120,210622
2017-12-20,3100,3165,3085,3140,97236
2017-12-21,3140,3180,3120,3135,137357
2017-12-22,3150,3150,3085,3120,153193
2017-12-26,3100,3130,3045,3090,101837
2017-12-27,3075,3100,3020,3085,113791
2017-12-28,3085,3095,3040,3055,78810
2018-01-02,3010,3065,3010,3060,123857
2018-01-03,3055,3085,3050,3050,79110
2018-01-04,3040,3050,3010,3025,97390
2018-01-05,3020,3045,3010,3035,102498
2018-01-08,3050,3050,3005,3020,92707
2018-01-09,3020,3080,2990,3080,155500
2018-01-10,3080,3170,3055,3160,126840
2018-01-11,3155,3160,3095,3150,109396
2018-01-12,3135,3190,3110,3160,132815
2018-01-15,3195,3205,3150,3150,189502
2018-01-16,3165,3165,3105,3140,177097
2018-01-17,3155,3155,3125,3130,104593
2018-01-18,3160,3350,3140,3340,856618
2018-01-19,3390,3415,3270,3325,460890
2018-01-22,3335,3370,3320,3355,205292
2018-01-23,3370,3395,3335,3385,199149
2018-01-24,3380,3410,3350,3390,179411
2018-01-25,3370,3445,3370,3400,251184
2018-01-26,3440,3450,3395,3425,147836
2018-01-29,3465,3555,3430,3500,410506
2018-01-30,3535,3570,3415,3430,316872
2018-01-31,3400,3485,3380,3470,187353
2018-02-01,3505,3505,3415,3440,127744
2018-02-02,3455,3455,3320,3345,269121
2018-02-05,3280,3295,3075,3205,292495
2018-02-06,3110,3260,3090,3255,253849
2018-02-07,3275,3310,3160,3160,152660
2018-02-08,3160,3230,3160,3175,105415
2018-02-09,3120,3165,3030,3045,231605
2018-02-12,3055,3095,3000,3080,170884
2018-02-13,3075,3100,3010,3040,156930
2018-02-14,3045,3075,3000,3020,99046
2018-02-19,3000,3050,2990,3040,59490
2018-02-20,3040,3090,3035,3055,113367
2018-02-21,3050,3150,3005,3130,186532
2018-02-22,3130,3140,3060,3060,97286
2018-02-23,3060,3075,3025,3025,96388
2018-02-26,3045,3050,2990,3000,122929
2018-02-27,3000,3020,2905,2935,224407
2018-02-28,2935,2980,2905,2905,74969
2018-03-02,2905,2940,2880,2935,62786
2018-03-05,2925,3030,2925,2955,99868
2018-03-06,2985,2995,2935,2950,78680
2018-03-07,2975,2975,2880,2890,151236
2018-03-08,2915,2915,2875,2880,51282
2018-03-09,2900,3035,2875,3015,189845
2018-03-12,3030,3045,2995,3045,82472
2018-03-13,3075,3075,2980,3005,55940
2018-03-14,3030,3030,2935,2945,71654
2018-03-15,2935,2990,2900,2980,66180
2018-03-16,2995,3030,2930,3030,71745
2018-03-19,3030,3030,2990,3015,74751
2018-03-20,3005,3035,2950,3020,94098
2018-03-21,3005,3065,3005,3020,73315
2018-03-22,3005,3040,2980,3015,89183
2018-03-23,2990,2990,2890,2890,130970
2018-03-26,2860,2935,2830,2910,78624
2018-03-27,2915,2945,2885,2920,43914
2018-03-28,2895,2945,2860,2920,57484
2018-03-29,2915,2940,2905,2935,24648
2018-03-30,2935,2965,2910,2960,40480
2018-04-02,2960,3010,2915,2915,126284
2018-04-03,2905,2915,2875,2910,52995
2018-04-04,2910,2915,2815,2845,137291
2018-04-05,2850,2910,2835,2880,71210
2018-04-06,2880,2900,2830,2840,83493
2018-04-09,2840,2870,2820,2865,50333
2018-04-10,2870,2915,2825,2905,91318
2018-04-11,2910,2915,2885,2910,42927
2018-04-12,2895,2920,2865,2885,65903
2018-04-13,2880,2885,2840,2870,78699
2018-04-16,2845,2875,2835,2840,58647
2018-04-17,2845,2875,2845,2865,33793
2018-04-18,2875,2910,2860,2890,50173
2018-04-19,2900,2900,2855,2875,92396
2018-04-20,2895,2915,2865,2900,80528
2018-04-23,2880,2915,2875,2895,52889
2018-04-24,2900,3110,2890,2970,597266
2018-04-25,2965,3000,2935,2950,96302
2018-04-26,2940,2990,2935,2975,59308
2018-04-27,2980,3035,2955,2970,77978
2018-04-30,3005,3005,2920,2960,62055
2018-05-02,2970,2975,2905,2930,75571
2018-05-03,2955,2980,2935,2975,39408
2018-05-04,2965,3080,2965,3045,164704
2018-05-08,3050,3080,2985,3010,162504
2018-05-09,2985,3045,2980,3005,94961
2018-05-10,3015,3015,2970,2975,108685
2018-05-11,2975,3010,2965,2970,73283
2018-05-14,2980,3035,2970,3020,122778
2018-05-15,3020,3055,2990,3000,74682
2018-05-16,3015,3015,2940,2940,65425
2018-05-17,2940,3000,2920,2925,51404
2018-05-18,2960,2970,2910,2950,54705
2018-05-21,2980,2980,2930,2970,30067
2018-05-23,2945,3010,2940,2985,119055
2018-05-24,3010,3010,2930,2930,97942
2018-05-25,2910,2930,2835,2845,174879
2018-05-28,2890,2900,2820,2865,50567
2018-05-29,2870,2905,2870,2900,36872
2018-05-30,2870,2885,2820,2840,125650
2018-05-31,2845,2905,2835,2905,47814
2018-06-01,2905,2905,2835,2835,48890
2018-06-04,2840,2860,2805,2830,97824
2018-06-05,2835,2840,2805,2815,70467
2018-06-07,2825,2845,2820,2820,59052
2018-06-08,2820,2875,2820,2870,57718
2018-06-11,2875,2895,2865,2895,84087
2018-06-12,2895,2940,2865,2920,54776
2018-06-14,2920,2920,2760,2800,114664
2018-06-15,2805,2850,2760,2760,89776
2018-06-18,2760,2765,2650,2660,114761
2018-06-19,2650,2660,2560,2575,125989
2018-06-20,2550,2620,2550,2575,81535
2018-06-21,2595,2595,2555,2560,32670
2018-06-22,2560,2570,2515,2535,71823
2018-06-25,2535,2600,2515,2600,63549
2018-06-26,2600,2600,2515,2535,65126
2018-06-27,2545,2570,2470,2470,122800
2018-06-28,2470,2525,2375,2380,133888
2018-06-29,2415,2440,2310,2360,97129
2018-07-02,2385,2385,2280,2300,61553
2018-07-03,2320,2325,2260,2270,51717
2018-07-04,2285,2300,2255,2285,45686
2018-07-05,2270,2290,2250,2280,39361
2018-07-06,2280,2300,2255,2290,31608
2018-07-09,2310,2380,2300,2340,46367
2018-07-10,2345,2390,2340,2355,32804
2018-07-11,2320,2365,2320,2330,23989
2018-07-12,2345,2360,2315,2315,22391
2018-07-13,2340,2400,2335,2395,28813
2018-07-16,2395,2395,2305,2335,38816
2018-07-17,2320,2740,2290,2300,793405
2018-07-18,2330,2330,2260,2260,72487
2018-07-19,2280,2280,2160,2160,167875
2018-07-20,2150,2195,2130,2140,47238
2018-07-23,2175,2175,2135,2150,21989
2018-07-24,2160,2205,2145,2165,53627
2018-07-25,2170,2220,2165,2205,42928
2018-07-26,2230,2245,2195,2230,13631
2018-07-27,2230,2250,2205,2250,23700
2018-07-30,2255,2260,2220,2225,12628
2018-07-31,2225,2280,2200,2280,37152
2018-08-01,2275,2310,2270,2300,25136
2018-08-02,2310,2330,2290,2320,32354
2018-08-03,2335,2335,2295,2300,10165
2018-08-06,2300,2335,2285,2310,15386
2018-08-07,2320,2330,2250,2285,36121
2018-08-08,2295,2295,2255,2285,13190
2018-08-09,2295,2300,2265,2300,11225
2018-08-10,2315,2325,2280,2280,12634
2018-08-13,2300,2315,2230,2240,11489
2018-08-14,2265,2330,2240,2285,21438
2018-08-16,2285,2290,2245,2290,11679
2018-08-17,2275,2315,2265,2300,24100
2018-08-20,2320,2345,2300,2300,27993
2018-08-21,2325,2325,2275,2295,24428
2018-08-22,2295,2310,2280,2300,12936
2018-08-23,2310,2315,2285,2300,9258
2018-08-24,2330,2330,2300,2320,6580
2018-08-27,2320,2320,2300,2315,20533
2018-08-28,2315,2355,2310,2340,41066
2018-08-29,2325,2340,2320,2330,24414
2018-08-30,2325,2550,2325,2490,328319
2018-08-31,2490,2520,2450,2520,49006
2018-09-03,2475,2515,2405,2420,36529
2018-09-04,2420,2450,2400,2445,26157
2018-09-05,2425,2465,2425,2465,23013
2018-09-06,2425,2455,2405,2410,28049
2018-09-07,2440,2440,2415,2425,17807
2018-09-10,2440,2485,2410,2485,40068
2018-09-11,2490,2490,2450,2480,31739
2018-09-12,2480,2490,2435,2475,26978
2018-09-13,2470,2550,2450,2545,78323
2018-09-14,2535,2540,2500,2530,51530
2018-09-17,2520,2550,2500,2530,34985
2018-09-18,2510,2540,2500,2530,54179
2018-09-19,2530,2545,2505,2530,42981
2018-09-20,2530,2530,2460,2490,57472
2018-09-21,2490,2525,2430,2490,59534
2018-09-27,2475,2530,2465,2530,17793
2018-09-28,2530,2560,2500,2550,48927
2018-10-01,2555,2590,2555,2585,46350
2018-10-02,2600,2700,2595,2650,153248
2018-10-04,2650,2700,2530,2630,65864
2018-10-05,2600,2680,2545,2680,67328
2018-10-08,2675,2685,2640,2645,56342
2018-10-10,2635,2670,2555,2580,25851
2018-10-11,2470,2540,2410,2460,55840
2018-10-12,2365,2525,2365,2525,92115
2018-10-15,2510,2585,2510,2520,40729
2018-10-16,2490,2600,2490,2600,30339
2018-10-17,2600,2640,2575,2600,29597
2018-10-18,2580,2635,2550,2585,34775
2018-10-19,2525,2615,2510,2605,37263
2018-10-22,2520,2590,2520,2560,21130
2018-10-23,2540,2590,2495,2535,26703
2018-10-24,2550,2555,2480,2480,12800
2018-10-25,2400,2450,2275,2285,110438
2018-10-26,2290,2320,2145,2230,74149
2018-10-29,2170,2225,2095,2130,38339
2018-10-30,1935,2200,1935,2200,92268
2018-10-31,2200,2250,2160,2250,12062
2018-11-01,2245,2280,2225,2255,6434
2018-11-02,2285,2315,2260,2280,48631
2018-11-05,2280,2315,2210,2220,76540
2018-11-06,2220,2250,2200,2210,62129
2018-11-07,2210,2240,2200,2215,49536
2018-11-08,2225,2270,2225,2255,21704
2018-11-09,2265,2290,2255,2285,16650
2018-11-12,2300,2310,2265,2295,27498
2018-11-13,2250,2295,2235,2290,12931
2018-11-14,2290,2350,2255,2345,45501
2018-11-15,2350,2380,2315,2380,30427
2018-11-16,2360,2400,2360,2385,16417
2018-11-19,2400,2415,2385,2410,14173
2018-11-20,2390,2390,2345,2390,7373
2018-11-21,2380,2380,2330,2380,15598
2018-11-22,2380,2390,2340,2340,25680
2018-11-23,2325,2340,2310,2320,19539
2018-11-26,2330,2365,2290,2330,36729
2018-11-27,2340,2380,2340,2370,14833
2018-11-28,2380,2385,2330,2335,6807
2018-11-29,2345,2365,2285,2285,132771
2018-11-30,2275,2325,2195,2250,167592
2018-12-03,2250,2325,2250,2305,64308
2018-12-04,2305,2325,2275,2300,17114
2018-12-05,2285,2285,2245,2250,25103
2018-12-06,2250,2275,2200,2200,40641
2018-12-07,2200,2235,2180,2205,17691
2018-12-10,2190,2210,2130,2155,41864
2018-12-11,2155,2180,2135,2155,19591
2018-12-12,2140,2260,2140,2235,21251
2018-12-13,2250,2270,2220,2245,51713
2018-12-14,2260,2265,2190,2200,25107
2018-12-17,2185,2200,2120,2135,143733
2018-12-18,2110,2135,2085,2120,101829
2018-12-19,2130,2135,2110,2125,18339
2018-12-20,2125,2130,2105,2105,18199
2018-12-21,2090,2110,2075,2075,36847
2018-12-24,2080,2080,2000,2020,80014
2018-12-26,2000,2000,1965,1995,52505
2018-12-27,2000,2040,1995,2040,15271
2018-12-28,2040,2065,2010,2040,27239
2019-01-02,2055,2070,2040,2050,25464
2019-01-03,2050,2195,2050,2125,172775
2019-01-04,2125,2165,2110,2165,34315
2019-01-07,2175,2245,2165,2235,93399
2019-01-08,2235,2270,2200,2235,70085
2019-01-09,2230,2320,2225,2300,93404
2019-01-10,2310,2320,2270,2270,36208
2019-01-11,2255,2270,2205,2250,60413
2019-01-14,2215,2250,2180,2180,38121
2019-01-15,2180,2240,2180,2185,68021
2019-01-16,2190,2250,2190,2220,94445
2019-01-17,2235,2250,2205,2235,58662
2019-01-18,2235,2235,2190,2225,43620
2019-01-21,2230,2250,2230,2230,13354
2019-01-22,2210,2235,2200,2220,36470
2019-01-23,2220,2220,2200,2215,16090
2019-01-24,2220,2240,2205,2230,53949
2019-01-25,2220,2270,2220,2270,56106
2019-01-28,2270,2290,2235,2260,45648
2019-01-29,2240,2340,2240,2290,82126
2019-01-30,2275,2330,2255,2270,81469
2019-01-31,2295,2310,2265,2265,36217
2019-02-01,2275,2290,2245,2260,39054
2019-02-07,2260,2295,2245,2260,58327
2019-02-08,2265,2385,2265,2355,174388
2019-02-11,2355,2365,2310,2355,89579
2019-02-12,2375,2380,2345,2355,63499
2019-02-13,2360,2375,2335,2355,51855
2019-02-14,2340,2365,2340,2355,34084
2019-02-15,2340,2365,2330,2355,30170
2019-02-18,2355,2370,2350,2365,57967
2019-02-19,2365,2400,2350,2380,50564
2019-02-20,2380,2400,2360,2375,76592
2019-02-21,2460,2460,2350,2350,106888
2019-02-22,2355,2450,2355,2410,244356
2019-02-25,2410,2435,2375,2390,55068
2019-02-26,2400,2405,2345,2365,70770
2019-02-27,2360,2375,2345,2350,37670
2019-02-28,2350,2390,2320,2320,50498
2019-03-04,2305,2365,2305,2315,35837
2019-03-05,2330,2330,2300,2320,31439
2019-03-06,2330,2330,2295,2330,23340
2019-03-07,2335,2335,2280,2310,100246
2019-03-08,2315,2320,2275,2320,96013
2019-03-11,2325,2330,2265,2290,25428
2019-03-12,2280,2305,2280,2285,7087
2019-03-13,2300,2310,2265,2300,13665
2019-03-14,2305,2305,2235,2235,130287
2019-03-15,2250,2250,2200,2200,46571
2019-03-18,2220,2225,2180,2200,80768
2019-03-19,2185,2200,2130,2140,150984
2019-03-20,2145,2150,2110,2140,48814
2019-03-21,2140,2170,2130,2130,51297
2019-03-22,2160,2160,2130,2155,20915
2019-03-25,2145,2150,2130,2150,22212
2019-03-26,2150,2170,2135,2170,54963
2019-03-27,2170,2190,2150,2160,21420
2019-03-28,2180,2205,2135,2190,89312
2019-03-29,2190,2270,2190,2245,118146
2019-04-01,2230,2255,2220,2240,15692
2019-04-02,2250,2255,2200,2210,26742
2019-04-03,2215,2260,2210,2225,61553
2019-04-04,2240,2250,2210,2240,10058
2019-04-05,2255,2275,2210,2275,60422
2019-04-08,2290,2410,2285,2400,257662
2019-04-09,2405,2425,2375,2420,124353
2019-04-10,2425,2430,2405,2430,86507
2019-04-11,2430,2475,2405,2470,67691
2019-04-12,2480,2490,2455,2475,59964
2019-04-15,2490,2490,2420,2440,40091
2019-04-16,2390,2440,2370,2370,110999
2019-04-17,2420,2420,2385,2395,79610
2019-04-18,2425,2425,2340,2340,69470
2019-04-19,2385,2390,2345,2345,67496
2019-04-22,2380,2385,2340,2340,30309
2019-04-23,2340,2425,2335,2355,195906
2019-04-24,2375,2390,2350,2380,49386
2019-04-25,2380,2390,2320,2355,87260
2019-04-26,2355,2365,2315,2360,67351
2019-04-29,2365,2390,2335,2385,21141
2019-04-30,2385,2390,2330,2380,44963
2019-05-02,2395,2410,2370,2400,66675
2019-05-03,2410,2410,2385,2400,37115
2019-05-07,2370,2420,2325,2340,52976
2019-05-08,2375,2380,2325,2340,37520
2019-05-09,2360,2360,2310,2335,51355
2019-05-10,2345,2345,2250,2285,180401
2019-05-13,2300,2320,2260,2265,97447
2019-05-14,2245,2280,2245,2280,41726
2019-05-15,2290,2330,2265,2325,77414
2019-05-16,2280,2435,2250,2295,305255
2019-05-17,2315,2315,2265,2290,115679
2019-05-20,2290,2345,2260,2295,194165
2019-05-21,2320,2320,2230,2235,195765
2019-05-22,2240,2300,2235,2270,223944
2019-05-23,2270,2300,2265,2270,109853
2019-05-24,2290,2300,2250,2300,120346
2019-05-27,2300,2355,2235,2280,257563
2019-05-28,2260,2315,2260,2315,381214
2019-05-29,2315,2330,2125,2125,391461
2019-05-30,2140,2230,2120,2175,159637
2019-05-31,2175,2235,2120,2220,57592
2019-06-03,2205,2230,2125,2140,108401
2019-06-04,2150,2165,2125,2150,45049
2019-06-05,2150,2180,2150,2170,41381
2019-06-07,2175,2280,2170,2210,94873
2019-06-10,2215,2235,2205,2235,55212
2019-06-11,2240,2420,2235,2270,392864
2019-06-12,2270,2370,2270,2315,109198
2019-06-13,2335,2340,2305,2320,66102
2019-06-14,2355,2365,2315,2315,59578
2019-06-17,2345,2345,2305,2315,61167
2019-06-18,2310,2350,2295,2300,52195
2019-06-19,2325,2325,2290,2300,31811
2019-06-20,2310,2330,2290,2300,33061
2019-06-21,2325,2330,2280,2330,34173
2019-06-24,2330,2330,2290,2300,17683
2019-06-25,2320,2320,2285,2300,34848
2019-06-26,2300,2310,2285,2305,28474
2019-06-27,2320,2320,2285,2295,47063
2019-06-28,2320,2320,2265,2265,61431
2019-07-01,2285,2285,2260,2265,27373
2019-07-02,2260,2295,2240,2290,16424
2019-07-03,2290,2295,2240,2250,57187
2019-07-04,2275,2275,2235,2250,54422
2019-07-05,2275,2290,2245,2280,17114
2019-07-08,2295,2295,2220,2240,100202
2019-07-09,2210,2240,2205,2235,21353
2019-07-10,2205,2245,2205,2230,21117
2019-07-11,2235,2250,2230,2245,19587
2019-07-12,2250,2255,2235,2250,12215
2019-07-15,2235,2285,2235,2280,58089
2019-07-16,2285,2325,2285,2310,132921
2019-07-17,2290,2325,2290,2310,176205
2019-07-18,2310,2360,2310,2325,191289
2019-07-19,2325,2375,2310,2370,93584
2019-07-22,2370,2385,2325,2345,231828
2019-07-23,2325,2365,2285,2285,285073
2019-07-24,2325,2325,2285,2285,13798
2019-07-25,2310,2310,2255,2305,84233
2019-07-26,2255,2320,2255,2290,22976
2019-07-29,2275,2295,2175,2175,34692
2019-07-30,2175,2225,2175,2220,49582
2019-07-31,2240,2245,2190,2190,7434
2019-08-01,2250,2250,2140,2190,20626
2019-08-02,2135,2195,2135,2190,13482
2019-08-05,2145,2190,1990,1990,31829
2019-08-06,1795,1945,1795,1845,214891
2019-08-07,1805,2230,1805,2020,254729
2019-08-08,2085,2085,2025,2030,28081
2019-08-09,2025,2155,2025,2150,57721
2019-08-12,2180,2210,2110,2120,29665
2019-08-13,2165,2165,2090,2115,43074
2019-08-14,2130,2140,2105,2115,10108
2019-08-16,2135,2135,1955,2095,102387
2019-08-19,2120,2145,2050,2120,46847
2019-08-20,2145,2145,2075,2130,15037
2019-08-21,2145,2150,2085,2125,14895
2019-08-22,2135,2135,2085,2120,13318
2019-08-23,2130,2130,2075,2100,11996
2019-08-26,2090,2090,2035,2045,16905
2019-08-27,2055,2090,2055,2090,8724
2019-08-28,2055,2090,2055,2090,3175
2019-08-29,2090,2115,2065,2115,17795
2019-08-30,2140,2145,2085,2135,17422
2019-09-02,2095,2140,2095,2135,11450
2019-09-03,2135,2140,2120,2140,46362
2019-09-04,2140,2145,2130,2130,22338
2019-09-05,2115,2145,2095,2125,37933
2019-09-06,2105,2125,2085,2120,34821
2019-09-09,2090,2125,2080,2120,40067
2019-09-10,2120,2285,2095,2130,176110
2019-09-11,2145,2235,2110,2170,58210
2019-09-16,2170,2215,2155,2195,19040
2019-09-17,2225,2225,2175,2215,19356
2019-09-18,2235,2235,2195,2230,36260
2019-09-19,2230,2265,2200,2230,20519
2019-09-20,2245,2265,2215,2255,8883
2019-09-23,2225,2270,2215,2220,19352
2019-09-24,2210,2210,2155,2195,54400
2019-09-25,2195,2195,2130,2160,62581
2019-09-26,2160,2195,2140,2145,50089
2019-09-27,2135,2360,2110,2120,328972
2019-09-30,2120,2195,2120,2155,23351
2019-10-01,2120,2165,2120,2145,34315
2019-10-02,2145,2160,2120,2150,18694
2019-10-04,2145,2180,2145,2155,10172
2019-10-07,2130,2155,2120,2130,10212
2019-10-08,2120,2155,2120,2140,12844
2019-10-10,2165,2165,2110,2155,20244
2019-10-11,2165,2165,2130,2145,11102
2019-10-14,2165,2165,2145,2155,26255
2019-10-15,2155,2155,2140,2150,20088
2019-10-16,2150,2160,2130,2145,17553
2019-10-17,2175,2175,2135,2150,6562
2019-10-18,2155,2155,2105,2150,58750
2019-10-21,2165,2165,2085,2120,48035
2019-10-22,2120,2130,2105,2120,38643
2019-10-23,2120,2120,2090,2110,35058
2019-10-24,2100,2250,2085,2170,166229
2019-10-25,2260,2790,2020,2050,9888591
2019-10-28,2050,2055,1990,2005,808515
2019-10-29,1995,2015,1960,1960,507578
2019-10-30,1955,2025,1945,2005,424823
2019-10-31,2005,2010,1955,1965,294942
2019-11-01,1960,1980,1955,1960,164729
2019-11-04,1975,1975,1950,1965,152619
2019-11-05,1965,1970,1955,1960,98015
2019-11-06,1960,2000,1960,1985,130016
2019-11-07,1995,2010,1980,2010,136853
2019-11-08,2000,2015,1990,2000,116717
2019-11-11,2005,2015,1985,2005,160536
2019-11-12,2015,2025,1995,2005,105911
2019-11-13,2005,2025,1990,2000,125765
2019-11-14,2000,2025,1990,2010,107802
2019-11-15,2010,2025,2005,2025,102250
2019-11-18,2030,2035,2005,2010,129139
2019-11-19,2010,2025,1995,2000,57124
2019-11-20,1990,2010,1975,1995,71945
2019-11-21,2000,2005,1915,1960,161298
2019-11-22,1965,1990,1950,1985,43723
2019-11-25,1980,2005,1980,2000,60823
2019-11-26,2005,2020,1990,2005,86517
2019-11-27,2000,2015,1990,2010,39533
2019-11-28,1985,2100,1985,2055,640117
2019-11-29,2055,2080,1990,1995,239941
2019-12-02,1995,2015,1975,1980,98078
2019-12-03,1985,1985,1955,1975,67650
2019-12-04,1965,1980,1950,1975,48784
2019-12-05,1975,1995,1950,1970,52623
2019-12-06,1970,2040,1950,2000,190920
2019-12-09,2025,2030,1995,2020,146796
2019-12-10,2030,2030,1955,2015,279347
2019-12-11,2010,2010,1900,1920,884828
2019-12-12,1925,2005,1925,1985,594388
2019-12-13,2005,2030,1970,2005,612039
2019-12-16,2000,2015,1965,2000,643542
2019-12-17,2000,2015,1970,2005,661838
2019-12-18,2010,2010,1970,1995,715486
2019-12-19,2000,2005,1955,1965,1348888
2019-12-20,1970,1995,1960,1985,110220
2019-12-23,1980,2005,1980,1995,92907
2019-12-24,1990,2010,1990,2000,68459
2019-12-26,1990,2055,1990,2050,305685
2019-12-27,2050,2060,2030,2060,102415
2019-12-30,2055,2060,2035,2045,57620
2020-01-02,2045,2085,2040,2070,130551
2020-01-03,2090,2090,2050,2065,60352
2020-01-06,2040,2060,2000,2010,104295
2020-01-07,2010,2065,2010,2055,74744
2020-01-08,2055,2055,1980,1980,159771
2020-01-09,2000,2025,2000,2025,50353
2020-01-10,2025,2050,2010,2025,143450
2020-01-13,2060,2075,2025,2070,117531
2020-01-14,2070,2075,2055,2065,52104
2020-01-15,2065,2090,2055,2085,74446
2020-01-16,2085,2155,2065,2145,358445
2020-01-17,2145,2160,2100,2140,147038
2020-01-20,2110,2155,2110,2145,106378
2020-01-21,2145,2155,2115,2140,65793
2020-01-22,2125,2160,2120,2150,91391
2020-01-23,2150,2150,2105,2115,95203
2020-01-28,2080,2090,2025,2035,96298
2020-01-29,2035,2080,2025,2040,89168
2020-01-30,2060,2085,1985,2015,227724
2020-01-31,2030,2095,2015,2040,177472
2020-02-03,2015,2030,1940,2025,181451
2020-02-04,2030,2040,2005,2040,114040
2020-02-05,2050,2115,2045,2105,203086
2020-02-06,2120,2150,2080,2105,251681
2020-02-07,2105,2130,2085,2105,175281
2020-02-10,2095,2110,2060,2110,45875
2020-02-11,2120,2125,2075,2110,68773
2020-02-12,2110,2110,2075,2090,64758
2020-02-13,2110,2110,2065,2080,82193
2020-02-14,2100,2100,2060,2080,40537
2020-02-17,2080,2085,1995,2005,679495
2020-02-18,2010,2015,1970,2000,129082
2020-02-19,2000,2005,1940,1950,396666
2020-02-20,1970,1970,1910,1940,106600
2020-02-21,1920,1930,1880,1900,215237
2020-02-24,1865,1880,1825,1830,154595
2020-02-25,1805,1840,1805,1820,259196
2020-02-26,1795,1815,1790,1800,106783
2020-02-27,1815,1845,1785,1805,166138
2020-02-28,1795,1810,1785,1795,270717
2020-03-02,1805,1860,1805,1855,114086
2020-03-03,1880,1920,1880,1895,165923
2020-03-04,1895,1950,1880,1940,77046
2020-03-05,1940,1975,1940,1965,111449
2020-03-06,1955,1980,1935,1980,215212
2020-03-09,1960,1975,1935,1955,283320
2020-03-10,1930,1940,1900,1935,89823
2020-03-11,1935,1970,1905,1905,348282
2020-03-12,1895,1925,1780,1780,411421
2020-03-13,1690,1710,1465,1590,548120
2020-03-16,1650,1660,1600,1610,283139
2020-03-17,1585,1665,1520,1640,146050
2020-03-18,1645,1970,1645,1745,559782
2020-03-19,1755,1780,1560,1575,296670
2020-03-20,1550,1740,1550,1715,188123
2020-03-23,1635,1740,1600,1670,351925
2020-03-24,1660,1760,1655,1730,79567
2020-03-25,1750,1810,1710,1725,262660
2020-03-26,1735,1750,1710,1730,166781
2020-03-27,1760,1765,1705,1730,149717
2020-03-30,1725,1740,1680,1730,127562
2020-03-31,1735,1775,1730,1770,357724
2020-04-01,1770,1825,1745,1770,378425
2020-04-02,1770,1800,1725,1795,295441
2020-04-03,1800,1800,1765,1780,94518
2020-04-06,1785,1790,1765,1780,90766
2020-04-07,1790,1820,1790,1805,137237
2020-04-08,1825,1825,1800,1810,44178
2020-04-09,1860,1860,1805,1810,53678
2020-04-10,1815,1820,1765,1810,306593
2020-04-13,1815,1830,1790,1800,105776
2020-04-14,1805,1840,1805,1825,68765
2020-04-16,1835,1860,1800,1850,57511
2020-04-17,1840,1920,1840,1905,123032
2020-04-20,1980,1980,1900,1905,132494
2020-04-21,1890,1895,1810,1855,138783
2020-04-22,1845,1860,1810,1850,65615
2020-04-23,1855,1905,1845,1860,41474
2020-04-24,1865,1865,1845,1850,36985
2020-04-27,1865,1960,1845,1915,87478
2020-04-28,1920,1950,1890,1900,25190
2020-04-29,1935,1935,1870,1910,49126
2020-05-04,1895,1910,1875,1880,10792
2020-05-06,1895,1910,1865,1880,28126
2020-05-07,1880,1890,1860,1880,63475
2020-05-08,1880,1895,1865,1870,90920
2020-05-11,1870,1880,1850,1870,39539
2020-05-12,1860,1890,1845,1860,40033
2020-05-13,1840,1860,1810,1860,49097
2020-05-14,1845,1855,1825,1850,96244
2020-05-15,1855,1855,1810,1840,102275
2020-05-18,1850,1910,1820,1850,91684
2020-05-19,1885,1885,1850,1875,51534
2020-05-20,1875,1900,1855,1875,55659
2020-05-21,1895,1895,1850,1875,66762
2020-05-22,1890,1890,1845,1850,100045
2020-05-25,1850,1870,1830,1850,34936
2020-05-26,1860,1875,1845,1875,58314
2020-05-27,1870,1885,1865,1875,27363
2020-05-28,1885,1885,1835,1850,71097
2020-05-29,1850,1885,1830,1875,90725
2020-06-01,1880,1885,1855,1880,54861
2020-06-02,1880,1890,1860,1870,39850
2020-06-03,1880,1930,1840,1855,237219
2020-06-04,1865,1865,1820,1850,244683
2020-06-05,1840,1860,1825,1845,75849
2020-06-08,1850,1870,1850,1855,79198
2020-06-09,1860,1875,1850,1865,40230
2020-06-10,1875,1875,1850,1865,36739
2020-06-11,1865,1865,1845,1850,42010
2020-06-12,1825,1825,1790,1810,129424
2020-06-15,1815,1835,1795,1795,116308
2020-06-16,1825,1850,1810,1835,27942
2020-06-17,1820,1845,1800,1815,40867
2020-06-18,1830,1870,1805,1860,126383
2020-06-19,1870,1870,1845,1865,32507
2020-06-22,1885,1885,1830,1850,14003
2020-06-23,1850,2405,1850,2000,17865814
2020-06-24,2000,2075,1910,2050,3193402
2020-06-25,1950,1990,1920,1930,755813
2020-06-26,1930,1940,1870,1890,414309
2020-06-29,1850,1865,1810,1830,381218
2020-06-30,1835,1905,1820,1870,301589
2020-07-01,1880,1895,1860,1865,113529
2020-07-02,1865,1890,1850,1885,100213
2020-07-03,1890,1930,1865,1910,127256
2020-07-06,1935,2130,1895,1910,1721454
2020-07-07,1920,1930,1865,1900,146776
2020-07-08,1900,1935,1885,1925,101776
2020-07-09,1945,1945,1900,1915,92862
2020-07-10,1930,1930,1855,1885,177455
2020-07-13,1905,1905,1870,1895,86231
2020-07-14,1900,1940,1875,1925,76887
2020-07-15,1930,1930,1900,1910,103103
2020-07-16,1910,1925,1860,1870,130838
2020-07-17,1870,1895,1865,1885,48625
2020-07-20,1880,1895,1850,1880,145045
2020-07-21,1885,1885,1855,1865,76708
2020-07-22,1875,1895,1860,1865,58551
2020-07-23,1865,1885,1860,1870,59612
2020-07-24,1860,1910,1850,1880,103908
2020-07-27,1870,1885,1865,1880,59835
2020-07-28,1895,1905,1875,1880,44147
2020-07-29,1895,1895,1865,1870,74159
2020-07-30,1880,1900,1870,1890,50682
2020-07-31,1885,1895,1875,1885,35826
2020-08-03,1885,1910,1885,1895,58125
2020-08-04,1895,1925,1895,1915,82710
2020-08-05,1930,1930,1900,1905,59586
2020-08-06,1910,1915,1880,1880,82355
2020-08-07,1880,1910,1865,1875,48193
2020-08-10,1870,1930,1865,1880,57373
2020-08-11,1890,1890,1870,1885,54984
2020-08-12,1895,1900,1870,1880,58898
2020-08-13,1880,1900,1880,1890,43289
2020-08-14,1905,1970,1890,1920,219350
2020-08-18,1905,1920,1850,1850,171613
2020-08-19,1850,1860,1850,1855,46406
2020-08-20,1885,1885,1830,1840,128075
2020-08-21,1850,1865,1835,1850,43555
2020-08-24,1870,1870,1830,1855,27828
2020-08-25,1870,1875,1850,1865,36448
2020-08-26,1860,1990,1860,1900,400754
2020-08-27,1930,1950,1890,1900,216127
2020-08-28,1895,1955,1890,1920,218608
2020-08-31,1935,1980,1910,1940,215611
2020-09-01,1940,1980,1895,1900,124100
2020-09-02,1920,1920,1875,1880,171305
2020-09-03,1880,1915,1845,1845,591861
2020-09-04,1855,2040,1830,1830,3710099
2020-09-07,1830,2010,1805,1850,1862420
2020-09-08,1865,1895,1855,1860,474915
2020-09-09,1845,1890,1830,1875,325142
2020-09-10,1885,1905,1870,1870,276070
2020-09-11,1870,1920,1865,1910,182722
2020-09-14,1925,1945,1905,1920,179516
2020-09-15,1930,1985,1920,1950,506969
2020-09-16,1960,1985,1900,1910,327335
2020-09-17,1910,1930,1880,1900,120834
2020-09-18,1900,1900,1875,1880,91348
2020-09-21,1880,1885,1840,1855,250450
2020-09-22,1845,1855,1790,1800,271768
2020-09-23,1825,1825,1765,1780,146521
2020-09-24,1745,1760,1705,1750,244145
2020-09-25,1740,1760,1710,1730,144310
2020-09-28,1750,1765,1735,1745,49677
2020-09-29,1770,1775,1745,1760,65174
2020-10-05,1760,1795,1745,1790,44786
2020-10-06,1790,1795,1770,1770,50071
2020-10-07,1760,1780,1755,1775,39346
2020-10-08,1780,1795,1775,1780,37057
2020-10-12,1790,1815,1760,1810,114105
2020-10-13,1810,1815,1785,1790,94451
2020-10-14,1800,1800,1760,1770,229130
2020-10-15,1755,1775,1745,1750,71562
2020-10-16,1760,1775,1665,1685,234536
2020-10-19,1685,1705,1675,1700,51820
2020-10-20,1690,1695,1655,1675,67062
2020-10-21,1690,1690,1675,1680,66860
2020-10-22,1680,1695,1670,1680,31560
2020-10-23,1675,1705,1675,1705,34221
