,date,open,high,low,close,volume,pattern1,pattern2,pattern3,nasdaq
0,2015-07-10,42666,46866,32666,33667,2831780,M15,,,U03
1,2015-07-13,35733,36999,33533,34133,695410,M05,M10M05,,U04
2,2015-07-14,34866,34933,32766,33300,344197,M05,M00M05,M10M05,U04
3,2015-07-15,33300,43266,33300,43267,1523762,P10,M00P10,M10P10,U04
4,2015-07-16,44333,54600,44266,46000,1844145,P05,P10P05,S02P05,T01
5,2015-07-17,48000,53200,46066,47000,821545,M05,P00M05,P10M05,U04
6,2015-07-20,47133,51266,44933,45200,306955,M05,M00M05,S05M05,U04
7,2015-07-21,46533,47333,42466,42867,251702,M05,M00M05,M10M05,U03
8,2015-07-22,42333,42666,39866,40333,221848,M05,M00M05,M10M05,T01
9,2015-07-23,40600,44600,40533,42667,306370,P05,M00P05,M10P05,D04
10,2015-07-24,43333,43600,40533,41133,147914,M05,P00M05,S01M05,D04
11,2015-07-27,41333,42133,38733,38733,169408,M03,M00M03,S03M03,D04
12,2015-07-28,38133,38200,36000,37200,138606,M05,M00M05,M10M05,D04
13,2015-07-29,36933,37266,34133,35000,141335,M05,M00M05,M10M05,U04
14,2015-07-30,34999,37666,34933,34933,125485,M04,M00M04,M10M04,U04
15,2015-07-31,35333,36799,35133,36533,85529,P05,M00P05,M10P05,U04
16,2015-08-03,36600,36933,34133,34400,69078,M05,P00M05,S01M05,T01
17,2015-08-04,33533,35333,33300,35000,64222,P05,M00P05,S07P05,T01
18,2015-08-05,34866,41000,34399,36733,364682,P05,P00P05,S00P05,T01
19,2015-08-06,37800,38333,35999,36333,101987,M05,P00M05,P10M05,U04
20,2015-08-07,36533,37733,36333,36933,79778,P05,M00P05,S03P05,D04
21,2015-08-10,34866,35933,34600,34733,174546,M05,P00M05,S01M05,T01
22,2015-08-11,35266,35466,33999,34133,91665,M05,M00M05,S07M05,U04
23,2015-08-12,33933,34000,30833,31933,155712,M05,M00M05,M10M05,D04
24,2015-08-13,31699,35266,31666,33333,160933,P05,M00P05,M10P05,U02
25,2015-08-17,34000,34000,32666,32800,35598,M01,P00M01,S00M01,U04
26,2015-08-18,32700,33066,30833,30933,64031,M05,M00M05,S03M05,U04
27,2015-08-19,29800,30266,27666,28633,98467,M05,M00M05,M10M05,D04
28,2015-08-20,28166,29600,27633,27633,60015,M04,M00M04,M10M04,D04
29,2015-08-21,24933,33200,24933,29333,462248,P13,M00P13,M10P13,D04
30,2015-08-24,28466,32666,28266,30967,161118,P05,P10P05,S02P05,D04
31,2015-08-25,31333,32600,30333,32100,143723,P05,P00P05,P10P05,D04
32,2015-08-26,31733,32666,31433,32167,89979,P05,P00P05,P10P05,D04
33,2015-08-27,32300,35800,32300,32767,237019,P04,P00P04,P10P04,U04
34,2015-08-28,33599,34066,32833,32833,62269,M03,P00M03,P10M03,U04
35,2015-08-31,32500,33133,31100,31333,64544,M05,M00M05,S05M05,U04
36,2015-09-01,30933,32366,30933,31000,46265,K02,M00K02,M10K02,D04
37,2015-09-02,30333,32000,30333,31200,43086,P03,K00P03,S08P03,D04
38,2015-09-03,31933,34533,31866,32667,220307,P05,P00P05,P10P05,U04
39,2015-09-04,33300,33300,31000,31200,63254,M01,P00M01,P10M01,D04
40,2015-09-07,31000,31566,30233,30533,54710,M05,M00M05,S07M05,D04
41,2015-09-08,30400,31800,29999,30467,33835,K00,M00K00,M10K00,D04
42,2015-09-09,31200,33066,31033,32600,91218,P05,K00P05,S08P05,U04
43,2015-09-10,32266,32766,31800,32633,37564,P05,P00P05,P10P05,D04
44,2015-09-11,32600,32600,31866,32267,41141,M01,P00M01,P10M01,U04
45,2015-09-14,32866,32866,31433,31533,30044,M01,M00M01,S06M01,U04
46,2015-09-15,31366,33000,31200,32200,58473,P05,M00P05,M10P05,D04
47,2015-09-16,32700,32866,32266,32633,37201,M05,P00M05,S00M05,U04
48,2015-09-17,33400,34733,32733,32933,115008,M05,M00M05,S05M05,U04
49,2015-09-18,33133,34133,33133,33933,68360,P03,M00P03,M10P03,U02
50,2015-09-21,33233,33733,33000,33733,38454,P01,P00P01,S01P01,D04
51,2015-09-22,34266,36733,33666,36267,278195,P05,P00P05,P10P05,U01
52,2015-09-23,36266,39000,35666,36667,189496,P05,P00P05,P10P05,D04
53,2015-09-24,38200,41733,37466,41467,411897,P05,P00P05,P10P05,T01
54,2015-09-25,42000,45266,41733,42600,292132,P05,P00P05,P10P05,D04
55,2015-09-30,41800,42333,40266,42133,125298,P05,P00P05,P10P05,D04
56,2015-10-01,42733,43333,40133,40267,166066,M05,P00M05,P10M05,U04
57,2015-10-02,40600,41133,38599,39333,132276,M05,M00M05,S07M05,U02
58,2015-10-05,39666,40133,38600,38867,92945,M05,M00M05,M10M05,U04
59,2015-10-06,39333,39333,37733,38400,144110,M01,M00M01,M10M01,U04
60,2015-10-07,39266,39266,36733,36933,99866,M01,M00M01,M10M01,D04
61,2015-10-08,37333,37933,35800,36800,91787,M05,M00M05,M10M05,U04
62,2015-10-12,34666,35333,31500,31533,788309,M05,M00M05,M10M05,U04
63,2015-10-13,31266,32300,31033,31533,243882,P05,M00P05,M10P05,U03
64,2015-10-14,31666,32033,31000,31000,152436,M03,P00M03,S08M03,D04
65,2015-10-15,30666,31366,30500,30867,86638,P05,M00P05,S07P05,D04
66,2015-10-16,31200,31400,30666,30700,128399,M05,P00M05,S08M05,U04
67,2015-10-19,30733,30900,30066,30133,94866,M05,M00M05,S03M05,U04
68,2015-10-20,30333,30400,29300,29567,135624,M05,M00M05,M10M05,U04
69,2015-10-21,29900,30600,29666,29667,119215,M05,M00M05,M10M05,D04
70,2015-10-22,29700,30800,29666,30633,142633,P05,M00P05,M10P05,D04
71,2015-10-23,30866,31000,29699,29967,98144,M05,P00M05,S01M05,U04
72,2015-10-26,30066,30266,29400,29600,76774,M05,M00M05,S03M05,U04
73,2015-10-27,29600,29600,28833,28867,92010,M01,M00M01,M10M01,U01
74,2015-10-28,28866,29600,28866,29600,62914,P00,M00P00,M10P00,T01
75,2015-10-29,29999,30600,29600,29667,97287,M05,P00M05,S02M05,U04
76,2015-10-30,29299,29633,28700,28867,62652,M05,M00M05,S05M05,D04
77,2015-11-02,28700,29166,27666,28200,101347,M05,M00M05,M10M05,D04
78,2015-11-03,28033,28400,27666,27900,67085,M05,M00M05,M10M05,U04
79,2015-11-04,27666,29600,27666,29400,78829,P03,M00P03,M10P03,U04
80,2015-11-05,29399,29399,28666,29100,51124,M01,P00M01,S02M01,T01
81,2015-11-06,28999,29600,28766,29467,63152,P05,M00P05,S06P05,D04
82,2015-11-09,29666,29733,28266,28333,57881,M05,P00M05,S02M05,U04
83,2015-11-10,27899,28233,26666,26700,75109,M05,M00M05,S07M05,D04
84,2015-11-11,26233,27800,26233,27533,32270,P03,M00P03,M10P03,T01
85,2015-11-12,27533,30266,26700,28800,198363,P05,P00P05,S00P05,D04
86,2015-11-13,28366,28900,27700,28167,46889,M05,P00M05,P10M05,D04
87,2015-11-16,27200,27799,27033,27067,35939,M05,M00M05,S06M05,D04
88,2015-11-17,27400,27633,27000,27400,35448,K00,M00K00,M10K00,U04
89,2015-11-18,27333,27566,26900,27133,33318,M05,K00M05,M10M05,T01
90,2015-11-19,27233,27933,26966,27433,42646,P05,M00P05,S04P05,U04
91,2015-11-20,27433,28733,27400,27967,42862,P05,P00P05,S01P05,T01
92,2015-11-23,28333,28366,27800,28100,20540,M05,P00M05,P10M05,U04
93,2015-11-24,28199,28233,27799,27967,22580,M05,M00M05,S05M05,T01
94,2015-11-25,28000,29266,28000,29233,113749,P03,M00P03,M10P03,T01
95,2015-11-26,29533,29933,28800,29100,82835,M05,P00M05,S01M05,T01
96,2015-11-27,29199,29199,28433,28600,46408,M01,M00M01,S03M01,U03
97,2015-11-30,28333,28499,27666,28000,35913,M05,M00M05,M10M05,U03
98,2015-12-01,28133,29100,28133,28767,54523,P03,M00P03,M10P03,D04
99,2015-12-02,28800,29366,28800,29167,69287,P03,P00P03,S01P03,U04
100,2015-12-03,29300,29300,28466,28700,29308,M01,P00M01,P10M01,D04
101,2015-12-04,28166,28400,27900,28000,28238,M05,M00M05,S07M05,D04
102,2015-12-07,28333,28333,27433,27767,22154,M01,M00M01,M10M01,U04
103,2015-12-08,27666,27800,26633,27133,39600,M05,M00M05,M10M05,D04
104,2015-12-09,27133,27566,26666,26800,26311,M05,M00M05,M10M05,T01
105,2015-12-10,26600,26800,25866,26033,50372,M05,M00M05,M10M05,D04
106,2015-12-11,26000,26400,25866,26300,22895,P05,M00P05,M10P05,U04
107,2015-12-14,25833,26000,25233,25233,29269,M03,P00M03,S00M03,D04
108,2015-12-15,25066,25333,23333,24700,52065,M05,M00M05,S07M05,U04
109,2015-12-16,24833,26566,24833,26233,68386,P03,M00P03,M10P03,U04
110,2015-12-17,26600,27166,26200,26400,37609,M05,P00M05,S01M05,U04
111,2015-12-18,26033,26500,25833,26267,28196,P05,M00P05,S05P05,D04
112,2015-12-21,26033,27066,26033,26733,26127,P03,P00P03,S08P03,D04
113,2015-12-22,26733,26866,25966,26267,29032,M05,P00M05,P10M05,U04
114,2015-12-23,26466,26500,25833,25833,29218,M03,M00M03,S03M03,U04
115,2015-12-24,26000,26066,25366,25467,22675,M05,M00M05,M10M05,U04
116,2015-12-28,25400,25666,25000,25033,21465,M05,M00M05,M10M05,U01
117,2015-12-29,24733,25466,24533,25333,45639,P05,M00P05,M10P05,T01
118,2015-12-30,25600,25600,25100,25233,24240,M01,P00M01,S00M01,U04
119,2016-01-04,25233,25333,24100,24100,61248,M03,M00M03,S03M03,D04
120,2016-01-05,23500,23866,23400,23500,74038,K02,M00K02,M10K02,D04
121,2016-01-06,23933,24600,23666,23967,79162,K00,K00K00,M10K00,T01
122,2016-01-07,23533,24200,23266,23267,165624,M05,K00M05,P10M05,D04
123,2016-01-08,22800,23566,22400,23167,87711,P05,M00P05,S07P05,D04
124,2016-01-11,22900,24166,22766,23267,94197,P05,P00P05,S08P05,D04
125,2016-01-12,23366,23366,22666,22700,85429,M01,P00M01,P10M01,T01
126,2016-01-13,22866,23433,22866,23333,92837,P03,M00P03,S07P03,U04
127,2016-01-14,23266,23366,22800,23100,40697,M05,P00M05,S01M05,D04
128,2016-01-15,23233,23266,22500,22700,54886,M05,M00M05,S06M05,U04
129,2016-01-18,22100,22300,21666,21933,54491,M05,M00M05,M10M05,U04
130,2016-01-19,22100,22400,21733,22333,34786,P05,M00P05,M10P05,D04
131,2016-01-20,23100,24200,22500,23200,258587,K00,P00K00,S01K00,T01
132,2016-01-21,23033,23033,22166,22333,59252,M01,K00M01,P10M01,T01
133,2016-01-22,22466,22733,22033,22433,48339,M05,M00M05,S07M05,T01
134,2016-01-25,22433,22966,22433,22967,66192,P00,M00P00,M10P00,U04
135,2016-01-26,22966,23600,22400,22733,99369,M05,P00M05,S02M05,D04
136,2016-01-27,23166,23300,22733,23100,57303,M05,M00M05,S06M05,U04
137,2016-01-28,23000,23333,22966,23233,37615,P05,M00P05,M10P05,D04
138,2016-01-29,23233,23333,22733,23033,47048,M05,P00M05,S02M05,U04
139,2016-02-01,23099,23433,23066,23267,78284,P05,M00P05,S03P05,U04
140,2016-02-02,23300,23333,22633,22733,62303,M05,P00M05,S01M05,U02
141,2016-02-03,22600,22600,22099,22167,52408,M01,M00M01,S07M01,D04
142,2016-02-04,22233,22833,22200,22533,38010,P05,M00P05,M10P05,D04
143,2016-02-05,22366,22666,22300,22667,28872,P01,P00P01,S01P01,U02
144,2016-02-11,22133,22166,21466,21733,41265,M05,P00M05,P10M05,U04
145,2016-02-12,21166,21400,18533,19000,200145,M15,M00M15,S07M15,D04
146,2016-02-15,18733,19266,18333,19033,93657,P05,M10P05,M10P05,D04
147,2016-02-16,19266,19633,19066,19067,66239,M05,P00M05,S00M05,U04
148,2016-02-17,19066,19733,18500,18767,108450,M05,M00M05,S05M05,U04
149,2016-02-18,19000,19433,18933,19000,53075,K02,M00K02,M10K02,U04
150,2016-02-19,19433,19899,19166,19567,63888,P05,K00P05,M10P05,D04
151,2016-02-22,19866,19866,19133,19433,30243,M01,P00M01,P10M01,U04
152,2016-02-23,19533,19533,18900,18933,57946,M01,M00M01,S07M01,U04
153,2016-02-24,18933,19066,18766,18933,35784,K00,M00K00,M10K00,D04
154,2016-02-25,18966,19666,18966,19167,53375,P04,K00P04,M10P04,U04
155,2016-02-26,19233,19533,19133,19200,22158,M05,P00M05,P10M05,U04
156,2016-02-29,19333,19333,18966,19067,27447,M01,M00M01,S05M01,U03
157,2016-03-02,19500,19500,19200,19367,44062,M01,M00M01,M10M01,U04
158,2016-03-03,19366,19533,19200,19467,44520,P05,M00P05,M10P05,U04
159,2016-03-04,19466,19733,19366,19533,47794,K00,P00K00,S04K00,U01
160,2016-03-07,19466,20933,19466,20933,139768,P00,K00P00,S04P00,U03
161,2016-03-08,21133,21333,20500,21333,86358,P02,P00P02,P10P02,T01
162,2016-03-09,21566,21966,21133,21967,65613,P01,P00P01,P10P01,D04
163,2016-03-10,21933,21933,21533,21633,46549,M01,P00M01,P10M01,U04
164,2016-03-11,21633,21666,20933,21333,51476,M05,M00M05,S06M05,T01
165,2016-03-14,21466,21533,20833,21267,35801,M05,M00M05,M10M05,U04
166,2016-03-15,21366,21366,20800,20800,30081,M00,M00M00,M10M00,U01
167,2016-03-16,20733,21500,20733,21400,66446,P03,M00P03,M10P03,D04
168,2016-03-17,21333,21466,21099,21200,29306,M05,P00M05,S02M05,U04
169,2016-03-18,21666,21733,21133,21233,43228,M05,M00M05,S06M05,U03
170,2016-03-21,21233,21600,21133,21300,44559,K00,M00K00,M10K00,U04
171,2016-03-22,21333,21433,21000,21067,51323,M05,K00M05,S00M05,U04
172,2016-03-23,21066,21200,20600,20733,39113,M05,M00M05,S07M05,U03
173,2016-03-24,20733,21000,20600,20667,30004,M05,M00M05,M10M05,D04
174,2016-03-25,20866,20866,20566,20700,22261,M01,M00M01,M10M01,D04
175,2016-03-28,20700,20966,20600,20600,35855,M04,M00M04,S04M04,U02
176,2016-03-29,20599,20700,20000,20167,52213,M05,M00M05,M10M05,T01
177,2016-03-30,20033,20199,19900,19967,42816,M05,M00M05,M10M05,U04
178,2016-03-31,20033,20100,19866,20067,25142,K01,M00K01,M10K01,U04
179,2016-04-01,19933,20400,19933,20000,31078,K02,K00K02,S04K02,T01
180,2016-04-04,20433,21166,20133,21133,90522,P05,K00P05,S04P05,U04
181,2016-04-05,21600,21633,20899,21267,49500,M05,P00M05,P10M05,D04
182,2016-04-06,21166,21366,20866,21167,33456,K00,M00K00,S05K00,D04
183,2016-04-07,21233,22266,21100,22067,203776,P05,K00P05,S08P05,U04
184,2016-04-08,22066,22066,21600,21800,89052,M01,P00M01,P10M01,D04
185,2016-04-11,21800,21933,21066,21133,65422,M05,M00M05,S06M05,U01
186,2016-04-12,21100,21233,20666,20833,45107,M05,M00M05,M10M05,D04
187,2016-04-14,21000,21300,20800,20933,34798,M05,M00M05,M10M05,U04
188,2016-04-15,20733,20899,19933,20400,93362,M05,M00M05,M10M05,T01
189,2016-04-18,20166,20666,20133,20533,54203,P05,M00P05,M10P05,T01
190,2016-04-19,20533,20933,20333,20600,64637,K00,P00K00,S00K00,U04
191,2016-04-20,20700,20900,20333,20500,57095,M05,K00M05,P10M05,D04
192,2016-04-21,20933,21833,20599,21800,180275,P05,M00P05,S04P05,U02
193,2016-04-22,21933,22866,21666,22733,291591,P05,P00P05,S01P05,T01
194,2016-04-25,23233,27700,23233,26433,1658073,P13,P00P13,P10P13,D04
195,2016-04-26,26866,28833,26466,26667,972416,M05,P10M05,P10M05,T01
196,2016-04-27,26400,26600,25400,26600,470358,P02,M00P02,S05P02,T01
197,2016-04-28,26233,26800,25800,26267,285487,K00,P00K00,S08K00,D04
198,2016-04-29,25933,26166,25133,25400,253656,M05,K00M05,P10M05,D04
199,2016-05-02,25400,26133,24866,24867,170438,M05,M00M05,S07M05,D04
200,2016-05-03,25133,26066,25133,25433,208189,P04,M00P04,M10P04,U04
201,2016-05-04,25799,26066,24733,24767,204895,M05,P00M05,S01M05,D04
202,2016-05-09,24966,25766,24833,25533,140839,P05,M00P05,S07P05,U04
203,2016-05-10,25966,26200,25133,25533,147769,M05,P00M05,S01M05,U04
204,2016-05-11,25666,25733,25166,25167,81930,M05,M00M05,S03M05,U04
205,2016-05-12,25066,25666,24999,25567,79272,P05,M00P05,M10P05,D04
206,2016-05-13,25700,25700,25133,25233,63778,M01,P00M01,S00M01,D04
207,2016-05-16,25433,27233,25366,26533,380630,P05,M00P05,S03P05,D04
208,2016-05-17,27200,27533,26000,26633,260090,M05,P00M05,S01M05,U04
209,2016-05-18,26599,26599,24666,24767,236433,M01,M00M01,S05M01,D04
210,2016-05-19,24766,24766,23333,23367,212141,M01,M00M01,M10M01,U04
211,2016-05-20,23533,24066,23333,23700,116401,P05,M00P05,M10P05,D04
212,2016-05-23,24000,24366,23333,24200,99899,P05,P00P05,S01P05,U04
213,2016-05-24,24233,24333,23266,23433,107267,M05,P00M05,P10M05,T01
214,2016-05-25,23733,23966,23266,23367,85163,M05,M00M05,S07M05,U04
215,2016-05-26,23433,23566,22566,22800,109257,M05,M00M05,M10M05,U04
216,2016-05-27,22733,23433,22600,23333,72041,P05,M00P05,M10P05,U02
217,2016-05-30,23766,23766,23433,23667,72304,M02,P00M02,S00M02,U02
218,2016-05-31,23866,24000,23300,24000,114855,P02,M00P02,S05P02,U04
219,2016-06-01,26633,27333,25333,25800,596148,M05,P00M05,S01M05,U04
220,2016-06-02,26033,28566,25566,28400,914029,P05,M00P05,S05P05,U01
221,2016-06-03,28966,30900,28600,29333,909717,P05,P00P05,S01P05,U04
222,2016-06-07,29333,29700,28233,29100,296029,M05,P00M05,P10M05,U04
223,2016-06-08,29766,30900,29266,30400,408437,P05,M00P05,S03P05,T01
224,2016-06-09,31266,32400,30666,31400,379285,K00,P00K00,S01K00,U03
225,2016-06-10,31266,31533,30233,31300,252635,K01,K00K01,P10K01,D04
226,2016-06-13,30899,32333,30600,31400,201419,P05,K00P05,S04P05,D04
227,2016-06-14,30766,32233,30133,31600,277144,P05,P00P05,P10P05,D04
228,2016-06-15,31833,32033,31066,31600,118167,M05,P00M05,P10M05,T01
229,2016-06-16,31366,31500,29366,30167,178950,M05,M00M05,S03M05,T01
230,2016-06-17,30500,31233,29799,30367,132382,M05,M00M05,M10M05,U03
231,2016-06-20,31066,31766,30666,31333,151256,P05,M00P05,M10P05,D04
232,2016-06-21,31666,33333,31400,33333,505059,P01,P00P01,S01P01,U04
233,2016-06-22,33866,34666,32433,33133,375716,M05,P00M05,P10M05,U02
234,2016-06-23,32633,35133,32166,33333,344083,P05,M00P05,S03P05,T01
235,2016-06-24,34133,34133,30200,32000,531409,M01,P00M01,S00M01,U04
236,2016-06-27,31000,32700,30733,31933,222020,P05,M00P05,S07P05,D04
237,2016-06-28,31933,32700,31600,32533,177324,P05,P00P05,S08P05,D04
238,2016-06-29,33000,35200,32800,35200,364991,P01,P00P01,P10P01,U04
239,2016-06-30,35200,35733,34466,34667,270071,M05,P00M05,P10M05,U04
240,2016-07-01,34866,35200,34200,34800,168208,M05,M00M05,S03M05,U04
241,2016-07-04,35000,35266,34466,34800,108830,M05,M00M05,M10M05,U04
242,2016-07-05,35066,35066,34266,34467,111739,M01,M00M01,S04M01,U04
243,2016-07-06,34133,34133,33200,33667,150023,M01,M00M01,M10M01,D04
244,2016-07-07,33933,34066,33266,33467,111206,M05,M00M05,M10M05,U04
245,2016-07-08,33000,33800,32433,32633,200318,M05,M00M05,M10M05,U04
246,2016-07-11,32466,33166,30966,32933,296714,P05,M00P05,M10P05,U04
247,2016-07-12,32833,33233,32300,32700,127648,M05,P00M05,S00M05,U04
248,2016-07-13,32733,33000,32400,32667,96572,M05,M00M05,S06M05,U04
249,2016-07-14,33033,34466,32499,34333,204770,P05,M00P05,S04P05,D04
250,2016-07-15,34666,34800,34066,34467,139742,M05,P00M05,S01M05,U04
251,2016-07-18,34600,34933,34266,34667,100968,K00,M00K00,S05K00,T01
252,2016-07-19,34733,35666,33800,34000,151514,M05,K00M05,S04M05,U04
253,2016-07-20,33666,34333,33133,33533,103850,M05,M00M05,S07M05,D04
254,2016-07-21,34533,34533,32833,33300,107887,M01,M00M01,M10M01,U04
255,2016-07-22,33300,33866,32833,33133,57433,M05,M00M05,M10M05,D04
256,2016-07-25,34000,34000,32800,33033,38741,M01,M00M01,M10M01,U04
257,2016-07-26,32933,33600,32933,33400,48826,P03,M00P03,M10P03,T01
258,2016-07-27,33400,33600,33000,33000,61264,M03,P00M03,S00M03,U03
259,2016-07-28,33266,35466,33233,35333,289220,P05,M00P05,S03P05,U04
260,2016-07-29,35533,36866,35133,36667,272825,P05,P00P05,S01P05,U04
261,2016-08-01,36666,36666,33999,34133,225029,M01,P00M01,P10M01,U02
262,2016-08-02,34666,36666,34666,36667,275013,P00,M00P00,S07P00,U04
263,2016-08-03,37000,37866,35733,37000,176970,K00,P00K00,S01K00,D04
264,2016-08-04,37400,38000,36866,37667,101681,P05,K00P05,P10P05,U04
265,2016-08-05,37266,37333,35066,35267,217772,M05,P00M05,P10M05,U02
266,2016-08-08,35266,36266,34399,35733,110580,P05,M00P05,S07P05,U04
267,2016-08-09,36133,36200,35000,35400,55497,M05,P00M05,S00M05,T01
268,2016-08-10,35533,35933,35000,35467,44120,M05,M00M05,S03M05,U03
269,2016-08-11,35800,35933,35066,35067,49214,M05,M00M05,M10M05,D04
270,2016-08-12,35400,35600,34933,35067,49550,M05,M00M05,M10M05,U04
271,2016-08-16,35400,36733,35000,35800,141298,P05,M00P05,M10P05,U04
272,2016-08-17,36066,36133,34333,34467,86098,M05,P00M05,S01M05,D04
273,2016-08-18,34666,35000,33000,33200,119502,M05,M00M05,S07M05,T01
274,2016-08-19,33200,33400,32000,32867,149952,M05,M00M05,M10M05,U03
275,2016-08-22,32700,33233,32466,32633,56099,M05,M00M05,M10M05,T01
276,2016-08-23,32233,33933,32233,32933,87143,P03,M00P03,M10P03,U02
277,2016-08-24,33233,33400,32000,32200,66265,M05,P00M05,S02M05,U04
278,2016-08-25,32333,32400,30866,30900,113603,M05,M00M05,S07M05,D04
279,2016-08-26,30933,31633,30800,31200,37203,P05,M00P05,M10P05,T01
280,2016-08-29,31199,31500,30466,30900,32561,M05,P00M05,S01M05,U02
281,2016-08-30,30899,31699,30899,31400,47749,P03,M00P03,S04P03,U03
282,2016-08-31,31399,31633,30166,30367,65476,M05,P00M05,S02M05,T01
283,2016-09-01,30533,33033,30466,32900,139499,P05,M00P05,S07P05,T01
284,2016-09-02,32933,33933,32466,33400,127569,P05,P00P05,S01P05,U03
285,2016-09-05,33666,34000,32366,32433,72313,M05,P00M05,P10M05,U03
286,2016-09-06,32433,32666,31833,32133,23906,M05,M00M05,S07M05,U04
287,2016-09-07,32233,32366,31500,31700,55208,M05,M00M05,M10M05,U04
288,2016-09-08,31566,32066,30666,31667,62752,K00,M00K00,M10K00,U02
289,2016-09-09,32066,32066,30799,31000,44827,M01,K00M01,S08M01,D04
290,2016-09-12,30099,31200,30099,31200,44683,P00,M00P00,S07P00,D04
291,2016-09-13,31200,31633,30800,31633,42453,P01,P00P01,S00P01,U04
292,2016-09-19,31833,31833,31066,31367,54983,M01,P00M01,P10M01,T01
293,2016-09-20,31066,31600,30600,30833,71546,M05,M00M05,S03M05,T01
294,2016-09-21,30999,30999,30000,30367,70257,M01,M00M01,M10M01,U02
295,2016-09-22,30466,30700,30333,30533,44102,K00,M00K00,M10K00,U04
296,2016-09-23,30833,32466,30666,32200,130276,P05,K00P05,S01P05,U04
297,2016-09-26,32166,32200,31400,31800,66517,M05,P00M05,P10M05,D04
298,2016-09-27,31399,32900,31399,32667,72448,P03,M00P03,S06P03,D04
299,2016-09-28,32566,32766,31833,32100,71857,M05,P00M05,S02M05,U04
300,2016-09-29,32433,32433,30866,31033,143050,M01,M00M01,S06M01,U03
301,2016-09-30,31066,31400,30800,31367,48452,P05,M00P05,M10P05,D04
302,2016-10-04,31700,32033,31466,31767,51562,K00,P00K00,S01K00,T01
303,2016-10-05,31333,32433,31333,32433,73713,P00,K00P00,P10P00,T01
304,2016-10-06,32433,32533,31900,32333,38376,M05,P00M05,P10M05,U04
305,2016-10-07,32099,32499,30033,30667,148618,M05,M00M05,S03M05,T01
306,2016-10-10,30666,30900,30333,30500,43630,M05,M00M05,M10M05,T01
307,2016-10-11,30166,30700,29799,30000,67706,M05,M00M05,M10M05,U04
308,2016-10-12,30466,32366,30433,31100,144216,P05,M00P05,M10P05,D04
309,2016-10-13,31500,31500,30500,30833,50382,M01,P00M01,S01M01,T01
310,2016-10-14,30966,30966,29966,30133,53826,M01,M00M01,S03M01,D04
311,2016-10-17,29800,30733,29333,29500,49939,M05,M00M05,M10M05,T01
312,2016-10-18,28933,29400,28000,28467,93914,M05,M00M05,M10M05,D04
313,2016-10-19,28400,28866,28333,28600,32209,P05,M00P05,M10P05,U04
314,2016-10-20,28433,28600,27200,27333,86969,M05,P00M05,S00M05,U01
315,2016-10-21,27333,27633,26266,26933,79197,M05,M00M05,S07M05,T01
316,2016-10-24,26733,27500,26033,26033,63966,M03,M00M03,M10M03,U04
317,2016-10-25,26033,26300,23399,23967,229842,M05,M00M05,M10M05,U04
318,2016-10-26,23800,25900,23666,24733,210109,P05,M00P05,M10P05,D04
319,2016-10-27,24766,26000,24766,26000,151034,P00,P00P00,S00P00,D04
320,2016-10-28,26000,26333,25566,26133,62758,P05,P00P05,P10P05,D04
321,2016-10-31,26000,26033,24966,25433,64245,M05,P00M05,P10M05,D04
322,2016-11-01,24899,26333,24899,25767,55050,P03,M00P03,S07P03,T01
323,2016-11-02,25666,26366,25366,26033,68091,P05,P00P05,S00P05,D04
324,2016-11-03,26066,28666,25566,25667,344684,M05,P00M05,P10M05,D04
325,2016-11-04,25966,26000,24333,24500,103784,M05,M00M05,S03M05,D04
326,2016-11-07,24833,25033,24333,24767,52976,M05,M00M05,M10M05,T01
327,2016-11-08,24533,25533,24533,25300,59548,P03,M00P03,M10P03,U04
328,2016-11-09,25466,26000,23366,25000,192352,M05,P00M05,S02M05,U04
329,2016-11-10,25100,26300,25100,26233,87480,P03,M00P03,S03P03,U04
330,2016-11-11,26333,26566,25700,26233,36751,M05,P00M05,S01M05,D04
331,2016-11-14,26233,26266,25500,25733,42441,M05,M00M05,S03M05,U04
332,2016-11-15,25800,25800,24966,24967,44450,M01,M00M01,M10M01,D04
333,2016-11-16,24866,26000,24866,25933,73596,P03,M00P03,M10P03,U04
334,2016-11-17,25933,26333,25800,26100,62953,P05,P00P05,S02P05,U04
335,2016-11-18,26900,28300,26400,26450,111637,M05,P00M05,P10M05,U04
336,2016-11-21,26500,26550,24550,25000,91530,M05,M00M05,S05M05,T01
337,2016-11-22,24900,25000,23600,23800,68836,M05,M00M05,M10M05,U04
338,2016-11-23,23650,24250,23600,23850,23992,P05,M00P05,M10P05,U04
339,2016-11-24,23350,23650,22300,22500,55701,M05,P00M05,S00M05,U04
340,2016-11-25,22500,23750,22500,23400,48349,P03,M00P03,S07P03,T01
341,2016-11-28,23400,23450,22750,23150,20079,M05,P00M05,S02M05,U04
342,2016-11-29,23300,23850,22800,23850,35170,P01,M00P01,S03P01,D04
343,2016-11-30,24100,24100,23000,23200,23602,M01,P00M01,S01M01,U03
344,2016-12-01,23400,23400,22350,22500,21640,M01,M00M01,S07M01,D04
345,2016-12-02,22400,22650,21700,21700,45678,M03,M00M03,M10M03,D04
346,2016-12-05,21500,22100,20650,20650,68000,M03,M00M03,M10M03,U01
347,2016-12-06,20950,21300,20700,20900,40718,M05,M00M05,M10M05,U04
348,2016-12-07,20650,20900,19850,20350,56913,M05,M00M05,M10M05,U04
349,2016-12-08,20450,20600,20000,20350,52841,M05,M00M05,M10M05,U04
350,2016-12-09,20050,22200,19900,21900,206060,P05,M00P05,M10P05,U04
351,2016-12-12,21800,22250,21350,21700,102828,M05,P00M05,S02M05,U04
352,2016-12-13,21700,22000,21600,21750,98851,K00,M00K00,S06K00,D04
353,2016-12-14,22000,23250,21900,22700,149179,P05,K00P05,S04P05,U04
354,2016-12-15,22650,23450,22550,23150,95090,P05,P00P05,P10P05,D04
355,2016-12-16,23000,23650,22700,23600,88649,P05,P00P05,P10P05,U04
356,2016-12-19,24500,24600,23800,23800,106776,M03,P00M03,P10M03,D04
357,2016-12-20,23950,23950,23150,23400,55724,M01,M00M01,S05M01,U04
358,2016-12-21,23400,23400,22900,23050,49576,M01,M00M01,M10M01,U04
359,2016-12-22,23300,23350,22800,23050,31653,M05,M00M05,M10M05,T01
360,2016-12-23,23050,23350,22800,23000,26267,M05,M00M05,M10M05,D04
361,2016-12-26,23250,23250,22700,22750,45985,M01,M00M01,M10M01,D04
362,2016-12-27,22750,22800,22100,22250,60197,M05,M00M05,M10M05,U04
363,2016-12-28,22200,22750,22150,22650,42494,P05,M00P05,M10P05,U04
364,2016-12-29,22700,23050,22500,22750,905936,K00,P00K00,S00K00,D04
365,2017-01-02,22550,22650,21600,21600,61184,M03,K00M03,P10M03,D04
366,2017-01-03,21700,22000,21400,21550,70265,M05,M00M05,S07M05,D04
367,2017-01-04,21800,21800,20950,21150,124323,M01,M00M01,M10M01,U04
368,2017-01-05,21200,22250,21150,22250,112965,P01,M00P01,M10P01,U04
369,2017-01-06,22350,22350,21450,21550,87965,M01,P00M01,S01M01,U03
370,2017-01-09,21400,21400,20200,20450,194862,M01,M00M01,S03M01,U04
371,2017-01-10,20300,20450,19950,20350,90150,K01,M00K01,M10K01,U03
372,2017-01-11,20050,20200,19850,20100,122086,K00,K00K00,S08K00,U04
373,2017-01-12,20100,20450,20100,20400,103278,P03,K00P03,P10P03,U03
374,2017-01-13,20150,21100,20100,20850,68001,P05,P00P05,P10P05,D04
375,2017-01-16,21200,21250,20500,20900,50110,M05,P00M05,P10M05,D04
376,2017-01-17,20700,21150,20650,20850,36388,P05,M00P05,S05P05,U04
377,2017-01-18,21050,21100,20800,21100,33045,K01,P00K01,S08K01,D04
378,2017-01-19,20950,21200,20700,20900,46988,M05,K00M05,P10M05,U04
379,2017-01-20,20700,21100,20700,20850,39760,P03,M00P03,S04P03,D04
380,2017-01-23,20850,21050,20300,20300,38211,M03,P00M03,S08M03,U04
381,2017-01-24,20500,21100,20300,21050,67505,P05,M00P05,S07P05,T01
382,2017-01-25,21050,21500,20900,20900,56632,M04,P00M04,S01M04,U04
383,2017-01-26,20900,21350,20450,21100,41188,P05,M00P05,S03P05,U04
384,2017-01-31,21100,21650,21000,21100,59071,K02,P00K02,S04K02,D04
385,2017-02-01,21100,21500,21100,21450,46019,P03,K00P03,S04P03,T01
386,2017-02-02,21550,21550,20550,20700,81673,M01,P00M01,P10M01,U04
387,2017-02-03,20700,20800,20100,20100,56160,M03,M00M03,S07M03,T01
388,2017-02-06,20050,20950,20000,20900,38550,P05,M00P05,M10P05,U04
389,2017-02-07,20800,21100,20550,20800,25968,K00,P00K00,S02K00,T01
390,2017-02-08,20800,20800,20150,20350,21170,M01,K00M01,P10M01,U03
391,2017-02-09,20500,20500,20050,20200,42938,M01,M00M01,S07M01,U02
392,2017-02-10,20150,20500,20150,20450,31474,P03,M00P03,M10P03,U04
393,2017-02-13,20500,22200,20500,22150,318212,P03,P00P03,S00P03,U04
394,2017-02-14,22550,23000,21850,22900,250011,P05,P00P05,P10P05,U04
395,2017-02-15,23500,23600,22500,22800,189590,M05,P00M05,P10M05,U04
396,2017-02-16,22800,23400,22400,22600,62762,M05,M00M05,S03M05,U04
397,2017-02-17,22300,22500,21600,22100,123058,M05,M00M05,M10M05,T01
398,2017-02-20,22150,22700,21850,22450,63853,P05,M00P05,M10P05,T01
399,2017-02-21,22250,22700,22250,22350,57048,K02,P00K02,S01K02,U04
400,2017-02-22,22200,22400,21800,21900,112032,M05,K00M05,P10M05,U04
401,2017-02-23,21750,23150,21750,22900,168694,P03,M00P03,S07P03,T01
402,2017-02-24,23100,23550,22750,23050,142496,M05,P00M05,S02M05,D04
403,2017-02-27,23050,23300,22650,22800,96966,M05,M00M05,S05M05,U03
404,2017-02-28,22550,22650,22150,22150,59181,M03,M00M03,M10M03,U04
405,2017-03-02,21800,22050,21050,21050,119815,M03,M00M03,M10M03,U04
406,2017-03-03,20300,20400,19250,19800,133910,M05,M00M05,M10M05,D04
407,2017-03-06,19300,20100,18900,19800,118240,P05,M00P05,M10P05,U02
408,2017-03-07,19800,20050,19700,19900,51136,P05,P00P05,S08P05,D04
409,2017-03-08,19900,20100,19500,19700,65317,M05,P00M05,P10M05,T01
410,2017-03-09,19800,20500,19800,19950,66092,P04,M00P04,S07P04,U01
411,2017-03-10,20050,20600,19750,20100,77065,K00,P00K00,S01K00,T01
412,2017-03-13,20150,20950,20150,20650,68831,P03,K00P03,P10P03,U04
413,2017-03-14,20800,20900,19950,20200,69639,M05,P00M05,P10M05,U03
414,2017-03-15,20050,20200,19800,20200,54295,P01,M00P01,S03P01,D04
415,2017-03-16,20200,20350,19900,20200,47195,K00,P00K00,S08K00,U04
416,2017-03-17,20350,20550,20050,20300,54962,M05,K00M05,S04M05,T01
417,2017-03-20,20250,20300,19950,20050,31240,M05,M00M05,S04M05,T01
418,2017-03-21,20150,20250,19950,20150,27663,K00,M00K00,M10K00,T01
419,2017-03-22,20000,20300,20000,20100,26913,P04,K00P04,S04P04,D04
420,2017-03-23,20050,20300,19900,19950,41264,M05,P00M05,S04M05,U04
421,2017-03-24,20000,20700,20000,20600,81646,P03,M00P03,S04P03,T01
422,2017-03-27,20250,20550,20100,20150,52317,M05,P00M05,S01M05,U03
423,2017-03-28,20300,20350,20050,20150,42265,M05,M00M05,S06M05,U03
424,2017-03-29,20200,20300,20100,20250,30607,K00,M00K00,S04K00,U04
425,2017-03-30,20250,20300,20100,20150,31709,M05,K00M05,S04M05,U04
426,2017-03-31,20050,20250,20000,20150,30791,K00,M00K00,S04K00,U04
427,2017-04-03,20200,21300,20050,21300,120755,P01,K00P01,S04P01,T01
428,2017-04-04,21400,21550,20800,21300,83990,M05,P00M05,P10M05,D04
429,2017-04-05,21400,22050,20900,21200,136221,M05,M00M05,S03M05,U01
430,2017-04-06,21200,21300,20750,21000,44698,M05,M00M05,S04M05,D04
431,2017-04-07,21500,21700,21200,21300,138444,M05,M00M05,M10M05,U03
432,2017-04-10,21000,21150,20150,20400,121146,M05,M00M05,M10M05,T01
433,2017-04-11,20150,20600,20050,20300,59599,P05,M00P05,M10P05,U01
434,2017-04-12,20200,20200,19900,19900,97502,M00,P00M00,S08M00,T01
435,2017-04-13,19950,20400,19950,20350,43520,P03,M00P03,S07P03,D04
436,2017-04-14,20100,21500,20100,20550,163689,P04,P00P04,S01P04,D04
437,2017-04-17,20750,21400,20700,21100,177564,P05,P00P05,P10P05,D04
438,2017-04-18,21400,21450,20700,21050,120386,M05,P00M05,P10M05,U04
439,2017-04-19,21050,21550,20800,21450,179776,P05,M00P05,S03P05,T01
440,2017-04-20,21550,22150,21450,21950,234899,P05,P00P05,S02P05,U03
441,2017-04-21,22100,22650,21800,22000,163938,M05,P00M05,P10M05,U04
442,2017-04-24,22100,22150,21150,21350,102491,M05,M00M05,S05M05,T01
443,2017-04-25,21350,21850,21100,21500,71579,P05,M00P05,M10P05,U04
444,2017-04-26,21500,21650,21250,21450,75969,M05,P00M05,S00M05,U04
445,2017-04-27,21300,21550,20950,21100,80616,M05,M00M05,S04M05,T01
446,2017-04-28,21100,21250,20700,21250,69746,P02,M00P02,M10P02,U04
447,2017-05-02,21300,21500,20900,21200,55699,M05,P00M05,S04M05,U04
448,2017-05-04,21200,22150,21150,21900,195070,P05,M00P05,S04P05,D04
449,2017-05-08,22050,22600,22050,22300,160839,P03,P00P03,S02P03,U04
450,2017-05-10,23050,23200,22200,22350,211166,M05,P00M05,P10M05,U04
451,2017-05-11,22700,22750,22250,22350,180972,M05,M00M05,S05M05,U02
452,2017-05-12,22300,23050,21550,21800,359409,M05,M00M05,M10M05,T01
453,2017-05-15,21950,22700,21950,22300,168526,P03,M00P03,M10P03,U01
454,2017-05-16,22400,22550,21750,22150,112087,M05,P00M05,S01M05,U04
455,2017-05-17,22400,23500,22400,23100,405949,P03,M00P03,S03P03,U04
456,2017-05-18,23100,23700,22500,23150,264380,K00,P00K00,S01K00,D04
457,2017-05-19,23650,23650,23000,23150,252828,M01,K00M01,P10M01,U04
458,2017-05-22,23050,23350,22600,23000,183702,M05,M00M05,S03M05,U04
459,2017-05-23,23000,23050,22400,22450,170580,M05,M00M05,M10M05,U04
460,2017-05-24,22450,22650,22250,22400,79248,M05,M00M05,M10M05,U01
461,2017-05-25,22400,22600,22200,22400,78457,K00,M00K00,M10K00,U04
462,2017-05-26,22450,22600,21950,22000,142166,M05,K00M05,S04M05,U04
463,2017-05-29,22000,22150,21600,21700,102969,M05,M00M05,S07M05,U04
464,2017-05-30,21500,22150,21500,22000,92987,P03,M00P03,M10P03,U01
465,2017-05-31,22000,22000,21600,21650,135271,M01,P00M01,S02M01,T01
466,2017-06-01,21750,21800,21500,21550,66903,M05,M00M05,S03M05,T01
467,2017-06-02,21750,21900,21500,21600,102936,M05,M00M05,M10M05,U04
468,2017-06-05,21600,21650,21050,21100,140913,M05,M00M05,S04M05,U04
469,2017-06-07,21250,21250,20600,20900,170065,M01,M00M01,M10M01,D04
470,2017-06-08,20900,20950,20500,20550,123183,M05,M00M05,M10M05,U04
471,2017-06-09,20700,21150,20600,20900,116742,P05,M00P05,M10P05,U04
472,2017-06-12,20900,20900,20400,20450,112467,M01,P00M01,S01M01,D04
473,2017-06-13,20450,20800,20350,20450,82061,K02,M00K02,S07K02,D04
474,2017-06-14,20500,20650,20400,20550,70109,K00,K00K00,M10K00,U04
475,2017-06-15,20550,21100,20500,20550,132985,K02,K00K02,S04K02,D04
476,2017-06-16,20650,20700,20200,20450,82563,M05,K00M05,S04M05,D04
477,2017-06-19,20500,20750,20200,20500,98557,K00,M00K00,S04K00,T01
478,2017-06-20,20550,20600,20250,20400,77046,M05,K00M05,S04M05,U04
479,2017-06-21,20500,20550,20200,20300,59240,M05,M00M05,S04M05,D04
480,2017-06-22,20300,20450,20300,20400,62612,K00,M00K00,M10K00,U04
481,2017-06-23,20450,21400,20450,20650,175846,P04,K00P04,S04P04,U01
482,2017-06-26,20550,20650,20300,20350,73733,M05,P00M05,P10M05,U04
483,2017-06-27,20350,20800,20300,20550,73081,P05,M00P05,S07P05,D04
484,2017-06-28,20500,20800,20400,20700,77297,P05,P00P05,S04P05,D04
485,2017-06-29,20800,20850,20500,20500,38079,M03,P00M03,P10M03,U04
486,2017-06-30,20650,20950,20500,20700,74113,K00,M00K00,S07K00,D04
487,2017-07-03,20600,20950,20600,20700,35440,K00,K00K00,S01K00,T01
488,2017-07-04,20550,20650,20050,20100,101423,M05,K00M05,S04M05,T01
489,2017-07-05,20000,20250,19950,20050,41328,K00,M00K00,S07K00,D04
490,2017-07-06,20050,20100,19600,19750,74458,M05,K00M05,S08M05,U04
491,2017-07-07,19750,19800,19000,19200,117115,M05,M00M05,S07M05,D04
492,2017-07-10,19350,19350,18650,18650,83519,M00,M00M00,M10M00,U04
493,2017-07-11,18500,19000,18500,18650,46884,P04,M00P04,M10P04,U04
494,2017-07-12,18700,18900,18700,18700,36186,K02,P00K02,S08K02,U03
495,2017-07-13,18700,18900,18600,18800,32562,P05,K00P05,P10P05,U04
496,2017-07-14,18850,19100,18650,18700,36802,M05,P00M05,S04M05,U03
497,2017-07-17,18800,19000,18750,18750,34486,M04,M00M04,S04M04,U04
498,2017-07-18,18800,19250,18800,18950,40190,P04,M00P04,S04P04,T01
499,2017-07-19,18950,19150,18800,19050,39142,P05,P00P05,S01P05,U04
500,2017-07-20,19050,19100,18850,18950,29761,M05,P00M05,P10M05,U04
501,2017-07-21,18950,19050,18700,18700,29417,M03,M00M03,S04M03,U01
502,2017-07-24,18750,18850,18700,18750,30416,K00,M00K00,M10K00,T01
503,2017-07-25,18800,18900,18750,18750,23002,M04,K00M04,M10M04,U04
504,2017-07-26,18800,19250,18750,18950,53968,P05,M00P05,S04P05,T01
505,2017-07-27,19000,19100,18800,19100,29157,P01,P00P01,S01P01,U02
506,2017-07-28,19100,19200,18750,18900,48552,M05,P00M05,P10M05,D04
507,2017-07-31,18200,18600,17800,18450,115498,P05,M00P05,S07P05,T01
508,2017-08-01,18450,19000,18150,18750,67312,P05,P00P05,S08P05,D04
509,2017-08-02,18550,18750,18200,18250,69233,M05,P00M05,P10M05,U03
510,2017-08-03,18450,18500,17850,17900,44364,M05,M00M05,S07M05,T01
511,2017-08-04,17900,18050,17000,17150,98915,M05,M00M05,M10M05,D04
512,2017-08-07,17200,17400,17150,17250,33831,K00,M00K00,M10K00,U03
513,2017-08-08,17100,17500,17100,17500,25276,P00,K00P00,S01P00,U04
514,2017-08-09,17450,17500,17250,17350,25265,M05,P00M05,P10M05,T01
515,2017-08-10,17350,17450,17050,17200,30133,M05,M00M05,S06M05,D04
516,2017-08-11,17000,17000,16300,16300,107695,M00,M00M00,M10M00,D04
517,2017-08-14,16400,16550,16150,16250,31499,M05,M00M05,M10M05,U04
518,2017-08-16,16150,16400,15700,15750,62848,M05,M00M05,M10M05,T01
519,2017-08-17,15800,16100,15800,15950,42017,P03,M00P03,M10P03,U03
520,2017-08-18,15650,15950,15550,15750,35273,P05,P00P05,S01P05,D04
521,2017-08-21,15750,15900,15700,15700,28212,M04,P00M04,P10M04,T01
522,2017-08-22,15400,15750,15400,15500,50300,P04,M00P04,S04P04,T01
523,2017-08-23,15700,18250,15700,16550,487403,P04,P00P04,S08P04,U04
524,2017-08-24,16550,16800,16300,16400,49965,M05,P00M05,P10M05,D04
525,2017-08-25,16450,16700,16100,16350,52447,M05,M00M05,S03M05,T01
526,2017-08-28,16200,16550,16200,16400,33018,P03,M00P03,M10P03,T01
527,2017-08-29,16500,16500,16150,16300,27441,M01,P00M01,S00M01,U04
528,2017-08-30,16450,16450,16150,16300,21143,M01,M00M01,S03M01,U04
529,2017-08-31,16450,16450,16050,16100,32114,M01,M00M01,M10M01,U04
530,2017-09-01,16150,16450,15900,16000,38976,M05,M00M05,M10M05,U04
531,2017-09-04,15650,15900,15500,15700,63673,K00,M00K00,M10K00,U04
532,2017-09-05,15600,15900,15150,15200,66889,M05,K00M05,S08M05,U02
533,2017-09-06,15200,15450,15050,15100,48811,M05,M00M05,S07M05,D04
534,2017-09-07,15200,15450,14850,15250,50494,K00,M00K00,M10K00,U04
535,2017-09-08,15250,15300,14550,14750,73589,M05,K00M05,S04M05,U01
536,2017-09-11,14850,14850,14100,14200,97113,M01,M00M01,S07M01,D04
537,2017-09-12,14250,14600,14250,14550,33278,P03,M00P03,M10P03,U04
538,2017-09-13,14350,14550,14150,14150,36638,M03,P00M03,S01M03,U04
539,2017-09-14,15000,15100,14500,14700,98896,M05,M00M05,S07M05,U01
540,2017-09-15,14300,14750,14300,14700,36166,P03,M00P03,M10P03,D04
541,2017-09-18,14550,14700,14400,14450,42587,M05,P00M05,S08M05,U04
542,2017-09-19,14550,14550,14300,14550,30814,K01,M00K01,S06K01,U02
543,2017-09-20,14550,14800,14350,14350,40665,M03,K00M03,S04M03,U02
544,2017-09-21,14300,14850,14250,14350,57271,K02,M00K02,S07K02,T01
545,2017-09-22,14350,14500,13700,13750,69067,M05,K00M05,S08M05,D04
546,2017-09-25,13650,13850,12950,13200,97388,M05,M00M05,S07M05,U01
547,2017-09-26,13050,13650,13050,13350,55299,P03,M00P03,M10P03,D04
548,2017-09-27,13500,13800,13500,13650,48604,P03,P00P03,S00P03,U02
549,2017-09-28,13550,14700,13550,14400,103445,P03,P00P03,P10P03,U04
550,2017-09-29,14500,16450,14500,15650,526209,P03,P00P03,P10P03,T01
551,2017-10-10,15650,15950,14800,15650,164297,K00,P00K00,P10K00,T01
552,2017-10-11,15850,15850,15150,15300,67737,M01,K00M01,P10M01,U02
553,2017-10-12,15550,15600,15050,15350,40765,M05,M00M05,S07M05,U03
554,2017-10-13,15500,16100,14900,15950,184834,P05,M00P05,M10P05,T01
555,2017-10-16,15950,18200,15550,17850,698530,P15,P00P15,S01P15,U03
556,2017-10-17,18200,18200,17250,17900,252200,M02,P10M02,P10M02,U04
557,2017-10-18,17700,19000,17500,18500,285411,P05,M00P05,S05P05,T01
558,2017-10-19,18500,21350,18500,19400,2121065,P04,P00P04,S02P04,T01
559,2017-10-20,19600,20250,18600,18750,414002,M05,P00M05,P10M05,D04
560,2017-10-23,19100,19900,18900,18900,265409,M04,M00M04,S03M04,U04
561,2017-10-24,18700,19200,18300,18850,163565,P05,M00P05,M10P05,D04
562,2017-10-25,19000,20150,18700,18850,283019,M05,P00M05,S08M05,U03
563,2017-10-26,19100,20250,18650,20050,487686,P05,M00P05,S03P05,D04
564,2017-10-27,20050,20200,19150,19200,366948,M05,P00M05,S01M05,T01
565,2017-10-30,19800,20600,19450,20400,460165,P05,M00P05,S03P05,U04
566,2017-10-31,20750,21900,19800,21250,722713,P05,P00P05,S01P05,T01
567,2017-11-01,21500,21800,20900,21450,296071,M05,P00M05,P10M05,U04
568,2017-11-02,21150,21750,20650,20800,191372,M05,M00M05,S05M05,T01
569,2017-11-03,21000,21000,19750,20150,317922,M01,M00M01,M10M01,T01
570,2017-11-06,20350,21000,20200,20450,207493,K00,M00K00,M10K00,U04
571,2017-11-07,20900,20900,20050,20850,145499,M02,K00M02,S01M02,U04
572,2017-11-08,20850,20850,20300,20650,111934,M01,M00M01,S05M01,T01
573,2017-11-09,20750,20800,20100,20300,108765,M05,M00M05,M10M05,U04
574,2017-11-10,20250,20550,20100,20500,65331,P05,M00P05,M10P05,D04
575,2017-11-13,20850,21350,20750,20950,236036,K00,P00K00,S00K00,T01
576,2017-11-14,21200,21250,20300,20600,131722,M05,K00M05,P10M05,U02
577,2017-11-15,20200,20500,19850,19900,166045,M05,M00M05,S07M05,D04
578,2017-11-16,19950,20450,19900,20300,95533,P05,M00P05,M10P05,D04
579,2017-11-17,20300,20450,19850,19950,80529,M05,P00M05,S01M05,U04
580,2017-11-20,20250,20250,19900,20000,69301,M01,M00M01,S07M01,T01
581,2017-11-21,20050,20100,19250,19250,120722,M03,M00M03,M10M03,U02
582,2017-11-22,19350,19400,18650,19200,105013,M05,M00M05,M10M05,U04
583,2017-11-23,19300,20500,19300,19750,199416,P03,M00P03,M10P03,U04
584,2017-11-24,19750,19750,19300,19650,39082,M02,P00M02,S01M02,U01
585,2017-11-27,20000,20050,19450,19750,81963,M05,M00M05,S03M05,U04
586,2017-11-28,20100,20650,19650,20450,179090,P05,M00P05,M10P05,T01
587,2017-11-29,20650,22250,20300,22250,744584,P01,P00P01,S01P01,U04
588,2017-11-30,22450,22650,21700,22050,407791,M05,P00M05,P10M05,D04
589,2017-12-01,22150,22400,21450,22100,206006,M05,M00M05,S03M05,U04
590,2017-12-04,22200,22850,21750,22600,319279,P05,M00P05,M10P05,D04
591,2017-12-05,22850,22900,22000,22200,202253,M05,P00M05,S01M05,D04
592,2017-12-06,22050,22400,21450,22300,194986,P05,M00P05,S07P05,T01
593,2017-12-07,22600,22750,21600,22600,165293,K01,P00K01,S00K01,U03
594,2017-12-08,22650,22700,22100,22700,101075,K01,K00K01,P10K01,U04
595,2017-12-11,22850,22900,22000,22450,108814,M05,K00M05,S04M05,U04
596,2017-12-12,22450,22500,21000,21000,218581,M03,M00M03,S07M03,U04
597,2017-12-13,21000,21600,21000,21100,72269,K02,M00K02,M10K02,T01
598,2017-12-14,21150,21350,20550,20850,86106,M05,K00M05,S00M05,U03
599,2017-12-15,21200,21200,19800,20250,172977,M01,M00M01,S07M01,D04
600,2017-12-18,20700,20950,20500,20600,115317,M05,M00M05,M10M05,U04
601,2017-12-19,20400,20500,19700,19750,93073,M05,M00M05,M10M05,U04
602,2017-12-20,19500,20100,19300,19300,66120,M04,M00M04,M10M04,D04
603,2017-12-21,19300,19400,18500,18500,95652,M03,M00M03,M10M03,T01
604,2017-12-22,18200,18450,17700,18300,116920,P05,M00P05,M10P05,U01
605,2017-12-26,18550,18550,17600,17600,119936,M00,P00M00,S08M00,T01
606,2017-12-27,17600,17600,17200,17550,105674,M02,M00M02,S07M02,D04
607,2017-12-28,17550,18100,17550,17700,125477,P04,M00P04,M10P04,U01
608,2018-01-02,18400,19150,18150,19000,144849,P05,P00P05,S04P05,D04
609,2018-01-03,19150,19250,18500,19000,102915,M05,P00M05,P10M05,U04
610,2018-01-04,19050,19100,18500,18500,66179,M03,M00M03,S03M03,U04
611,2018-01-05,18500,18850,18450,18700,54372,P05,M00P05,M10P05,U03
612,2018-01-08,18800,18900,18200,18500,59928,M05,P00M05,S00M05,U04
613,2018-01-09,18550,18700,18050,18450,47046,M05,M00M05,S07M05,U04
614,2018-01-10,18600,20100,18500,19900,239590,P05,M00P05,M10P05,U01
615,2018-01-11,20300,20700,19700,20000,166836,M05,P00M05,S01M05,T01
616,2018-01-12,20300,20300,19300,19350,93917,M01,M00M01,S05M01,U04
617,2018-01-15,19450,19650,19100,19400,59921,M05,M00M05,M10M05,U04
618,2018-01-16,19050,20050,19050,19650,139057,P03,M00P03,M10P03,U04
619,2018-01-17,19650,21250,19400,21150,321644,P05,P00P05,S02P05,D04
620,2018-01-18,21500,21550,20550,21000,127146,M05,P00M05,P10M05,U04
621,2018-01-19,20750,21950,20750,21550,251599,P03,M00P03,S03P03,T01
622,2018-01-22,21750,22200,21600,21800,199019,K00,P00K00,S02K00,U04
623,2018-01-23,21900,21950,20950,21400,120975,M05,K00M05,P10M05,U04
624,2018-01-24,21600,21600,20500,20850,140714,M01,M00M01,S07M01,U04
625,2018-01-25,20850,21100,20300,20650,111348,M05,M00M05,M10M05,D04
626,2018-01-26,20650,21100,20600,21000,70774,P05,M00P05,M10P05,T01
627,2018-01-29,21050,21200,20650,20700,107935,M05,P00M05,S02M05,U04
628,2018-01-30,20800,20950,20250,20400,85063,M05,M00M05,S03M05,D04
629,2018-01-31,20050,20650,19850,20550,81695,P05,M00P05,M10P05,D04
630,2018-02-01,20450,21700,20450,21500,279737,P03,P00P03,S00P03,U02
631,2018-02-02,21500,21650,20550,20750,151958,M05,P00M05,P10M05,D04
632,2018-02-05,19750,20250,19300,19400,192962,M05,M00M05,S03M05,D04
633,2018-02-06,18400,19050,18000,18750,163685,P05,M00P05,M10P05,D04
634,2018-02-07,19000,19200,18100,18100,106935,M03,P00M03,S08M03,U04
635,2018-02-08,17950,18600,17950,18450,83674,P03,M00P03,S07P03,D04
636,2018-02-09,17450,18250,17400,17850,101594,P05,P00P05,S00P05,D04
637,2018-02-12,17850,18100,17550,18000,52443,P05,P00P05,P10P05,U04
638,2018-02-13,18050,18300,17600,17650,81714,M05,P00M05,P10M05,U04
639,2018-02-14,17800,18000,17500,17950,28977,P05,M00P05,S07P05,U04
640,2018-02-19,18050,18550,18050,18500,53607,P03,P00P03,S01P03,U04
641,2018-02-20,19200,19200,18400,18550,43986,M01,P00M01,P10M01,T01
642,2018-02-21,18650,18950,18350,18600,51729,M05,M00M05,S05M05,T01
643,2018-02-22,18800,19000,18300,18600,31973,M05,M00M05,M10M05,T01
644,2018-02-23,18700,18700,18200,18400,46003,M01,M00M01,M10M01,T01
645,2018-02-26,18550,18850,18350,18700,52129,P05,M00P05,M10P05,U04
646,2018-02-27,19000,19000,18550,18600,22732,M01,P00M01,S01M01,U04
647,2018-02-28,18350,18650,18200,18300,23314,M05,M00M05,S03M05,D04
648,2018-03-02,18050,18250,17800,18150,20010,P05,M00P05,M10P05,D04
649,2018-03-05,18100,18350,17950,18050,20660,M05,P00M05,S08M05,U04
650,2018-03-06,18200,18300,17700,18000,59464,M05,M00M05,S04M05,U04
651,2018-03-07,18000,18100,17300,17400,97702,M05,M00M05,M10M05,U04
652,2018-03-08,17400,17600,17100,17100,100381,M03,M00M03,M10M03,U04
653,2018-03-09,17200,17950,17200,17700,151342,P03,M00P03,M10P03,U04
654,2018-03-12,18150,18500,18000,18200,95668,K00,P00K00,S01K00,U04
655,2018-03-13,18500,18750,18150,18200,115134,M05,K00M05,P10M05,U04
656,2018-03-14,18100,18150,17500,18000,84309,M05,M00M05,S03M05,D04
657,2018-03-15,18000,18150,17650,18100,83873,P05,M00P05,M10P05,T01
658,2018-03-16,18100,18200,17800,18000,28583,M05,P00M05,S04M05,T01
659,2018-03-19,17850,17900,17600,17650,45019,M05,M00M05,S04M05,T01
660,2018-03-20,17250,17950,17250,17600,59278,P03,M00P03,M10P03,D04
661,2018-03-21,17650,17700,17250,17300,62207,M05,P00M05,S08M05,U03
662,2018-03-22,17300,17550,17200,17250,56726,M05,M00M05,S03M05,T01
663,2018-03-23,16900,16950,16400,16400,102109,M03,M00M03,M10M03,D04
664,2018-03-26,16300,16600,15950,16450,45512,P05,M00P05,M10P05,D04
665,2018-03-27,16500,16850,16400,16600,64927,P05,P00P05,S00P05,U04
666,2018-03-28,16550,17050,16400,16700,75457,P05,P00P05,P10P05,D04
667,2018-03-29,16650,16700,16150,16300,61129,M05,P00M05,P10M05,D04
668,2018-03-30,16400,16950,16100,16800,56986,P05,M00P05,S07P05,D04
669,2018-04-02,19000,19450,18500,19400,736748,P05,P00P05,S01P05,U04
670,2018-04-03,19350,19550,18300,19050,301512,M05,P00M05,P10M05,D04
671,2018-04-04,19150,19200,18300,18300,211653,M03,M00M03,S06M03,U04
672,2018-04-05,18500,18750,18100,18450,116984,M05,M00M05,M10M05,U04
673,2018-04-06,18200,18900,18100,18300,101313,P05,M00P05,M10P05,U04
674,2018-04-09,18300,19250,18000,19000,132072,P05,P00P05,S08P05,D04
675,2018-04-10,19000,19150,18500,19000,84200,K01,P00K01,P10K01,U04
676,2018-04-11,19200,19300,18650,18700,77176,M05,K00M05,P10M05,U04
677,2018-04-12,18550,18700,18050,18700,118083,P02,M00P02,S07P02,D04
678,2018-04-13,18800,19500,18400,19500,219075,P01,P00P01,S08P01,U04
679,2018-04-16,20750,21300,20100,20400,518066,M05,P00M05,P10M05,D04
680,2018-04-17,20400,20750,19950,20550,184691,P05,M00P05,S05P05,U04
681,2018-04-18,20600,21000,20300,20550,233047,M05,P00M05,S00M05,U04
682,2018-04-19,20700,20850,20150,20700,178610,K01,M00K01,S04K01,U03
683,2018-04-20,20900,20900,20100,20350,153996,M01,K00M01,S04M01,D04
684,2018-04-23,20200,20200,19200,19300,173704,M01,M00M01,S07M01,D04
685,2018-04-24,19500,20100,19400,19750,183838,P05,M00P05,M10P05,T01
686,2018-04-25,19700,20050,19250,19350,87186,M05,P00M05,S01M05,D04
687,2018-04-26,19350,19750,19250,19450,92865,P05,M00P05,S07P05,T01
688,2018-04-27,19500,19900,19050,19250,83034,M05,P00M05,S00M05,U04
689,2018-04-30,19300,19450,18500,19400,159829,P05,M00P05,S07P05,T01
690,2018-05-02,19200,19300,18600,18900,112877,M05,P00M05,S01M05,U04
691,2018-05-03,18700,18950,18450,18500,112624,M05,M00M05,S07M05,D04
692,2018-05-04,19400,19700,18850,18850,140341,M03,M00M03,M10M03,T01
693,2018-05-08,19250,19450,18750,18800,86558,M05,M00M05,M10M05,U04
694,2018-05-09,18700,18950,18350,18800,49559,P05,M00P05,M10P05,T01
695,2018-05-10,18750,18950,18500,18500,64841,M03,P00M03,S08M03,U04
696,2018-05-11,18900,19000,18600,18800,45463,M05,M00M05,S07M05,U04
697,2018-05-14,18800,19050,18400,18600,47441,M05,M00M05,M10M05,T01
698,2018-05-15,18800,18800,18100,18400,78970,M01,M00M01,M10M01,U02
699,2018-05-16,18050,18150,17400,17550,188898,M05,M00M05,M10M05,D04
700,2018-05-17,17550,17650,17000,17200,129237,M05,M00M05,M10M05,U04
701,2018-05-18,17100,17800,17100,17800,89038,P00,M00P00,M10P00,T01
702,2018-05-21,17800,18750,17800,18350,138475,P03,P00P03,S02P03,D04
703,2018-05-23,18400,18500,17800,18300,64853,M05,P00M05,P10M05,T01
704,2018-05-24,18250,18650,18100,18350,46269,P05,M00P05,S03P05,U04
705,2018-05-25,18100,18150,17700,17850,58283,M05,P00M05,S04M05,T01
706,2018-05-28,17750,18150,17600,18100,36035,P05,M00P05,S07P05,T01
707,2018-05-29,18250,18450,17750,18100,35901,M05,P00M05,S02M05,U02
708,2018-05-30,18000,18000,17500,17700,44074,M01,M00M01,S03M01,D04
709,2018-05-31,17700,18200,17600,18050,39967,P05,M00P05,M10P05,U04
710,2018-06-01,18450,18450,17750,18000,30658,M01,P00M01,S02M01,T01
711,2018-06-04,18000,18000,17500,17600,55860,M01,M00M01,S03M01,U04
712,2018-06-05,17600,17650,17350,17600,42664,K01,M00K01,M10K01,U04
713,2018-06-07,17550,17600,17400,17450,41208,M05,K00M05,M10M05,U04
714,2018-06-08,17500,17650,17200,17600,42453,P05,M00P05,S04P05,D04
715,2018-06-11,17550,17650,17050,17150,80582,M05,P00M05,S04M05,U02
716,2018-06-12,17150,17250,17000,17050,44342,M05,M00M05,S07M05,U03
717,2018-06-14,17100,17100,16500,16650,66514,M01,M00M01,M10M01,T01
718,2018-06-15,16500,16800,16300,16600,53682,P05,M00P05,M10P05,U04
719,2018-06-18,16500,16600,15250,15400,141725,M05,P00M05,S08M05,T01
720,2018-06-19,15300,15600,15050,15050,47676,M03,M00M03,S07M03,T01
721,2018-06-20,14850,15400,14850,14950,99955,P04,M00P04,M10P04,D04
722,2018-06-21,15050,15050,14450,14500,91692,M01,P00M01,S08M01,U04
723,2018-06-22,14500,14650,14050,14450,77895,M05,M00M05,S07M05,D04
724,2018-06-25,14350,14850,14350,14500,80264,P04,M00P04,M10P04,T01
725,2018-06-26,14250,14600,14200,14400,30162,P05,P00P05,S02P05,D04
726,2018-06-27,14400,15350,14400,14800,80333,P03,P00P03,P10P03,U04
727,2018-06-28,14600,15250,14600,15000,61146,P03,P00P03,P10P03,D04
728,2018-06-29,15000,15800,14550,15800,49726,P01,P00P01,P10P01,U04
729,2018-07-02,15500,15550,14800,14800,47148,M03,P00M03,P10M03,U01
730,2018-07-03,14800,15050,14400,14600,35809,M05,M00M05,S07M05,U04
731,2018-07-04,14300,14900,14300,14800,28955,P03,M00P03,M10P03,U04
732,2018-07-05,14900,15000,14150,14500,50617,M05,P00M05,S02M05,D04
733,2018-07-06,14550,15100,14250,15100,59695,P01,M00P01,S03P01,U04
734,2018-07-09,15100,15200,14700,15050,30793,M05,P00M05,S01M05,U04
735,2018-07-10,15150,15450,14950,15000,37119,M05,M00M05,S03M05,U04
736,2018-07-11,14750,15000,14550,14650,40567,M05,M00M05,S04M05,U01
737,2018-07-12,14600,15000,14600,14950,27408,P03,M00P03,M10P03,D04
738,2018-07-13,14950,15300,14750,15200,33609,P05,P00P05,S02P05,U04
739,2018-07-16,15100,15300,14950,14950,17070,M03,P00M03,P10M03,T01
740,2018-07-17,14950,15150,14650,14950,19010,K00,M00K00,S07K00,T01
741,2018-07-18,15200,15250,14600,14700,32782,M05,K00M05,S04M05,U04
742,2018-07-19,15000,15000,14200,14350,46049,M01,M00M01,S07M01,T01
743,2018-07-20,14150,14400,14050,14300,25143,P05,M00P05,M10P05,D04
744,2018-07-23,14450,14450,13550,13550,45730,M00,P00M00,S08M00,T01
745,2018-07-24,13400,13700,13350,13550,42755,P05,M00P05,S07P05,U04
746,2018-07-25,13400,13650,13350,13500,28310,P05,P00P05,S08P05,T01
747,2018-07-26,13700,13800,13450,13800,26647,P02,P00P02,P10P02,U04
748,2018-07-27,13600,14550,13600,14400,26342,P03,P00P03,P10P03,D04
749,2018-07-30,14350,14750,14000,14700,16996,P05,P00P05,P10P05,D04
750,2018-07-31,14500,14750,14300,14350,28580,M05,P00M05,P10M05,D04
751,2018-08-01,14350,15350,14350,15200,98823,P03,M00P03,S07P03,U04
752,2018-08-02,15100,15200,14750,14750,63371,M03,P00M03,S02M03,U04
753,2018-08-03,14750,15100,14650,14800,18916,K00,M00K00,S06K00,U04
754,2018-08-06,14800,15350,14800,15000,31920,P03,K00P03,S00P03,U02
755,2018-08-07,14850,15150,14750,14800,10989,M05,P00M05,P10M05,U04
756,2018-08-08,14800,14900,14450,14700,27778,M05,M00M05,S07M05,U04
757,2018-08-09,14600,14700,14350,14500,15881,M05,M00M05,M10M05,U01
758,2018-08-10,14400,14600,14250,14400,22103,K00,M00K00,M10K00,U01
759,2018-08-13,14400,14450,13850,14000,25224,M05,K00M05,M10M05,D04
760,2018-08-14,14000,14250,13850,14050,14690,K00,M00K00,S07K00,T01
761,2018-08-16,13650,13650,13000,13650,41729,K01,K00K01,S00K01,D04
762,2018-08-17,13800,13950,13600,13750,20044,M05,K00M05,P10M05,U04
763,2018-08-20,13650,13900,13500,13650,22051,K00,M00K00,S05K00,U02
764,2018-08-21,13600,14050,13600,13950,23114,P03,K00P03,M10P03,U01
765,2018-08-22,13950,14150,13900,13950,19271,K02,P00K02,P10K02,U04
766,2018-08-23,14250,15000,14100,14750,140161,P05,K00P05,P10P05,U04
767,2018-08-24,15200,15600,14950,15100,194751,M05,P00M05,P10M05,T01
768,2018-08-27,15200,15200,14600,14750,55237,M01,M00M01,S05M01,U04
769,2018-08-28,14800,15000,14600,14600,46814,M03,M00M03,M10M03,U04
770,2018-08-29,14650,14950,14550,14750,25367,P05,M00P05,M10P05,U02
771,2018-08-30,15300,15400,14850,14900,75144,M05,P00M05,S01M05,U04
772,2018-08-31,15150,15150,14700,15000,23364,M02,M00M02,S05M02,T01
773,2018-09-03,14800,14950,14700,14850,28230,K00,M00K00,M10K00,T01
774,2018-09-04,14750,14950,14700,14700,22941,M04,K00M04,S08M04,U03
775,2018-09-05,14700,15200,14700,14800,53484,P04,M00P04,S07P04,T01
776,2018-09-06,15000,15100,14700,14750,28280,M05,P00M05,S04M05,D04
777,2018-09-07,14750,14950,14500,14550,43393,M05,M00M05,S03M05,D04
778,2018-09-10,14550,14550,14250,14500,26061,M02,M00M02,M10M02,T01
779,2018-09-11,14300,14850,14300,14750,30106,P03,M00P03,M10P03,U03
780,2018-09-12,14750,14850,14500,14650,19580,M05,P00M05,S02M05,U04
781,2018-09-13,14650,14800,14550,14750,28684,P05,M00P05,S03P05,T01
782,2018-09-14,14750,14950,14600,14750,36841,K00,P00K00,S04K00,U04
783,2018-09-17,14650,14750,14350,14450,29813,M05,K00M05,S04M05,T01
784,2018-09-18,14300,14550,14250,14250,22592,M04,M00M04,S07M04,D04
785,2018-09-19,14400,14400,14050,14150,26294,M01,M00M01,M10M01,U04
786,2018-09-20,14100,14250,13850,13850,41077,M03,M00M03,M10M03,T01
787,2018-09-21,13850,14150,13850,14100,28829,P03,M00P03,M10P03,U04
788,2018-09-27,14100,14500,13950,14500,51667,P01,P00P01,S02P01,T01
789,2018-09-28,14500,14600,14050,14050,58838,M03,P00M03,P10M03,U04
790,2018-10-01,14200,14350,13950,14300,41380,P05,M00P05,S07P05,U01
791,2018-10-02,14450,14450,13900,13950,26126,M01,P00M01,S01M01,T01
792,2018-10-04,14000,14050,13300,13400,54760,M05,M00M05,S07M05,U04
793,2018-10-05,13300,13400,13000,13150,35155,M05,M00M05,M10M05,D04
794,2018-10-08,12950,13050,12700,12900,33051,M05,M00M05,M10M05,D04
795,2018-10-10,12750,12850,11950,11950,76257,M03,M00M03,M10M03,T01
796,2018-10-11,11400,11550,10400,10600,109387,M05,M00M05,M10M05,D04
797,2018-10-12,10250,11050,10250,11050,61688,P00,M00P00,M10P00,D04
798,2018-10-15,11000,11050,10650,10650,28741,M03,P00M03,S00M03,U04
799,2018-10-16,10700,10900,10650,10800,35760,P05,M00P05,S06P05,D04
800,2018-10-17,11000,11400,10700,10700,57724,M03,P00M03,S01M03,U04
801,2018-10-18,10750,10900,10500,10600,27078,M05,M00M05,S07M05,T01
802,2018-10-19,10500,10600,10100,10600,51308,P02,M00P02,M10P02,D04
803,2018-10-22,10550,11600,10500,10950,146195,P05,P00P05,S08P05,D04
804,2018-10-23,10950,10950,10150,10200,67228,M01,P00M01,P10M01,U03
805,2018-10-24,10250,10500,9860,9930,86688,M05,M00M05,S07M05,D04
806,2018-10-25,9570,9600,9110,9300,88178,M05,M00M05,M10M05,D04
807,2018-10-26,9360,9430,8740,8760,118302,M05,M00M05,M10M05,U04
808,2018-10-29,8530,8770,7690,7700,162522,M05,M00M05,M10M05,D04
809,2018-10-30,7070,7990,7070,7900,143950,P13,M00P13,M10P13,D04
810,2018-10-31,7900,7940,7630,7850,62522,M05,P10M05,S00M05,U04
811,2018-11-01,7900,8400,7900,8200,47381,P03,M00P03,S03P03,U04
812,2018-11-02,8260,8750,8260,8540,77562,P03,P00P03,S01P03,U04
813,2018-11-05,8550,8900,8280,8520,27385,M05,P00M05,P10M05,D04
814,2018-11-06,8620,8670,8400,8500,40623,M05,M00M05,S03M05,D04
815,2018-11-07,8640,8790,8200,8300,41623,M05,M00M05,M10M05,U04
816,2018-11-08,8510,8510,8230,8340,65650,M01,M00M01,M10M01,U04
817,2018-11-09,8370,8370,7940,8170,39028,M01,M00M01,M10M01,D04
818,2018-11-12,8080,8250,7880,7910,58992,M05,M00M05,M10M05,D04
819,2018-11-13,7800,7880,7480,7850,37673,P05,M00P05,M10P05,D04
820,2018-11-14,7820,7970,7750,7840,33071,K00,P00K00,S08K00,T01
821,2018-11-15,7950,10150,7950,10150,1324775,P10,K00P10,S04P10,D04
822,2018-11-16,11050,12450,10800,11300,2825202,P05,P10P05,P10P05,U04
823,2018-11-19,11500,13400,11500,12250,2185750,P03,P00P03,P10P03,T01
824,2018-11-20,12000,12200,11650,11950,372960,M05,P00M05,P10M05,D04
825,2018-11-21,11650,15400,11650,14550,4440775,P13,M00P13,S06P13,D04
826,2018-11-22,14550,16250,13950,14150,1844002,M05,P10M05,S02M05,D04
827,2018-11-23,13950,15250,13600,14500,1616358,P05,M00P05,S03P05,U04
828,2018-11-26,14300,14800,13450,13450,553889,M03,P00M03,S00M03,D04
829,2018-11-27,13550,14850,13250,13650,1458631,P05,M00P05,S07P05,U04
830,2018-11-28,13700,14200,13250,13400,576281,M05,P00M05,S01M05,T01
831,2018-11-29,13600,14000,13150,13250,482378,M05,M00M05,S07M05,U04
832,2018-11-30,13500,14300,13250,13700,1078370,P05,M00P05,M10P05,T01
833,2018-12-03,14100,15000,13900,14400,1146349,P05,P00P05,S01P05,U04
834,2018-12-04,14600,14600,13850,14050,295369,M01,P00M01,P10M01,U04
835,2018-12-05,13900,13900,13300,13700,261748,M02,M00M02,S07M02,U04
836,2018-12-06,13750,13800,12500,12500,333276,M03,M00M03,M10M03,D04
837,2018-12-07,12750,13150,12200,12650,252129,M05,M00M05,M10M05,U04
838,2018-12-10,12450,12900,12050,12200,197941,M05,M00M05,M10M05,D04
839,2018-12-11,12250,12400,11850,11850,176261,M03,M00M03,M10M03,U04
840,2018-12-12,11950,12500,11900,12400,224163,P05,M00P05,M10P05,U02
841,2018-12-13,12450,12600,12100,12500,144463,K01,P00K01,S01K01,U04
842,2018-12-14,12500,12600,11850,12150,141102,M05,K00M05,P10M05,D04
843,2018-12-17,11950,12000,11500,11800,129174,M05,M00M05,S07M05,D04
844,2018-12-18,11600,12950,11450,12050,425390,P05,M00P05,M10P05,D04
845,2018-12-19,12050,12350,11850,12250,143435,P05,P00P05,S02P05,U04
846,2018-12-20,12000,12450,11750,11800,136461,M05,P00M05,P10M05,D04
847,2018-12-21,11900,12050,11250,11400,136502,M05,M00M05,S07M05,D04
848,2018-12-24,11450,11500,10900,10900,66796,M03,M00M03,M10M03,D04
849,2018-12-26,10550,10950,10550,10900,84168,P03,M00P03,M10P03,D04
850,2018-12-27,11100,11500,11050,11300,112572,P05,P00P05,S08P05,U04
851,2018-12-28,11400,11750,11250,11250,80183,M04,P00M04,P10M04,U04
852,2019-01-02,11600,11650,10550,10700,95924,M05,M00M05,S03M05,U04
853,2019-01-03,10600,11000,10600,10600,78383,K02,M00K02,M10K02,U04
854,2019-01-04,10500,10950,10450,10750,71979,P05,K00P05,M10P05,D04
855,2019-01-07,11100,11550,11050,11200,130219,P05,P00P05,P10P05,U04
856,2019-01-08,11550,13150,11550,12350,1228260,P03,P00P03,P10P03,U04
857,2019-01-09,12600,12600,12050,12450,241919,M02,P00M02,P10M02,U04
858,2019-01-10,12600,12600,12050,12150,168438,M01,M00M01,S05M01,U04
859,2019-01-11,12250,12500,12050,12250,143123,K00,M00K00,M10K00,U04
860,2019-01-14,12400,12650,12050,12150,204143,M05,K00M05,M10M05,T01
861,2019-01-15,12300,12550,12150,12450,129659,P05,M00P05,S07P05,D04
862,2019-01-16,12500,12750,12250,12700,145721,P05,P00P05,S01P05,U04
863,2019-01-17,12700,12750,12150,12250,131214,M05,P00M05,P10M05,U02
864,2019-01-18,12250,12350,11850,12200,125079,M05,M00M05,S07M05,U04
865,2019-01-21,12250,12250,12000,12100,59415,M01,M00M01,M10M01,U04
866,2019-01-22,12150,13150,12000,13150,465637,P01,M00P01,M10P01,U04
867,2019-01-23,13050,14100,12800,12900,1103012,M05,P00M05,S01M05,D04
868,2019-01-24,13350,13350,12900,13200,199214,M02,M00M02,S06M02,U01
869,2019-01-25,13050,13300,12950,13250,144902,P05,M00P05,M10P05,U04
870,2019-01-28,13500,13700,13050,13050,182078,M03,P00M03,S00M03,U04
871,2019-01-29,13000,13500,12600,12900,228526,M05,M00M05,S07M05,D04
872,2019-01-30,13050,13050,12700,12700,97497,M00,M00M00,M10M00,D04
873,2019-01-31,12950,13050,12700,13050,120549,P02,M00P02,M10P02,U04
874,2019-02-01,13000,13150,12700,12850,99730,M05,P00M05,S01M05,U04
875,2019-02-07,12750,12950,12300,12500,173320,M05,M00M05,S07M05,D04
876,2019-02-08,12250,12250,12000,12050,137391,M01,M00M01,M10M01,D04
877,2019-02-11,12150,12200,11700,12000,69881,M05,M00M05,M10M05,U02
878,2019-02-12,12150,12150,11850,11900,41696,M01,M00M01,M10M01,U02
879,2019-02-13,12100,12300,11900,12200,73139,P05,M00P05,M10P05,U04
880,2019-02-14,12250,13450,12250,12850,620795,P03,P00P03,S01P03,U01
881,2019-02-15,12500,13850,12500,13200,831304,P03,P00P03,P10P03,U01
882,2019-02-18,13400,13450,12850,13050,199226,M05,P00M05,P10M05,U01
883,2019-02-19,13050,13300,12850,13300,159004,P01,M00P01,S03P01,U04
884,2019-02-20,13300,14350,13250,14050,1319609,P05,P00P05,S00P05,U03
885,2019-02-21,14150,14950,13800,14450,905553,P05,P00P05,P10P05,T01
886,2019-02-22,14550,15950,14450,14550,1519247,K02,P00K02,P10K02,D04
887,2019-02-25,14700,15300,14250,15200,485047,P05,K00P05,P10P05,U04
888,2019-02-26,15100,15200,14550,14900,330500,M05,P00M05,P10M05,U04
889,2019-02-27,14800,15000,14650,14750,172158,M05,M00M05,S06M05,T01
890,2019-02-28,14700,14800,14000,14100,222911,M05,M00M05,M10M05,U01
891,2019-03-04,14000,14550,13850,14250,310710,P05,M00P05,M10P05,U04
892,2019-03-05,14250,14500,13600,13800,247496,M05,P00M05,S00M05,T01
893,2019-03-06,13900,13950,13400,13650,125350,M05,M00M05,S07M05,T01
894,2019-03-07,13600,14300,13300,13750,260977,P05,M00P05,M10P05,D04
895,2019-03-08,13450,14150,13350,13900,172612,P05,P00P05,S00P05,D04
896,2019-03-11,14100,14100,12800,13200,191279,M01,P00M01,P10M01,T01
897,2019-03-12,13300,13450,12900,13100,118941,M05,M00M05,S07M05,U04
898,2019-03-13,13000,13650,13000,13350,120610,P03,M00P03,M10P03,U04
899,2019-03-14,13350,13750,13200,13750,107706,P01,P00P01,S02P01,U04
900,2019-03-15,13850,14400,13500,13900,392675,K00,P00K00,P10K00,T01
901,2019-03-18,14000,14500,13950,14200,234267,P05,K00P05,P10P05,U04
902,2019-03-19,14350,14500,13850,14150,130641,M05,P00M05,P10M05,U04
903,2019-03-20,14050,14100,13400,13750,164772,M05,M00M05,S03M05,U02
904,2019-03-21,13750,13750,13350,13450,105657,M01,M00M01,M10M01,U01
905,2019-03-22,13650,13800,13300,13350,64477,M05,M00M05,M10M05,U04
906,2019-03-25,13200,13500,13000,13100,51020,M05,M00M05,M10M05,D04
907,2019-03-26,13300,13650,13200,13500,70369,P05,M00P05,M10P05,T01
908,2019-03-27,13400,13550,13000,13050,56916,M05,P00M05,S01M05,U04
909,2019-03-28,13050,13050,12350,12350,117601,M00,M00M00,S07M00,D04
910,2019-03-29,12450,13100,12100,12950,107553,P05,M00P05,M10P05,U04
911,2019-04-01,12950,13200,12650,12900,59261,M05,P00M05,S01M05,U04
912,2019-04-02,13000,13350,12900,13150,60660,P05,M00P05,S03P05,U04
913,2019-04-03,13150,13300,13050,13150,48202,K00,P00K00,S01K00,U03
914,2019-04-04,13100,13700,13100,13700,114169,P00,K00P00,P10P00,U04
915,2019-04-05,13550,13850,13400,13600,129516,K00,P00K00,P10K00,T01
916,2019-04-08,13600,14200,13600,13850,213764,P03,K00P03,P10P03,U04
917,2019-04-09,14000,14300,13500,14250,256820,P05,P00P05,P10P05,U03
918,2019-04-10,14250,14250,14000,14000,104074,M00,P00M00,P10M00,D04
919,2019-04-11,14000,14100,13800,13850,92031,M05,M00M05,S07M05,U04
920,2019-04-12,13800,14450,13800,14450,218969,P00,M00P00,M10P00,T01
921,2019-04-15,14550,14950,14300,14450,415843,M05,P00M05,S02M05,U04
922,2019-04-16,15000,15350,14400,14650,429354,M05,M00M05,S03M05,T01
923,2019-04-17,14700,14800,14100,14250,139350,M05,M00M05,M10M05,U04
924,2019-04-18,14100,14250,13700,13750,103352,M05,M00M05,M10M05,T01
925,2019-04-19,13750,15500,13750,15100,1502345,P03,M00P03,M10P03,T01
926,2019-04-22,15100,15450,14850,14950,349196,M05,P00M05,S02M05,T01
927,2019-04-23,14950,15450,14750,15100,314758,P05,M00P05,S03P05,U03
928,2019-04-24,15000,15150,14500,14500,261028,M03,P00M03,S04M03,U04
929,2019-04-25,14500,14700,14100,14350,155137,M05,M00M05,S07M05,T01
930,2019-04-26,14500,15050,14350,14600,290421,P05,M00P05,M10P05,U03
931,2019-04-29,14650,14900,14300,14450,102461,M05,P00M05,S01M05,U04
932,2019-04-30,14550,14550,13600,13950,256021,M01,M00M01,S07M01,U03
933,2019-05-02,13750,14200,13650,14000,94026,P05,M00P05,M10P05,D04
934,2019-05-03,13950,14100,13850,13950,65889,K00,P00K00,S00K00,T01
935,2019-05-07,13400,13650,13200,13300,137681,M05,K00M05,P10M05,D04
936,2019-05-08,13150,13600,13050,13300,84074,P05,M00P05,S07P05,D04
937,2019-05-09,13300,13400,12600,12650,126075,M05,P00M05,S08M05,T01
938,2019-05-10,12600,13100,12550,12850,108953,P05,M00P05,S07P05,D04
939,2019-05-13,12750,12950,12100,12300,74525,M05,P00M05,S00M05,U01
940,2019-05-14,12000,12550,11650,12100,85150,P05,M00P05,S07P05,D04
941,2019-05-15,12250,12700,12250,12600,70296,P03,P00P03,S08P03,U04
942,2019-05-16,12400,12650,12200,12200,69753,M03,P00M03,P10M03,U04
943,2019-05-17,12300,12650,11900,11950,73803,M05,M00M05,S07M05,U04
944,2019-05-20,12000,12350,11750,11800,77465,M05,M00M05,M10M05,D04
945,2019-05-21,11700,12050,11700,11800,43740,P04,M00P04,M10P04,D04
946,2019-05-22,11900,12050,11600,11600,76579,M03,P00M03,S08M03,U04
947,2019-05-23,11450,11600,9620,9780,651937,M15,M00M15,S07M15,D04
948,2019-05-24,9580,9880,9570,9580,155949,K02,M10K02,M10K02,D04
949,2019-05-27,9510,9850,9220,9640,94211,P05,K00P05,M10P05,D04
950,2019-05-28,9640,9990,9640,9880,75876,P03,P00P03,P10P03,U02
951,2019-05-29,9980,9980,9700,9750,43209,M01,P00M01,P10M01,D04
952,2019-05-30,9720,9860,9560,9570,63557,M05,M00M05,S03M05,D04
953,2019-05-31,9580,9860,9580,9770,49562,P03,M00P03,M10P03,U03
954,2019-06-03,9700,9950,9700,9870,36510,P03,P00P03,S01P03,D04
955,2019-06-04,9780,9930,9770,9780,35093,K02,P00K02,P10K02,D04
956,2019-06-05,9880,10350,9780,10100,122927,P05,K00P05,P10P05,U04
957,2019-06-07,10250,10600,10150,10600,111317,P01,P00P01,P10P01,U04
958,2019-06-10,10600,10600,10050,10250,110363,M01,P00M01,P10M01,U04
959,2019-06-11,10300,10850,10200,10550,106572,P05,M00P05,S07P05,U04
960,2019-06-12,10550,10800,10450,10550,63315,K00,P00K00,S01K00,T01
961,2019-06-13,10500,11000,10500,10850,92191,P03,K00P03,P10P03,D04
962,2019-06-14,10950,11950,10850,11500,263798,P05,P00P05,P10P05,U04
963,2019-06-17,11500,13100,11450,13050,495020,P15,P00P15,P10P15,D04
964,2019-06-18,13450,14100,12750,13200,664053,M05,P10M05,P10M05,U04
965,2019-06-19,13750,14250,13450,14000,440481,P05,M00P05,S05P05,U04
966,2019-06-20,13900,14200,13450,14150,227048,P05,P00P05,S01P05,U04
967,2019-06-21,14150,14200,13500,13900,285482,M05,P00M05,P10M05,U04
968,2019-06-24,13850,14100,13650,13800,94494,M05,M00M05,S07M05,T01
969,2019-06-25,13550,13700,12800,13150,310324,M05,M00M05,M10M05,D04
970,2019-06-26,13250,13250,12300,12350,198263,M01,M00M01,M10M01,D04
971,2019-06-27,12450,12650,12050,12050,137974,M03,M00M03,M10M03,U04
972,2019-06-28,12050,12600,12050,12350,197067,P03,M00P03,M10P03,U04
973,2019-07-01,12600,13000,12500,12650,113075,K00,P00K00,S00K00,U04
974,2019-07-02,12650,12750,12300,12400,52689,M05,K00M05,P10M05,U04
975,2019-07-03,12500,12500,11500,11700,89325,M01,M00M01,S07M01,U03
976,2019-07-04,11700,11950,11300,11450,71476,M05,M00M05,M10M05,U03
977,2019-07-05,11450,12400,11400,11900,138066,P05,M00P05,M10P05,U04
978,2019-07-08,11800,12150,11300,11400,75946,M05,P00M05,S02M05,T01
979,2019-07-09,11350,11600,10900,11350,85691,K00,M00K00,S07K00,D04
980,2019-07-10,11300,11500,10850,11100,126799,M05,K00M05,M10M05,U04
981,2019-07-11,11100,11300,10950,11250,65214,P05,M00P05,S07P05,U04
982,2019-07-12,11450,11450,11050,11250,53975,M01,P00M01,S00M01,T01
983,2019-07-15,11150,11600,10800,11550,129234,P05,M00P05,S03P05,U04
984,2019-07-16,11550,11600,11000,11100,94023,M05,P00M05,S02M05,U03
985,2019-07-17,11000,11100,10600,10750,62267,M05,M00M05,S07M05,D04
986,2019-07-18,10650,10950,10650,10750,23541,P04,M00P04,M10P04,D04
987,2019-07-19,10750,10950,10700,10750,45787,K02,P00K02,S08K02,U03
988,2019-07-22,10750,10900,10700,10850,24590,P05,K00P05,S04P05,D04
989,2019-07-23,10800,11000,10550,10650,86549,M05,P00M05,S04M05,U04
990,2019-07-24,10850,10850,10300,10300,33561,M00,M00M00,S07M00,U04
991,2019-07-25,10300,10300,9970,10000,37373,M01,M00M01,M10M01,U04
992,2019-07-26,9950,10150,9870,9960,29599,K00,M00K00,M10K00,D04
993,2019-07-29,9910,10050,9150,9200,106328,M05,K00M05,S08M05,U04
994,2019-07-30,9010,9380,9010,9300,73042,P03,M00P03,S07P03,D04
995,2019-07-31,9310,9950,9000,9140,126024,M05,P00M05,S00M05,T01
996,2019-08-01,9000,9330,9000,9060,47995,P04,M00P04,S03P04,D04
997,2019-08-02,9020,9300,8810,9260,114883,P05,P00P05,S08P05,D04
998,2019-08-05,9300,9340,8340,8340,82218,M13,P00M13,P10M13,D04
999,2019-08-06,7880,8510,7790,7980,72564,P05,M10P05,S07P05,D04
1000,2019-08-07,7920,8240,7920,8080,56608,P03,P00P03,S08P03,U04
1001,2019-08-08,8090,10450,8090,8700,1965100,P04,P00P04,P10P04,U04
1002,2019-08-09,8860,9070,8590,8700,372718,M05,P00M05,P10M05,U04
1003,2019-08-12,9030,10300,8820,9360,1870391,P05,M00P05,S03P05,D04
1004,2019-08-13,9320,10000,9320,9550,528920,P03,P00P03,S01P03,D04
1005,2019-08-14,9900,9910,9270,9380,369071,M05,P00M05,P10M05,U04
1006,2019-08-16,9420,9530,9120,9190,152512,M05,M00M05,S03M05,T01
1007,2019-08-19,9120,9360,9020,9020,95758,M04,M00M04,M10M04,U04
1008,2019-08-20,9020,9340,9020,9340,87947,P00,M00P00,M10P00,U04
1009,2019-08-21,9300,9370,9170,9350,74856,P05,P00P05,S02P05,D04
1010,2019-08-22,9400,9510,9290,9290,85523,M03,P00M03,P10M03,U04
1011,2019-08-23,9290,9700,9200,9310,260130,K02,M00K02,S07K02,D04
1012,2019-08-26,8940,9240,8750,8750,115198,M03,K00M03,S00M03,D04
1013,2019-08-27,8910,9000,8730,8730,75157,M03,M00M03,S07M03,U04
1014,2019-08-28,8730,8810,8660,8780,51270,P05,M00P05,M10P05,D04
1015,2019-08-29,8770,9050,8720,8890,76232,P05,P00P05,S00P05,U04
1016,2019-08-30,9260,9390,9030,9140,102724,M05,P00M05,P10M05,U04
1017,2019-09-02,9120,9350,9080,9220,48219,P05,M00P05,S05P05,U04
1018,2019-09-03,9300,9850,9300,9520,279362,P03,P00P03,S00P03,T01
1019,2019-09-04,9520,9590,9320,9420,106275,M05,P00M05,P10M05,D04
1020,2019-09-05,9490,9620,9470,9550,78405,P05,M00P05,S03P05,U04
1021,2019-09-06,9660,9660,9430,9510,50090,M01,P00M01,S01M01,U04
1022,2019-09-09,9450,9610,9450,9480,55001,K02,M00K02,S03K02,T01
1023,2019-09-10,9570,9570,9380,9480,37890,M01,K00M01,S08M01,T01
1024,2019-09-11,9420,9750,9420,9690,105206,P03,M00P03,S03P03,T01
1025,2019-09-16,9780,9880,9680,9840,104049,P05,P00P05,S02P05,T01
1026,2019-09-17,9890,9930,9700,9890,79361,K01,P00K01,P10K01,D04
1027,2019-09-18,9890,9940,9810,9860,51806,M05,K00M05,P10M05,U04
1028,2019-09-19,9930,9930,9660,9710,51724,M01,M00M01,S04M01,T01
1029,2019-09-20,9720,9810,9680,9800,34041,P05,M00P05,M10P05,U01
1030,2019-09-23,9800,9860,9640,9660,31510,M05,P00M05,S01M05,D04
1031,2019-09-24,9790,10400,9710,10300,262960,P05,M00P05,S07P05,T01
1032,2019-09-25,10600,10600,10050,10050,167355,M00,P00M00,S01M00,D04
1033,2019-09-26,10150,10200,9700,9790,113666,M05,M00M05,S03M05,U04
1034,2019-09-27,9810,10450,9810,10200,305748,P03,M00P03,M10P03,D04
1035,2019-09-30,10400,10450,10150,10200,166038,M05,P00M05,S01M05,D04
1036,2019-10-01,10200,10400,10050,10100,98339,M05,M00M05,S03M05,U04
1037,2019-10-02,9860,9980,9850,9850,65289,M04,M00M04,M10M04,D04
1038,2019-10-04,9830,9840,9380,9410,111804,M05,M00M05,M10M05,U04
1039,2019-10-07,9380,9540,9380,9420,45431,K00,M00K00,M10K00,U04
1040,2019-10-08,9370,9680,9370,9600,58254,P03,K00P03,S00P03,D04
1041,2019-10-10,9560,9650,9330,9380,55859,M05,P00M05,P10M05,U04
1042,2019-10-11,9500,9730,9500,9660,101823,P03,M00P03,S06P03,U04
1043,2019-10-14,9970,10200,9780,9980,119902,K00,P00K00,S01K00,U04
1044,2019-10-15,9980,10400,9940,10350,128439,P05,K00P05,P10P05,T01
1045,2019-10-16,10500,10550,10100,10100,106393,M03,P00M03,P10M03,U04
1046,2019-10-17,10250,10450,10150,10400,77854,P05,M00P05,S03P05,D04
1047,2019-10-18,10550,10550,10050,10150,67029,M01,P00M01,S01M01,U04
1048,2019-10-21,10250,10250,9990,10050,61898,M01,M00M01,S07M01,D04
1049,2019-10-22,10250,10250,10000,10150,54265,M01,M00M01,M10M01,U04
1050,2019-10-23,10150,10200,9980,10000,65101,M05,M00M05,M10M05,D04
1051,2019-10-24,9970,10200,9950,10050,69795,P05,M00P05,M10P05,U03
1052,2019-10-25,10050,10100,9750,9770,74886,M05,P00M05,S00M05,U04
1053,2019-10-28,9820,10300,9820,10200,105378,P03,M00P03,S07P03,U04
1054,2019-10-29,10050,10350,9990,10050,57614,K02,P00K02,S01K02,U04
1055,2019-10-30,10100,10800,9980,10600,225858,P05,K00P05,P10P05,D04
1056,2019-10-31,10600,11100,10500,10650,298529,K00,P00K00,P10K00,U04
1057,2019-11-01,10850,10850,10550,10750,72904,M02,K00M02,P10M02,T01
1058,2019-11-04,10950,10950,10500,10650,78561,M01,M00M01,S05M01,U04
1059,2019-11-05,10650,10850,10550,10800,62582,P05,M00P05,M10P05,U04
1060,2019-11-06,10950,11000,10700,10750,91812,M05,P00M05,S00M05,T01
1061,2019-11-07,10700,10800,10400,10400,99813,M03,M00M03,S03M03,D04
1062,2019-11-08,10950,11250,10400,10400,221405,M03,M00M03,M10M03,U04
1063,2019-11-11,10400,10500,10100,10300,58449,M05,M00M05,M10M05,U04
1064,2019-11-12,10200,10300,10000,10050,54534,M05,M00M05,M10M05,T01
1065,2019-11-13,10050,10200,9990,10050,46243,K00,M00K00,M10K00,U03
1066,2019-11-14,10050,10200,9940,10100,68665,K00,K00K00,M10K00,T01
1067,2019-11-15,10100,10100,9900,9990,53589,M01,K00M01,S04M01,T01
1068,2019-11-18,9990,10050,9850,9900,54791,M05,M00M05,S07M05,U04
1069,2019-11-19,9810,9860,9590,9610,59449,M05,M00M05,M10M05,U02
1070,2019-11-20,9590,9650,9350,9410,40841,M05,M00M05,M10M05,U03
1071,2019-11-21,9300,9400,9050,9070,69875,M05,M00M05,M10M05,D04
1072,2019-11-22,9100,9190,9010,9110,45174,K00,M00K00,M10K00,T01
1073,2019-11-25,9210,9620,9210,9400,38517,P03,K00P03,S01P03,U02
1074,2019-11-26,9490,9600,9410,9420,39190,M05,P00M05,P10M05,U04
1075,2019-11-27,9480,9570,9400,9410,38103,M05,M00M05,S05M05,U03
1076,2019-11-28,9350,9400,9100,9220,54651,M05,M00M05,S04M05,U03
1077,2019-11-29,9730,11500,9610,10350,2926370,P05,M00P05,M10P05,U04
1078,2019-12-02,10100,10650,9370,10600,461929,P05,P00P05,S01P05,D04
1079,2019-12-03,10300,10400,9990,10050,228583,M05,P00M05,P10M05,D04
1080,2019-12-04,10200,10500,9590,9600,344489,M05,M00M05,S07M05,D04
1081,2019-12-05,9750,9980,9380,9410,175329,M05,M00M05,M10M05,U04
1082,2019-12-06,9250,9490,9220,9320,100125,P05,M00P05,M10P05,U01
1083,2019-12-09,9320,9400,9190,9280,66144,M05,P00M05,S08M05,U04
1084,2019-12-10,9250,9470,9250,9290,60688,K02,M00K02,S04K02,D04
1085,2019-12-11,9610,9850,9310,9500,117485,M05,K00M05,S04M05,T01
1086,2019-12-12,9470,9700,9460,9700,77724,P01,M00P01,S05P01,U04
1087,2019-12-13,10000,11150,9990,10150,1927677,P05,P00P05,S02P05,U04
1088,2019-12-16,10200,10450,10150,10300,133383,P05,P00P05,P10P05,U03
1089,2019-12-17,10250,10400,10050,10150,92335,M05,P00M05,P10M05,U04
1090,2019-12-18,10100,10600,10100,10400,249972,P03,M00P03,S07P03,U02
1091,2019-12-19,10400,10650,10200,10650,141690,P01,P00P01,S02P01,U01
1092,2019-12-20,10800,11100,10650,10900,428392,P05,P00P05,P10P05,U04
1093,2019-12-23,11100,11100,10350,10550,194704,M01,P00M01,P10M01,U04
1094,2019-12-24,10450,10450,9940,10050,173043,M01,M00M01,S07M01,U03
1095,2019-12-26,10350,10800,10150,10150,242886,M04,M00M04,M10M04,U01
1096,2019-12-27,10150,10450,10050,10350,74065,P05,M00P05,M10P05,U04
1097,2019-12-30,10350,10550,10200,10450,68921,P05,P00P05,S02P05,T01
1098,2020-01-02,10450,11050,10250,10900,256653,P05,P00P05,P10P05,U04
1099,2020-01-03,10900,10950,10500,10600,141159,M05,P00M05,P10M05,U04
1100,2020-01-06,10350,10450,10150,10200,82590,M05,M00M05,S03M05,D04
1101,2020-01-07,10350,10950,10250,10900,256057,P05,M00P05,M10P05,U04
1102,2020-01-08,10700,10900,10200,10400,191228,M05,P00M05,S01M05,T01
1103,2020-01-09,10800,11350,10650,10900,399510,P05,M00P05,S06P05,U04
1104,2020-01-10,11050,11200,10900,11200,226162,P01,P00P01,S01P01,U04
1105,2020-01-13,11400,14350,11300,12750,4166350,P15,P00P15,P10P15,T01
1106,2020-01-14,12950,14050,12850,13150,1450359,P05,P10P05,P10P05,U04
1107,2020-01-15,13200,13650,12900,13300,464105,P05,P00P05,P10P05,T01
1108,2020-01-16,14250,14250,13050,13450,744581,M01,P00M01,P10M01,U01
1109,2020-01-17,13450,13500,13200,13300,184316,M05,M00M05,S05M05,U04
1110,2020-01-20,13400,13700,12600,12800,432119,M05,M00M05,M10M05,U04
1111,2020-01-21,12600,13150,12450,13150,275179,P01,M00P01,M10P01,U04
1112,2020-01-22,12850,13300,12750,13000,202002,P05,P00P05,S00P05,T01
1113,2020-01-23,12900,12950,12600,12750,190172,M05,P00M05,P10M05,U02
1114,2020-01-28,11100,11550,10950,11250,479791,P05,M00P05,S07P05,D04
1115,2020-01-29,11400,11550,10850,11350,306997,M05,P00M05,S08M05,U04
1116,2020-01-30,11100,11300,10500,10650,254172,M05,M00M05,S05M05,U01
1117,2020-01-31,10700,11100,10350,10400,186744,M05,M00M05,M10M05,U03
1118,2020-02-03,10000,10700,9830,10550,275178,P05,M00P05,M10P05,D04
1119,2020-02-04,10400,10950,10200,10800,219534,P05,P00P05,S00P05,U04
1120,2020-02-05,11000,11050,10450,10550,195628,M05,P00M05,P10M05,U04
1121,2020-02-06,10700,11200,10700,11150,202554,P03,M00P03,S03P03,U04
1122,2020-02-07,11200,11350,10900,11150,114775,M05,P00M05,S01M05,U04
1123,2020-02-10,11100,11250,10850,11200,112741,P05,M00P05,S03P05,D04
1124,2020-02-11,11200,11700,11150,11400,189813,P05,P00P05,S04P05,U04
1125,2020-02-12,11400,11900,11200,11800,159419,P05,P00P05,P10P05,U02
1126,2020-02-13,11900,12250,11500,11850,194891,M05,P00M05,P10M05,U04
1127,2020-02-14,11950,11950,11650,11750,111652,M01,M00M01,S05M01,T01
1128,2020-02-17,11850,12200,11600,12150,187597,P05,M00P05,M10P05,T01
1129,2020-02-18,12150,12300,11800,12000,104692,M05,P00M05,S01M05,U03
1130,2020-02-19,12000,12100,11400,11600,119123,M05,M00M05,S03M05,T01
1131,2020-02-20,11550,11750,11200,11350,73052,M05,M00M05,M10M05,U04
1132,2020-02-21,11100,11950,11050,11550,134756,P05,M00P05,M10P05,D04
1133,2020-02-24,11150,11250,10600,10700,128715,M05,P00M05,S02M05,D04
1134,2020-02-25,10600,11500,10600,11500,120784,P00,M00P00,S07P00,D04
1135,2020-02-26,11400,11700,11150,11700,76591,P01,P00P01,S02P01,D04
1136,2020-02-27,11700,11750,11000,11000,99543,M03,P00M03,P10M03,U03
1137,2020-02-28,10700,11000,10250,10400,132452,M05,M00M05,S07M05,D04
1138,2020-03-02,10200,10900,10150,10650,103720,P05,M00P05,M10P05,T01
1139,2020-03-03,11150,11150,10550,10550,84672,M00,P00M00,S00M00,U04
1140,2020-03-04,10550,11050,10550,10950,48304,P03,M00P03,S03P03,D04
1141,2020-03-05,11100,11450,11000,11300,63892,P05,P00P05,S00P05,U04
1142,2020-03-06,11050,11200,10700,11000,125262,M05,P00M05,P10M05,D04
1143,2020-03-09,10800,11000,10400,10700,82861,M05,M00M05,S07M05,D04
1144,2020-03-10,10550,11050,10450,10950,100229,P05,M00P05,M10P05,D04
1145,2020-03-11,10900,10950,10450,10800,99415,M05,P00M05,S02M05,U04
1146,2020-03-12,10600,10850,9980,10100,134353,M05,M00M05,S06M05,D04
1147,2020-03-13,9120,9590,8710,9330,223285,P05,M00P05,M10P05,D04
1148,2020-03-16,9420,9900,8840,8950,163402,M05,P00M05,S08M05,U04
1149,2020-03-17,8020,9050,8020,8830,161264,P13,M00P13,S07P13,D04
1150,2020-03-18,8820,9250,8110,8200,168314,M05,P10M05,S08M05,U04
1151,2020-03-19,8500,8580,6390,6500,184452,M15,M00M15,S06M15,D04
1152,2020-03-20,6550,6940,6430,6940,140565,P01,M10P01,M10P01,U04
1153,2020-03-23,6330,6650,6110,6300,74537,M05,P00M05,S01M05,D04
1154,2020-03-24,6520,6880,6400,6840,166663,P05,M00P05,S07P05,T01
1155,2020-03-25,7110,7600,7100,7350,148108,P05,P00P05,S01P05,U04
1156,2020-03-26,7450,8160,7340,7750,181215,P05,P00P05,P10P05,D04
1157,2020-03-27,8400,8400,7690,7950,144796,M01,P00M01,P10M01,U04
1158,2020-03-30,7700,8110,7600,8090,69983,P05,M00P05,S05P05,D04
1159,2020-03-31,8190,8460,8150,8420,116642,P05,P00P05,S00P05,U04
1160,2020-04-01,8500,8550,8100,8100,86282,M03,P00M03,P10M03,D04
1161,2020-04-02,8090,8300,7880,8300,63663,P01,M00P01,S07P01,D04
1162,2020-04-03,8350,8370,8140,8300,55257,M05,P00M05,S00M05,U04
1163,2020-04-06,8270,8730,8240,8670,103177,P05,M00P05,S03P05,D04
1164,2020-04-07,9080,9080,8700,9010,144140,M02,P00M02,S02M02,U04
1165,2020-04-08,9010,10550,8840,9600,488457,P05,M00P05,S05P05,D04
1166,2020-04-09,9810,10100,9700,9820,143409,K00,P00K00,S02K00,U04
1167,2020-04-10,10000,10350,9450,10150,281933,P05,K00P05,P10P05,U04
1168,2020-04-13,10500,12300,10350,11100,2346238,P05,P00P05,P10P05,U04
1169,2020-04-14,11200,11450,10950,11100,420534,M05,P00M05,P10M05,U04
1170,2020-04-16,10850,11350,10800,11150,240748,P05,M00P05,S03P05,D04
1171,2020-04-17,11250,12350,11100,11800,766165,P05,P00P05,S00P05,U04
1172,2020-04-20,11800,12500,11500,11900,747876,P05,P00P05,P10P05,U04
1173,2020-04-21,12000,12250,11050,11550,520218,M05,P00M05,P10M05,D04
1174,2020-04-22,11300,11950,11100,11950,219483,P01,M00P01,S07P01,D04
1175,2020-04-23,12000,12100,11650,11800,226252,M05,P00M05,S00M05,U04
1176,2020-04-24,11500,11650,11100,11300,197896,M05,M00M05,S03M05,T01
1177,2020-04-27,11500,11700,11250,11700,122403,P01,M00P01,M10P01,U04
1178,2020-04-28,11800,12100,11550,11800,353784,K00,P00K00,S01K00,U04
1179,2020-04-29,11800,12200,11400,11650,410344,M05,K00M05,P10M05,D04
1180,2020-05-04,11500,11700,11250,11250,208899,M03,M00M03,S07M03,D04
1181,2020-05-06,11450,11500,11250,11350,94992,M05,M00M05,M10M05,U04
1182,2020-05-07,11350,11550,11250,11550,120958,P01,M00P01,M10P01,U04
1183,2020-05-08,11650,11750,11400,11550,167974,M05,P00M05,S02M05,U04
1184,2020-05-11,11550,11550,11050,11250,103263,M01,M00M01,S03M01,U04
1185,2020-05-12,11250,11350,10650,10900,139106,M05,M00M05,M10M05,U04
1186,2020-05-13,10500,11200,10350,11000,170494,P05,M00P05,M10P05,D04
1187,2020-05-14,11300,11300,10800,10900,126589,M01,P00M01,S00M01,D04
1188,2020-05-15,11100,11100,10650,10750,116887,M01,M00M01,S03M01,U04
1189,2020-05-18,10850,11200,10650,11100,175555,P05,M00P05,M10P05,U04
1190,2020-05-19,11350,11650,11000,11600,379810,P05,P00P05,S01P05,U04
1191,2020-05-20,11650,12000,11600,11950,421538,P05,P00P05,P10P05,D04
1192,2020-05-21,12150,12150,11500,11600,427588,M01,P00M01,P10M01,U04
1193,2020-05-22,11600,11700,10850,11100,209057,M05,M00M05,S07M05,D04
1194,2020-05-25,10900,10950,10650,10900,139621,K01,M00K01,M10K01,D04
1195,2020-05-26,10900,11050,10750,11000,127921,P05,K00P05,M10P05,U04
1196,2020-05-27,11100,11100,10750,10750,105137,M00,P00M00,S04M00,U03
1197,2020-05-28,10750,10850,10250,10400,124193,M05,M00M05,S07M05,U04
1198,2020-05-29,10300,10500,10050,10300,94258,K00,M00K00,M10K00,D04
1199,2020-06-01,10350,10700,10200,10700,73743,P01,K00P01,M10P01,U04
1200,2020-06-02,10700,10700,10400,10550,80101,M01,P00M01,P10M01,U04
1201,2020-06-03,10750,10950,10550,10900,143315,P05,M00P05,S03P05,U04
1202,2020-06-04,10900,11200,10700,10800,174635,M05,P00M05,S01M05,U04
1203,2020-06-05,10900,10950,10750,10900,69731,K00,M00K00,S03K00,D04
1204,2020-06-08,10950,11000,10700,10800,67995,M05,K00M05,S04M05,U04
1205,2020-06-09,10800,10900,10500,10650,93935,M05,M00M05,S07M05,U04
1206,2020-06-10,10650,11200,10450,11150,368363,P05,M00P05,M10P05,U04
1207,2020-06-11,11000,11100,10750,10750,121441,M03,P00M03,S02M03,U04
1208,2020-06-12,10000,10450,10000,10300,134386,P03,M00P03,S06P03,D04
1209,2020-06-15,10150,10300,9330,9330,172984,M03,P00M03,S08M03,U04
1210,2020-06-16,9500,9900,9500,9790,80537,P03,M00P03,S07P03,U04
1211,2020-06-17,9790,9910,9580,9700,49793,M05,P00M05,S01M05,U04
1212,2020-06-18,9500,9690,9500,9540,41882,K02,M00K02,S03K02,U02
1213,2020-06-19,9550,9740,9400,9620,47468,P05,K00P05,S08P05,U04
1214,2020-06-22,9410,9620,9330,9350,51299,M05,P00M05,P10M05,T01
1215,2020-06-23,9300,9490,9010,9150,67275,M05,M00M05,S07M05,U04
1216,2020-06-24,9230,9310,9170,9240,34967,K00,M00K00,M10K00,U04
1217,2020-06-25,9100,9280,9100,9140,29250,K02,K00K02,S01K02,D04
1218,2020-06-26,9140,9320,9110,9300,38215,P05,K00P05,P10P05,U04
1219,2020-06-29,9190,9300,8700,8910,62997,M05,P00M05,P10M05,D04
1220,2020-06-30,9030,11550,8910,11450,4301146,P15,M00P15,S07P15,U04
1221,2020-07-01,10750,10900,9670,9730,1382595,M05,P10M05,S01M05,U04
1222,2020-07-02,9740,11700,9660,10400,2487346,P05,M00P05,S06P05,U04
1223,2020-07-03,10400,12100,10100,11150,3830833,P05,P00P05,S01P05,U04
1224,2020-07-06,11250,11750,10900,10950,801258,M05,P00M05,P10M05,U04
1225,2020-07-07,11050,11100,10550,10650,305758,M05,M00M05,S03M05,U04
1226,2020-07-08,10600,11400,10600,10900,711676,P03,M00P03,M10P03,D04
1227,2020-07-09,11050,11150,10700,10750,177458,M05,P00M05,S00M05,U04
1228,2020-07-10,10700,10850,10400,10700,235270,K00,M00K00,S03K00,U04
1229,2020-07-13,10850,11900,10800,11250,1726870,P05,K00P05,M10P05,U04
1230,2020-07-14,11100,11300,10900,11250,265902,P05,P00P05,P10P05,D04
1231,2020-07-15,11450,11450,11000,11050,138584,M01,P00M01,P10M01,U04
1232,2020-07-16,11100,12050,11000,11150,1560968,K02,M00K02,S07K02,U04
1233,2020-07-17,11100,11250,10950,11100,183114,K00,K00K00,S01K00,D04
1234,2020-07-20,11050,11150,10700,10800,294181,M05,K00M05,S04M05,U04
1235,2020-07-21,10850,11150,10800,10900,223350,K00,M00K00,S07K00,U04
1236,2020-07-22,10850,10900,10700,10750,103448,M05,K00M05,S01M05,D04
1237,2020-07-23,10750,10800,10400,10450,170827,M05,M00M05,S07M05,U03
1238,2020-07-24,10300,10350,10050,10100,133982,M05,M00M05,M10M05,D04
1239,2020-07-27,10100,10400,10000,10300,67283,P05,M00P05,M10P05,D04
1240,2020-07-28,10450,10450,10150,10200,75519,M01,P00M01,S02M01,U04
1241,2020-07-29,10200,10300,10050,10100,63190,M05,M00M05,S03M05,D04
1242,2020-07-30,10200,11050,10050,10450,452365,P05,M00P05,M10P05,U04
1243,2020-07-31,10650,11050,10400,10600,307566,M05,P00M05,S01M05,U04
1244,2020-08-03,10650,10700,10300,10550,121371,M05,M00M05,S05M05,U04
1245,2020-08-04,10550,11000,10450,10700,207907,P05,M00P05,S04P05,U04
1246,2020-08-05,10700,10950,10650,10800,165102,P05,P00P05,S02P05,U04
1247,2020-08-06,10850,10900,10600,10700,87002,M05,P00M05,P10M05,U04
1248,2020-08-07,10700,11000,10500,10550,195402,M05,M00M05,S07M05,U04
1249,2020-08-10,10650,10700,10300,10650,79425,K01,M00K01,M10K01,D04
1250,2020-08-11,10650,10900,10550,10550,192654,M04,K00M04,M10M04,D04
1251,2020-08-12,10600,10950,10550,10800,244955,P05,M00P05,S04P05,D04
1252,2020-08-13,11600,11800,10950,10950,717719,M03,P00M03,S01M03,U04
1253,2020-08-14,11300,11600,10950,11350,579326,K00,M00K00,S05K00,U03
1254,2020-08-18,11100,11100,10300,10400,376904,M01,K00M01,S01M01,U04
1255,2020-08-19,10550,11600,10250,11250,1127348,P05,M00P05,S07P05,U04
1256,2020-08-20,11100,11150,10550,10800,314301,M05,P00M05,S01M05,D04
1257,2020-08-21,10850,11150,10600,10600,200185,M03,M00M03,S06M03,U04
1258,2020-08-24,10500,10500,9520,10050,347609,M01,M00M01,M10M01,U04
1259,2020-08-25,10050,10250,10050,10150,106938,P03,M00P03,M10P03,U04
1260,2020-08-26,10150,10150,9890,10000,163422,M01,P00M01,S00M01,U04
1261,2020-08-27,10000,10000,9800,9800,130404,M00,M00M00,S07M00,U04
1262,2020-08-28,9800,9970,9800,9820,55221,K02,M00K02,M10K02,D04
1263,2020-08-31,9800,9950,9800,9830,51756,K02,K00K02,S00K02,U04
1264,2020-09-01,9930,10100,9840,10050,76854,P05,K00P05,S04P05,U04
1265,2020-09-02,9960,10150,9910,10000,89807,K00,P00K00,P10K00,U04
1266,2020-09-03,10100,10100,9980,10000,70147,M01,K00M01,P10M01,U04
1267,2020-09-04,9630,10000,9630,9910,75653,P03,M00P03,S03P03,D04
1268,2020-09-07,9930,10050,9860,10000,64553,P05,P00P05,S08P05,D04
1269,2020-09-08,10000,10050,9900,9990,70445,M05,P00M05,P10M05,D04
1270,2020-09-09,9890,10000,9840,9900,47464,K00,M00K00,S04K00,D04
1271,2020-09-10,10000,10000,9890,9890,35003,M00,K00M00,S08M00,U04
1272,2020-09-11,9890,9980,9850,9930,31714,K00,M00K00,S07K00,D04
1273,2020-09-14,10000,10050,9900,10050,56006,P01,K00P01,S00P01,D04
1274,2020-09-15,10000,10150,9940,10000,60705,K00,P00K00,P10K00,U04
1275,2020-09-16,10050,10250,9980,10100,101268,K00,K00K00,S04K00,U04
1276,2020-09-17,10050,10050,9920,9950,61466,M01,K00M01,S04M01,D04
1277,2020-09-18,9940,10100,9900,10050,60533,P05,M00P05,S07P05,D04
1278,2020-09-21,10050,10100,9840,9890,73977,M05,P00M05,S02M05,D04
1279,2020-09-22,9890,10000,9560,9620,64575,M05,M00M05,S07M05,T01
1280,2020-09-23,9700,9860,9460,9620,27525,M05,M00M05,M10M05,U04
1281,2020-09-24,9400,9600,9030,9160,60247,M05,M00M05,M10M05,D04
1282,2020-09-25,9210,9300,9160,9220,32570,K00,M00K00,M10K00,U04
1283,2020-09-28,9600,9750,9390,9700,43526,P05,K00P05,S01P05,U04
1284,2020-09-29,9790,9840,9620,9840,47332,P02,P00P02,P10P02,U04
1285,2020-10-05,9800,9930,9760,9890,49457,P05,P00P05,P10P05,D04
1286,2020-10-06,9830,9920,9780,9830,46169,K00,P00K00,P10K00,U04
1287,2020-10-07,9800,9830,9640,9820,38520,K01,K00K01,S04K01,D04
1288,2020-10-08,9850,9950,9720,9900,63818,P05,K00P05,S04P05,U04
1289,2020-10-12,10050,10400,9920,10200,207049,P05,P00P05,P10P05,U04
1290,2020-10-13,10300,10300,9880,9940,74500,M01,P00M01,P10M01,U04
1291,2020-10-14,9990,9990,9730,9790,57778,M01,M00M01,S07M01,T01
1292,2020-10-15,9790,9830,9550,9600,47359,M05,M00M05,M10M05,D04
1293,2020-10-16,9700,9720,9560,9650,28206,M05,M00M05,M10M05,D04
1294,2020-10-19,9660,9830,9620,9720,24346,P05,M00P05,M10P05,D04
1295,2020-10-20,9620,9710,9530,9640,21328,K00,P00K00,S04K00,D04
1296,2020-10-21,9730,9870,9570,9750,40652,K00,K00K00,P10K00,U04
1297,2020-10-22,9660,9740,9600,9620,15865,M05,K00M05,P10M05,D04
1298,2020-10-23,9720,9720,9610,9640,13170,M01,M00M01,S07M01,U03
1299,2020-10-26,9610,9800,9400,9400,50939,M03,M00M03,M10M03,U04
1300,2020-10-27,9320,9510,9240,9310,26598,M05,M00M05,M10M05,D04
1301,2020-10-28,9360,9460,9260,9450,38040,P05,M00P05,M10P05,U04
1302,2020-10-29,9310,9390,9210,9290,39531,M05,P00M05,S01M05,D04
1303,2020-10-30,9290,9550,9060,9090,53323,M05,M00M05,S07M05,U04
1304,2020-11-02,9140,9200,9090,9200,16645,P01,M00P01,M10P01,D04
1305,2020-11-03,9200,9310,9200,9280,18383,P03,P00P03,S01P03,U04
1306,2020-11-04,9500,9630,9380,9400,69502,M05,P00M05,P10M05,U04
1307,2020-11-05,9410,9600,9410,9520,20413,P03,M00P03,S05P03,U04
1308,2020-11-06,9520,9850,9450,9630,61168,P05,P00P05,S01P05,U04
1309,2020-11-09,9680,9770,9630,9720,47127,K00,P00K00,P10K00,U01
1310,2020-11-10,-1,-1,-1,-1,-1,P10,,,
