,P_score,predict,real,stock_name,stock_code,Date
0,99.42,P0,P0,케이탑리츠,145270,2018-11-13
0,37.71,P0,P0,텔콘RF제약,200230,2018-11-13
0,31.1,M0,P0,삼강엠앤티,100090,2018-11-13
0,24.36,M0,P0,금호에이치티,214330,2018-11-13
0,51.84,P1,K0,남선알미늄,008350,2018-11-14
0,0.0,M0,P0,대신정보통신,020180,2018-11-16
0,39.47,M0,P0,남선알미늄,008350,2018-11-19
0,92.79,P0,M0,제주항공,089590,2018-11-21
0,33.77,K0,P0,남선알미늄,008350,2018-11-21
0,62.32,P0,P0,부광약품,003000,2018-11-26
0,34.36,M0,P0,메리츠증권,008560,2018-11-26
0,9.66,M0,P0,헝셩그룹,900270,2018-11-26
0,50.91,P0,K0,삼본전자,111870,2018-11-27
0,31.44,M0,M0,파워로직스,047310,2018-11-27
0,20.26,M0,P0,대신정보통신,020180,2018-11-27
0,45.42,M0,K0,넥슨지티,041140,2018-11-28
0,10.19,M0,K0,남선알미늄,008350,2018-11-28
0,41.57,M0,P0,파워로직스,047310,2018-11-30
0,19.51,M0,M0,삼강엠앤티,100090,2018-12-03
0,0.0,M0,P0,한국카본,017960,2018-12-03
0,52.35,P0,P0,초록뱀,047820,2018-12-04
0,87.62,P0,P0,신풍제약,019170,2018-12-05
0,83.58,P0,P0,LG유플러스,032640,2018-12-07
0,37.58,M0,P0,대한항공,003490,2018-12-07
0,36.83,M0,K0,상지카일룸,042940,2018-12-07
0,36.34,M0,P0,초록뱀,047820,2018-12-07
0,0.0,M0,P0,덕성,004830,2018-12-07
0,32.38,K0,P0,삼성중공업,010140,2018-12-10
0,45.52,M0,P0,앤디포스,238090,2018-12-11
0,38.62,M0,P0,세종텔레콤,036630,2018-12-11
0,18.39,M0,P0,한국카본,017960,2018-12-11
0,0.0,M0,P0,파워로직스,047310,2018-12-11
0,55.26,P0,P0,화인베스틸,133820,2018-12-12
0,45.3,M0,P0,삼성중공업,010140,2018-12-12
0,28.82,M0,P0,콤텍시스템,031820,2018-12-12
0,21.67,M0,P0,대성창투,027830,2018-12-12
0,0.0,M0,P0,KPX생명과학,114450,2018-12-12
0,54.7,P0,M0,SG&G,040610,2018-12-13
0,46.85,M0,P0,현대로템,064350,2018-12-13
0,46.64,M0,P0,대아티아이,045390,2018-12-13
0,50.23,P0,P0,쌍방울,102280,2018-12-14
0,29.15,M0,M0,에이비프로바이오,195990,2018-12-17
0,28.55,M0,P0,대주산업,003310,2018-12-17
0,27.89,M0,P0,KTcs,058850,2018-12-17
0,78.09,P0,P0,현대로템,064350,2018-12-18
0,44.89,P0,P0,파워로직스,047310,2018-12-18
0,43.59,M0,P0,서린바이오,038070,2018-12-19
0,39.25,M0,P0,콤텍시스템,031820,2018-12-19
0,0.0,M0,P0,LG유플러스,032640,2018-12-19
0,69.02,P0,P0,세우글로벌,013000,2018-12-20
0,0.0,K0,P0,다날,064260,2018-12-20
0,63.51,P0,P0,삼성중공업,010140,2018-12-21
0,39.02,P0,P0,금호에이치티,214330,2018-12-21
0,30.19,M0,P0,한화솔루션,009830,2018-12-21
0,0.0,M0,P0,영화금속,012280,2018-12-24
0,92.94,P0,P0,세우글로벌,013000,2018-12-26
0,69.64,P0,P0,대우건설,047040,2018-12-27
0,65.4,P0,P1,보해양조,000890,2018-12-27
0,63.34,M0,P0,엘비세미콘,061970,2018-12-27
0,60.33,P0,P0,남선알미늄,008350,2018-12-27
0,57.95,P0,P0,풍국주정,023900,2018-12-27
0,54.32,M0,P0,KC코트렐,119650,2018-12-28
0,53.99,P0,K0,대영포장,014160,2018-12-28
0,50.61,P0,M0,대아티아이,045390,2018-12-28
0,50.12,M0,P0,대신정보통신,020180,2018-12-28
0,19.92,M0,P0,세우글로벌,013000,2018-12-28
0,51.17,P0,P0,대아티아이,045390,2019-01-03
0,18.36,M0,P0,현대차,005380,2019-01-03
0,16.82,K0,P0,동양물산,002900,2019-01-03
0,27.03,M0,P0,한진칼,180640,2019-01-04
0,0.0,M0,P0,티케이케미칼,104480,2019-01-07
0,54.6,P0,K0,시노펙스,025320,2019-01-09
0,48.14,M0,K0,SG&G,040610,2019-01-09
0,43.18,M0,P0,한진칼,180640,2019-01-09
0,35.84,M0,P0,파워로직스,047310,2019-01-09
0,32.32,M0,P0,티케이케미칼,104480,2019-01-09
0,24.12,M0,P0,에이비프로바이오,195990,2019-01-10
0,56.95,P0,P0,현대로템,064350,2019-01-11
0,50.69,P0,P0,세우글로벌,013000,2019-01-11
0,42.25,M0,P0,진매트릭스,109820,2019-01-11
0,30.42,M0,P0,티케이케미칼,104480,2019-01-11
0,56.39,P0,P0,YBM넷,057030,2019-01-14
0,54.87,P0,P0,대신정보통신,020180,2019-01-14
0,50.81,P0,P0,포비스티앤씨,016670,2019-01-14
0,42.65,M0,P0,남선알미늄,008350,2019-01-14
0,36.08,M0,P0,코데즈컴바인,047770,2019-01-14
0,56.96,P0,K0,부광약품,003000,2019-01-15
0,46.62,P0,P0,LG유플러스,032640,2019-01-15
0,43.41,M0,P0,신풍제약,019170,2019-01-15
0,33.66,M0,M0,바이넥스,053030,2019-01-15
0,9.41,M0,P0,세운메디칼,100700,2019-01-15
0,43.81,P0,P0,에스씨디,042110,2019-01-16
0,20.74,M0,P0,GH신소재,130500,2019-01-16
0,63.12,P0,P0,KPX생명과학,114450,2019-01-18
0,59.53,P0,K0,대호피앤씨,021040,2019-01-18
0,53.13,P0,P0,쏠리드,050890,2019-01-18
0,40.76,M0,P0,신풍제약,019170,2019-01-18
0,36.58,M0,M0,보해양조,000890,2019-01-18
0,37.53,M0,P0,SG충방,001380,2019-01-21
0,0.0,K0,P0,써니전자,004770,2019-01-21
0,39.46,M0,M0,한솔홈데코,025750,2019-01-22
0,0.0,K0,K0,부광약품,003000,2019-01-22
0,49.22,P0,P0,LG디스플레이,034220,2019-01-23
0,48.92,P0,K0,화인베스틸,133820,2019-01-23
0,43.26,M0,P0,우리기술,032820,2019-01-23
0,32.13,M0,M0,SG충방,001380,2019-01-23
0,31.05,M0,M0,한국전력,015760,2019-01-23
0,62.53,P0,M0,풍국주정,023900,2019-01-24
0,33.63,M0,M0,한진칼,180640,2019-01-24
0,32.48,M0,M0,대아티아이,045390,2019-01-24
0,18.29,M0,K0,동양철관,008970,2019-01-24
0,72.92,P0,P0,현대로템,064350,2019-01-25
0,60.0,P0,P0,바른손이앤에이,035620,2019-01-25
0,34.68,M0,P0,우리기술,032820,2019-01-25
0,47.81,M0,M0,오텍,067170,2019-01-28
0,40.55,M0,M0,성호전자,043260,2019-01-28
0,39.32,K0,P0,국영지앤엠,006050,2019-01-28
0,79.81,P0,P0,케이탑리츠,145270,2019-01-29
0,51.24,P0,M0,대한항공,003490,2019-01-29
0,45.15,P0,P0,남선알미늄,008350,2019-01-29
0,38.85,M0,M0,KEC,092220,2019-01-29
0,9.34,M0,P0,신성이엔지,011930,2019-01-29
0,75.05,P0,P0,영흥,012160,2019-01-30
0,67.13,P0,M0,재영솔루텍,049630,2019-01-30
0,64.52,P0,P0,KC코트렐,119650,2019-01-30
0,51.53,M0,P0,토박스코리아,215480,2019-01-30
0,51.11,P0,P0,에스와이,109610,2019-01-30
0,97.46,P0,M0,광전자,017900,2019-01-31
0,55.13,P0,M0,오텍,067170,2019-01-31
0,45.71,M0,P0,오픈베이스,049480,2019-01-31
0,39.52,M0,K0,KBI메탈,024840,2019-01-31
0,36.28,M0,P0,사조씨푸드,014710,2019-01-31
0,64.4,P0,K0,파워로직스,047310,2019-02-01
0,64.16,P0,K0,코콤,015710,2019-02-01
0,42.54,M0,M0,모베이스전자,012860,2019-02-01
0,41.51,P0,P0,수산중공업,017550,2019-02-01
0,32.53,M0,P0,루멘스,038060,2019-02-01
0,54.98,P0,P0,에스코넥,096630,2019-02-07
0,52.24,P0,P0,KTcs,058850,2019-02-07
0,49.03,P0,P0,에이비프로바이오,195990,2019-02-07
0,47.86,M0,P0,한네트,052600,2019-02-07
0,40.65,P0,M0,위지트,036090,2019-02-07
0,45.96,P0,P0,SG&G,040610,2019-02-08
0,44.45,M0,M0,진원생명과학,011000,2019-02-08
0,37.5,M0,M0,메디콕스,054180,2019-02-08
0,28.57,M0,P0,바이온,032980,2019-02-08
0,26.87,K0,M0,삼기,122350,2019-02-08
0,100.0,P0,P0,현대차,005380,2019-02-11
0,67.05,P0,P0,동진쎄미켐,005290,2019-02-11
0,36.89,M0,M0,풍국주정,023900,2019-02-11
0,35.96,M0,P0,SK하이닉스,000660,2019-02-11
0,33.16,M0,P0,삼성중공업,010140,2019-02-11
0,65.82,P0,M0,유라테크,048430,2019-02-12
0,42.16,M0,M0,한화솔루션,009830,2019-02-12
0,77.78,P0,P0,스페코,013810,2019-02-13
0,48.81,P0,P0,예림당,036000,2019-02-13
0,41.05,M0,P0,프럼파스트,035200,2019-02-13
0,30.11,M0,P0,풍국주정,023900,2019-02-13
0,25.33,K0,P0,진원생명과학,011000,2019-02-13
0,33.11,M0,M0,메디콕스,054180,2019-02-14
0,25.35,M0,P1,케이피엠테크,042040,2019-02-14
0,22.31,K0,P0,기아차,000270,2019-02-14
0,18.08,M0,P0,미래에셋대우,006800,2019-02-14
0,10.98,M0,K0,삼부토건,001470,2019-02-14
0,82.75,P0,M0,삼기,122350,2019-02-15
0,54.58,M0,P0,알루코,001780,2019-02-15
0,41.43,M0,M0,에스와이,109610,2019-02-15
0,39.85,M0,P0,우수AMS,066590,2019-02-15
0,25.42,M0,P0,헬릭스미스,084990,2019-02-15
0,88.92,P0,K0,명문제약,017180,2019-02-18
0,78.64,P0,P0,토박스코리아,215480,2019-02-18
0,49.33,M0,P0,랩지노믹스,084650,2019-02-18
0,42.89,M0,M0,대아티아이,045390,2019-02-18
0,40.75,M0,M0,서한,011370,2019-02-18
0,56.95,P0,P0,한솔홈데코,025750,2019-02-19
0,50.29,P0,P0,뉴로스,126870,2019-02-19
0,48.36,P0,P0,KC코트렐,119650,2019-02-19
0,35.02,M0,P0,에스와이,109610,2019-02-19
0,25.98,M0,M0,한국테크놀로지,053590,2019-02-19
0,63.59,P0,P0,하나금융지주,086790,2019-02-20
0,59.25,P0,P0,부방,014470,2019-02-20
0,51.49,P0,P0,한국전력,015760,2019-02-20
0,42.9,M0,P0,한국카본,017960,2019-02-20
0,27.5,M0,P0,만도,204320,2019-02-20
0,59.02,P0,P0,포비스티앤씨,016670,2019-02-21
0,50.95,P0,P0,필로시스헬스케어,057880,2019-02-21
0,49.65,P0,M0,티케이케미칼,104480,2019-02-21
0,47.08,M0,M0,대아티아이,045390,2019-02-21
0,33.49,M0,P0,KC코트렐,119650,2019-02-21
0,92.71,P0,P0,삼륭물산,014970,2019-02-22
0,69.11,P0,P0,유니온,000910,2019-02-22
0,64.27,P0,P0,동양물산,002900,2019-02-22
0,39.73,M0,P0,스페코,013810,2019-02-22
0,35.39,M0,K0,코콤,015710,2019-02-22
0,61.25,P1,P0,써니전자,004770,2019-02-25
0,57.81,P0,P0,토박스코리아,215480,2019-02-25
0,51.09,P0,K0,서한,011370,2019-02-25
0,47.45,P0,P0,남성,004270,2019-02-25
0,46.6,M0,M0,마니커,027740,2019-02-25
0,100.0,P0,P0,현대로템,064350,2019-02-26
0,53.6,P0,P0,포비스티앤씨,016670,2019-02-26
0,45.46,M0,K0,HMM,011200,2019-02-26
0,18.49,M0,P0,대아티아이,045390,2019-02-26
0,81.63,P0,P0,메디콕스,054180,2019-02-27
0,61.11,P0,P0,헬릭스미스,084990,2019-02-27
0,53.12,P0,P0,빅텍,065450,2019-02-27
0,45.85,M0,P0,코데즈컴바인,047770,2019-02-27
0,43.04,P0,P0,신성델타테크,065350,2019-02-27
0,0.0,M0,M0,오텍,067170,2019-02-28
0,88.46,P0,P0,후성,093370,2019-03-04
0,59.64,P0,P0,대성창투,027830,2019-03-04
0,51.38,P0,P0,위지트,036090,2019-03-04
0,49.71,M0,P0,링네트,042500,2019-03-04
0,47.81,P0,P0,메디콕스,054180,2019-03-04
0,15.96,M0,P0,한국카본,017960,2019-03-05
0,54.64,P0,M0,골든센츄리,900280,2019-03-06
0,29.03,M0,K0,대한항공,003490,2019-03-06
0,25.58,M0,P1,성호전자,043260,2019-03-06
0,23.37,M0,P0,유라테크,048430,2019-03-06
0,23.28,M0,P0,한화솔루션,009830,2019-03-06
0,66.28,P0,P0,KMH하이텍,052900,2019-03-07
0,54.68,P0,P0,코디엠,224060,2019-03-07
0,0.0,M0,P0,삼성전자,005930,2019-03-07
0,0.0,M0,P0,삼천당제약,000250,2019-03-08
0,79.56,P0,M0,신한지주,055550,2019-03-11
0,57.24,P0,P0,헬릭스미스,084990,2019-03-11
0,51.27,P0,P0,삼성중공업,010140,2019-03-11
0,47.99,P0,M0,에스코넥,096630,2019-03-11
0,38.03,M0,P0,한국전력,015760,2019-03-11
0,62.06,P0,P0,코디엠,224060,2019-03-12
0,48.1,M0,M0,휴마시스,205470,2019-03-12
0,41.99,M0,P0,부방,014470,2019-03-12
0,41.94,M0,P0,명문제약,017180,2019-03-12
0,40.64,M0,K0,골든센츄리,900280,2019-03-12
0,0.0,M0,P0,코리아나,027050,2019-03-13
0,77.99,P0,K0,원풍물산,008290,2019-03-14
0,73.21,P0,P0,태림포장,011280,2019-03-14
0,49.47,P0,P0,YBM넷,057030,2019-03-14
0,48.89,P0,P0,동방선기,099410,2019-03-14
0,23.43,M0,P0,에스씨디,042110,2019-03-14
0,0.0,M0,P0,로스웰,900260,2019-03-15
0,64.03,P0,P0,화인베스틸,133820,2019-03-18
0,45.35,P0,P0,케이사인,192250,2019-03-18
0,44.4,M0,P0,한창,005110,2019-03-18
0,36.02,M0,P0,에이티넘인베스트,021080,2019-03-18
0,27.2,M0,P0,라온시큐어,042510,2019-03-18
0,90.71,P0,P0,웰크론,065950,2019-03-19
0,35.4,M0,P0,엘비세미콘,061970,2019-03-19
0,19.84,M0,P0,에스코넥,096630,2019-03-19
0,16.48,M0,P0,KC코트렐,119650,2019-03-19
0,65.5,P0,P0,마크로젠,038290,2019-03-20
0,47.95,M0,M0,CMG제약,058820,2019-03-20
0,42.9,M0,P0,동진쎄미켐,005290,2019-03-20
0,28.6,M0,P0,토박스코리아,215480,2019-03-20
0,26.75,M0,P0,한국팩키지,037230,2019-03-20
0,24.79,M0,P0,케이피엠테크,042040,2019-03-21
0,100.0,P0,P0,우리기술,032820,2019-03-22
0,96.39,P0,K0,에스와이,109610,2019-03-22
0,61.33,P0,P0,웰크론,065950,2019-03-22
0,46.58,M0,P0,시너지이노베이션,048870,2019-03-22
0,42.7,P0,P0,넥스트BT,065170,2019-03-22
0,17.38,M0,P0,THE E&M,089230,2019-03-25
0,66.14,P0,P0,일신바이오,068330,2019-03-26
0,64.27,P0,P0,메리츠증권,008560,2019-03-26
0,63.2,P0,P0,대주산업,003310,2019-03-26
0,61.46,P0,P0,대성창투,027830,2019-03-26
0,39.05,M0,P0,한국카본,017960,2019-03-26
0,67.25,P0,P0,YBM넷,057030,2019-03-29
0,56.08,P0,P0,한국카본,017960,2019-03-29
0,38.18,M0,P0,삼천당제약,000250,2019-03-29
0,28.21,M0,P0,퓨쳐스트림네트웍스,214270,2019-03-29
0,10.19,M0,P0,포비스티앤씨,016670,2019-03-29
0,31.52,M0,P0,대성파인텍,104040,2019-04-01
0,0.0,M0,P0,광전자,017900,2019-04-01
0,55.2,P0,P0,신일전자,002700,2019-04-02
0,22.37,M0,P0,KC코트렐,119650,2019-04-02
0,51.07,P0,P0,웰크론,065950,2019-04-03
0,49.3,M0,P0,유바이오로직스,206650,2019-04-08
0,73.47,P0,K0,오텍,067170,2019-04-09
0,60.87,P0,P0,KEC,092220,2019-04-09
0,58.11,P0,K0,남선알미늄,008350,2019-04-09
0,49.18,P0,M0,삼천당제약,000250,2019-04-09
0,48.78,M0,P0,동방선기,099410,2019-04-09
0,48.73,M0,P0,국제약품,002720,2019-04-10
0,45.09,M0,P0,한일진공,123840,2019-04-10
0,39.02,M0,P0,에프앤리퍼블릭,064090,2019-04-10
0,32.11,M0,P0,한창,005110,2019-04-10
0,31.19,M0,P0,우리기술투자,041190,2019-04-10
0,55.17,P0,M0,필로시스헬스케어,057880,2019-04-11
0,43.43,M0,P0,휴맥스,115160,2019-04-11
0,43.31,P0,P0,삼륭물산,014970,2019-04-11
0,100.0,P0,P0,메리츠증권,008560,2019-04-12
0,51.25,P0,P0,크리스탈신소재,900250,2019-04-12
0,50.89,P0,P0,테스,095610,2019-04-12
0,31.27,M0,P0,에이루트,096690,2019-04-12
0,30.76,M0,P1,헝셩그룹,900270,2019-04-12
0,28.84,K0,K0,SBI인베스트먼트,019550,2019-04-15
0,27.19,M0,P0,하나금융지주,086790,2019-04-15
0,0.0,K0,K0,한화솔루션,009830,2019-04-15
0,48.19,M0,P0,콤텍시스템,031820,2019-04-16
0,53.58,P0,K0,한화솔루션,009830,2019-04-17
0,51.71,P0,P0,테스,095610,2019-04-17
0,45.74,M0,P0,포비스티앤씨,016670,2019-04-17
0,31.25,M0,P0,판타지오,032800,2019-04-17
0,28.92,M0,P0,제이씨케미칼,137950,2019-04-17
0,100.0,P0,P0,우리기술투자,041190,2019-04-18
0,66.11,P0,P0,젬백스,082270,2019-04-18
0,0.0,M0,P0,아남전자,008700,2019-04-18
0,100.0,P0,M0,유라테크,048430,2019-04-19
0,92.67,P0,M0,CMG제약,058820,2019-04-19
0,58.83,P0,P0,삼천당제약,000250,2019-04-19
0,47.02,M0,K0,테스,095610,2019-04-19
0,45.49,M0,M0,엘비세미콘,061970,2019-04-19
0,65.92,P0,P0,소리바다,053110,2019-04-22
0,50.19,P0,P0,한진칼,180640,2019-04-22
0,45.66,P0,M0,한창,005110,2019-04-22
0,34.06,M0,M0,본느,226340,2019-04-22
0,24.23,M0,P0,디딤,217620,2019-04-22
0,62.69,P0,P0,동진쎄미켐,005290,2019-04-23
0,59.48,P0,M0,NH투자증권,005940,2019-04-23
0,55.1,P0,P0,해마로푸드서비스,220630,2019-04-23
0,48.28,P0,K0,금호산업,002990,2019-04-23
0,42.03,P0,M0,대한항공,003490,2019-04-23
0,58.27,M0,P0,휴마시스,205470,2019-04-24
0,18.77,M0,M0,동방,004140,2019-04-24
0,13.29,M0,P0,IHQ,003560,2019-04-24
0,67.12,P0,P0,본느,226340,2019-04-25
0,60.83,P0,M0,코데즈컴바인,047770,2019-04-25
0,44.52,P0,P0,골드퍼시픽,038530,2019-04-25
0,42.98,P0,P0,테스,095610,2019-04-25
0,40.5,M0,P0,에이티세미콘,089530,2019-04-25
0,59.28,P0,P0,MP한강,219550,2019-04-26
0,48.51,M0,P0,태림포장,011280,2019-04-26
0,37.69,M0,P0,디딤,217620,2019-04-26
0,36.31,M0,P0,한진칼,180640,2019-04-26
0,36.08,M0,M0,이아이디,093230,2019-04-26
0,48.17,M0,P0,명문제약,017180,2019-04-29
0,37.35,M0,P0,엔브이에이치코리아,067570,2019-04-29
0,34.71,M0,P0,KMH하이텍,052900,2019-04-29
0,31.07,M0,P0,젬백스,082270,2019-04-29
0,20.14,M0,P0,태경케미컬,006890,2019-04-29
0,53.27,P0,P0,한진칼,180640,2019-04-30
0,50.9,P0,M0,엘비세미콘,061970,2019-04-30
0,45.88,P0,P0,씨케이에이치,900120,2019-04-30
0,37.43,M0,P0,아시아나항공,020560,2019-04-30
0,24.38,M0,P0,링네트,042500,2019-04-30
0,85.71,P0,P0,이아이디,093230,2019-05-02
0,60.58,P0,P0,동방선기,099410,2019-05-02
0,55.89,P0,P0,큐로,015590,2019-05-02
0,45.37,M0,P1,유니온머티리얼,047400,2019-05-02
0,45.22,M0,P0,넥슨지티,041140,2019-05-02
0,49.72,M0,P0,남성,004270,2019-05-03
0,21.57,M0,P0,CJ씨푸드,011150,2019-05-03
0,19.36,M0,P0,마니커,027740,2019-05-03
0,0.0,M0,M0,티케이케미칼,104480,2019-05-03
0,100.0,P0,P0,영풍제지,006740,2019-05-07
0,38.28,P0,P0,한창,005110,2019-05-07
0,0.0,K0,P0,화인베스틸,133820,2019-05-07
0,80.98,P0,P0,삼성제약,001360,2019-05-10
0,43.93,M0,P0,오픈베이스,049480,2019-05-10
0,42.85,P0,P0,금호산업,002990,2019-05-10
0,35.67,K0,P0,링네트,042500,2019-05-10
0,35.27,M0,P0,CMG제약,058820,2019-05-10
0,28.63,M0,P0,클래시스,214150,2019-05-13
0,26.5,M0,P0,케이사인,192250,2019-05-13
0,11.58,K0,P0,CJ씨푸드,011150,2019-05-13
0,51.84,P0,P0,명문제약,017180,2019-05-14
0,51.53,P0,P0,CMG제약,058820,2019-05-14
0,41.91,P0,P0,큐로,015590,2019-05-14
0,38.65,M0,P0,삼성제약,001360,2019-05-14
0,35.57,M0,P0,아남전자,008700,2019-05-14
0,44.34,M0,P0,골든센츄리,900280,2019-05-15
0,73.4,P0,P0,본느,226340,2019-05-17
0,25.0,M0,K0,아이에이,038880,2019-05-17
0,12.98,K0,M0,태림포장,011280,2019-05-17
0,37.34,M0,P0,현대차,005380,2019-05-20
0,31.63,M0,P0,라온시큐어,042510,2019-05-20
0,56.59,P0,P0,오리엔트바이오,002630,2019-05-21
0,52.16,M0,M0,유니온머티리얼,047400,2019-05-21
0,40.28,M0,P0,케이사인,192250,2019-05-21
0,36.28,M0,P0,IHQ,003560,2019-05-21
0,47.9,M0,P0,유바이오로직스,206650,2019-05-22
0,42.13,P0,P0,화인베스틸,133820,2019-05-22
0,51.03,P0,P0,한송네오텍,226440,2019-05-23
0,33.9,M0,P0,기아차,000270,2019-05-23
0,24.44,M0,P0,한익스프레스,014130,2019-05-23
0,40.3,P0,P0,우리바이오,082850,2019-05-24
0,34.45,M0,P0,에이디칩스,054630,2019-05-24
0,18.18,M0,P0,마니커,027740,2019-05-24
0,64.11,P0,M0,우리기술투자,041190,2019-05-27
0,22.09,K0,P0,아남전자,008700,2019-05-27
0,69.49,P0,P0,젬백스,082270,2019-05-28
0,56.61,P0,K0,KB금융,105560,2019-05-28
0,43.7,M0,P0,에이루트,096690,2019-05-28
0,41.9,M0,P0,동진쎄미켐,005290,2019-05-28
0,30.61,M0,K0,KR모터스,000040,2019-05-28
0,23.06,M0,P0,써니전자,004770,2019-05-29
0,83.09,P0,P0,우리기술투자,041190,2019-05-30
0,44.89,M0,P0,신일전자,002700,2019-05-30
0,72.38,P0,P0,엘비세미콘,061970,2019-05-31
0,58.31,P0,P0,클래시스,214150,2019-05-31
0,50.73,P0,P0,휘닉스소재,050090,2019-05-31
0,50.38,P0,P0,GH신소재,130500,2019-05-31
0,45.85,M0,P0,코콤,015710,2019-05-31
0,59.62,P0,P0,화인베스틸,133820,2019-06-03
0,23.96,M0,P0,오텍,067170,2019-06-03
0,42.09,M0,P0,라온시큐어,042510,2019-06-05
0,59.36,P0,P0,바른손,018700,2019-06-07
0,46.54,P0,P0,큐캐피탈,016600,2019-06-07
0,33.49,M0,M0,유니온,000910,2019-06-07
0,100.0,P0,P0,유니온머티리얼,047400,2019-06-10
0,88.07,P0,P0,디지탈옵틱,106520,2019-06-10
0,37.76,P0,P0,휴마시스,205470,2019-06-10
0,0.0,K0,P0,크리스탈신소재,900250,2019-06-10
0,59.72,P0,P0,씨젠,096530,2019-06-11
0,50.61,M0,P0,에이치엘비파워,043220,2019-06-11
0,30.69,M0,M0,제넨바이오,072520,2019-06-12
0,22.82,M0,P0,유니온,000910,2019-06-12
0,47.46,P0,P0,에이디칩스,054630,2019-06-13
0,32.83,M0,P0,아남전자,008700,2019-06-13
0,22.88,M0,P0,이그잭스,060230,2019-06-13
0,18.76,M0,P0,동진쎄미켐,005290,2019-06-13
0,16.43,M0,P0,바른손이앤에이,035620,2019-06-13
0,32.81,M0,K0,한익스프레스,014130,2019-06-17
0,9.48,M0,P0,대창,012800,2019-06-17
0,79.2,P0,P0,본느,226340,2019-06-18
0,30.29,M0,P0,IHQ,003560,2019-06-18
0,1.73,M0,P0,영흥,012160,2019-06-18
0,0.0,M0,M0,보락,002760,2019-06-18
0,83.73,P0,P0,한익스프레스,014130,2019-06-19
0,54.75,P0,P0,남선알미늄,008350,2019-06-19
0,43.98,M0,P0,형지엘리트,093240,2019-06-19
0,21.87,M0,M0,엔브이에이치코리아,067570,2019-06-19
0,20.05,M0,P0,휴마시스,205470,2019-06-19
0,100.0,P0,P0,우리기술투자,041190,2019-06-20
0,71.2,P0,P0,신성델타테크,065350,2019-06-20
0,63.79,P0,M0,삼보산업,009620,2019-06-20
0,60.95,P0,P0,바른손,018700,2019-06-20
0,54.52,P0,M0,알루코,001780,2019-06-20
0,41.61,M0,P0,엔브이에이치코리아,067570,2019-06-21
0,33.68,M0,P0,부광약품,003000,2019-06-21
0,31.28,M0,P0,한국카본,017960,2019-06-21
0,16.64,M0,M0,마니커,027740,2019-06-21
0,74.92,P0,K0,알루코,001780,2019-06-24
0,47.55,M0,P0,오픈베이스,049480,2019-06-24
0,40.51,M0,P0,옴니시스템,057540,2019-06-24
0,0.0,M0,K0,삼기,122350,2019-06-24
0,20.01,M0,P0,마니커,027740,2019-06-25
0,79.02,P0,P0,한네트,052600,2019-06-26
0,72.21,P0,P0,라온시큐어,042510,2019-06-26
0,31.51,M0,P0,콤텍시스템,031820,2019-06-26
0,29.35,M0,P0,쏠리드,050890,2019-06-26
0,28.44,M0,P0,알서포트,131370,2019-06-26
0,45.45,P0,P0,태림포장,011280,2019-06-27
0,32.22,K0,M0,링네트,042500,2019-06-27
0,23.37,M0,P0,마니커,027740,2019-06-27
0,60.53,P0,P0,유니온머티리얼,047400,2019-06-28
0,53.17,P0,P0,오리엔탈정공,014940,2019-06-28
0,46.1,M0,P0,세종텔레콤,036630,2019-06-28
0,38.36,M0,P0,오픈베이스,049480,2019-06-28
0,37.36,M0,P0,알서포트,131370,2019-06-28
0,96.44,P0,M0,씨젠,096530,2019-07-01
0,78.84,P0,M0,영흥,012160,2019-07-01
0,54.3,P0,M0,한솔홈데코,025750,2019-07-01
0,53.76,P0,M0,수산중공업,017550,2019-07-01
0,52.94,P0,M0,이화전기,024810,2019-07-01
0,74.51,P0,P0,GH신소재,130500,2019-07-02
0,72.29,P0,P0,부방,014470,2019-07-02
0,46.31,P0,P0,오픈베이스,049480,2019-07-02
0,45.55,M0,P0,SBI인베스트먼트,019550,2019-07-02
0,36.26,M0,P0,엑세스바이오,950130,2019-07-02
0,48.98,P0,K0,현대차,005380,2019-07-03
0,36.7,M0,P0,알루코,001780,2019-07-03
0,100.0,P0,P0,삼성전자,005930,2019-07-04
0,84.76,P0,K0,신성이엔지,011930,2019-07-04
0,61.43,P0,P0,파워로직스,047310,2019-07-04
0,58.88,P0,M0,남선알미늄,008350,2019-07-04
0,53.48,P0,P0,이트론,096040,2019-07-04
0,53.05,P0,M0,한창,005110,2019-07-05
0,44.16,M0,P0,HMM,011200,2019-07-05
0,32.66,M0,P0,동양철관,008970,2019-07-05
0,8.94,M0,P0,유바이오로직스,206650,2019-07-05
0,59.73,P0,P0,큐로,015590,2019-07-09
0,48.92,P0,P0,오리엔탈정공,014940,2019-07-10
0,47.16,P0,M0,NH투자증권,005940,2019-07-10
0,26.12,M0,P0,한송네오텍,226440,2019-07-10
0,54.32,P0,P0,재영솔루텍,049630,2019-07-11
0,46.72,M0,P0,대한과학,131220,2019-07-11
0,42.23,M0,P0,한창,005110,2019-07-11
0,32.64,M0,P1,KPX생명과학,114450,2019-07-11
0,31.18,M0,P0,후성,093370,2019-07-11
0,39.47,M0,P0,릭스솔루션,029480,2019-07-12
0,35.35,M0,P0,쌍방울,102280,2019-07-12
0,23.52,M0,P0,한화솔루션,009830,2019-07-15
0,46.8,P0,M0,신성통상,005390,2019-07-16
0,53.29,P0,P0,OQP,078590,2019-07-17
0,33.77,M0,M0,세미콘라이트,214310,2019-07-17
0,23.0,M0,P0,엘비세미콘,061970,2019-07-17
0,56.83,P0,P0,SG세계물산,004060,2019-07-18
0,53.45,P0,P0,남성,004270,2019-07-18
0,25.27,M0,P0,모베이스전자,012860,2019-07-18
0,24.29,M0,P0,SG&G,040610,2019-07-18
0,14.99,M0,P0,쏠리드,050890,2019-07-18
0,75.27,P0,P0,윈팩,097800,2019-07-19
0,45.0,P0,P0,오픈베이스,049480,2019-07-19
0,44.61,M0,P0,KPX생명과학,114450,2019-07-19
0,39.82,M0,P0,신풍제지,002870,2019-07-19
0,38.46,M0,K0,엘비세미콘,061970,2019-07-19
0,50.96,P0,M0,신라섬유,001000,2019-07-23
0,20.71,M0,P0,BNK금융지주,138930,2019-07-23
0,30.31,M0,P0,대창,012800,2019-07-25
0,7.61,M0,P0,세미콘라이트,214310,2019-07-25
0,0.0,M0,P0,덕성,004830,2019-07-25
0,36.49,M0,P0,OQP,078590,2019-07-26
0,36.39,P0,P0,이그잭스,060230,2019-07-26
0,20.93,M0,P0,THE E&M,089230,2019-07-26
0,47.01,P0,P0,SK하이닉스,000660,2019-07-30
0,23.69,M0,P0,풍국주정,023900,2019-07-30
0,61.49,P0,P0,에이비프로바이오,195990,2019-07-31
0,56.75,P0,P0,알서포트,131370,2019-07-31
0,87.41,P0,P0,동진쎄미켐,005290,2019-08-01
0,34.41,M0,P0,후성,093370,2019-08-01
0,20.55,M0,P0,KR모터스,000040,2019-08-01
0,17.08,M0,P0,삼륭물산,014970,2019-08-02
0,46.49,M0,P0,본느,226340,2019-08-06
0,63.33,P0,P0,후성,093370,2019-08-07
0,45.52,P0,P0,크리스탈신소재,900250,2019-08-07
0,0.0,K0,P1,이트론,096040,2019-08-08
0,62.11,P0,K0,SK하이닉스,000660,2019-08-09
0,39.0,M0,P0,국영지앤엠,006050,2019-08-19
0,0.0,M0,P0,만도,204320,2019-08-19
0,59.22,P0,P0,태경비케이,014580,2019-08-20
0,35.5,M0,K0,동진쎄미켐,005290,2019-08-20
0,21.92,M0,M0,비덴트,121800,2019-08-20
0,39.77,M0,P0,유니온머티리얼,047400,2019-08-21
0,0.0,M0,K0,본느,226340,2019-08-21
0,37.48,M0,P0,신성통상,005390,2019-08-22
0,100.0,P0,P1,삼륭물산,014970,2019-08-23
0,24.49,M0,P0,비덴트,121800,2019-08-23
0,16.92,M0,P0,유니온,000910,2019-08-23
0,34.57,M0,P0,CJ씨푸드,011150,2019-08-26
0,62.62,P0,M0,헬릭스미스,084990,2019-08-27
0,44.54,M0,P0,포비스티앤씨,016670,2019-08-27
0,29.53,M0,M0,동진쎄미켐,005290,2019-08-27
0,20.54,M0,P1,남성,004270,2019-08-27
0,44.54,M0,P0,KMH하이텍,052900,2019-08-28
0,53.11,P0,K0,태림포장,011280,2019-08-29
0,53.54,P0,P1,컬러레이,900310,2019-08-30
0,43.82,M0,P0,CJ씨푸드,011150,2019-08-30
0,22.13,M0,P0,쏠리드,050890,2019-08-30
0,57.34,P0,M0,유니온머티리얼,047400,2019-09-02
0,37.39,M0,M0,후성,093370,2019-09-02
0,19.28,M0,P0,비덴트,121800,2019-09-02
0,40.52,M0,P0,시노펙스,025320,2019-09-03
0,43.61,M0,P0,남성,004270,2019-09-04
0,37.85,P0,P0,모베이스전자,012860,2019-09-05
0,28.0,M0,P0,제이씨케미칼,137950,2019-09-09
0,11.17,K0,P0,신성통상,005390,2019-09-09
0,2.87,K0,P0,이화전기,024810,2019-09-09
0,45.64,P0,P0,휘닉스소재,050090,2019-09-10
0,32.21,M0,P0,THE E&M,089230,2019-09-10
0,15.96,M0,P0,삼강엠앤티,100090,2019-09-10
0,1.32,M0,P0,만도,204320,2019-09-10
0,0.0,M0,P0,루멘스,038060,2019-09-10
0,52.97,P0,M0,남성,004270,2019-09-11
0,42.27,M0,P0,이트론,096040,2019-09-11
0,35.04,M0,P0,보락,002760,2019-09-11
0,31.96,M0,P0,디지탈옵틱,106520,2019-09-11
0,28.98,M0,P0,KPX생명과학,114450,2019-09-11
0,34.66,M0,P0,케이탑리츠,145270,2019-09-16
0,47.93,P0,P0,동진쎄미켐,005290,2019-09-17
0,43.39,M0,K0,삼성전기,009150,2019-09-17
0,19.19,M0,P0,풍국주정,023900,2019-09-17
0,37.98,M0,P0,남선알미늄,008350,2019-09-18
0,33.33,M0,P0,삼륭물산,014970,2019-09-18
0,47.55,M0,P0,바이온,032980,2019-09-19
0,31.45,K0,P0,KNN,058400,2019-09-19
0,25.44,K0,K0,위지트,036090,2019-09-19
0,52.34,P0,P0,파루,043200,2019-09-20
0,21.21,M0,P0,동방선기,099410,2019-09-20
0,61.69,P0,P0,팬오션,028670,2019-09-23
0,33.29,M0,P0,이씨에스,067010,2019-09-23
0,46.13,P0,P0,바이온,032980,2019-09-24
0,36.13,M0,P0,영진약품,003520,2019-09-24
0,19.56,M0,K0,삼부토건,001470,2019-09-24
0,0.0,M0,P0,KPX생명과학,114450,2019-09-24
0,0.0,M0,M0,파루,043200,2019-09-25
0,61.71,P0,K0,한솔홈데코,025750,2019-09-26
0,53.01,P0,M0,진원생명과학,011000,2019-09-26
0,52.03,P0,M0,삼성제약,001360,2019-09-26
0,47.8,P0,P0,한창,005110,2019-09-26
0,41.5,M0,M0,바이온,032980,2019-09-26
0,38.1,M0,K0,IHQ,003560,2019-09-27
0,19.81,M0,P0,SG충방,001380,2019-09-27
0,0.0,M0,M0,삼강엠앤티,100090,2019-09-27
0,0.0,M0,P0,컬러레이,900310,2019-09-27
0,0.0,M0,P0,SG&G,040610,2019-09-27
0,100.0,P0,P0,국영지앤엠,006050,2019-09-30
0,77.68,P0,P0,쏠리드,050890,2019-09-30
0,42.48,M0,P0,두산중공업,034020,2019-09-30
0,40.9,P0,P0,한창,005110,2019-09-30
0,33.25,M0,P0,보성파워텍,006910,2019-09-30
0,50.93,P0,P0,루트로닉,085370,2019-10-01
0,39.73,M0,P0,삼성제약,001360,2019-10-01
0,35.58,P0,P0,모트렉스,118990,2019-10-01
0,26.14,M0,P1,바이온,032980,2019-10-01
0,2.05,M0,P0,디지탈옵틱,106520,2019-10-01
0,41.97,M0,P0,YBM넷,057030,2019-10-02
0,36.76,M0,P0,빅텍,065450,2019-10-02
0,33.09,M0,P0,태경비케이,014580,2019-10-02
0,87.32,P0,P1,바이넥스,053030,2019-10-07
0,68.21,P0,P0,초록뱀,047820,2019-10-07
0,37.15,M0,P0,삼성중공업,010140,2019-10-07
0,28.81,M0,P0,모베이스전자,012860,2019-10-07
0,83.57,P0,P0,YBM넷,057030,2019-10-08
0,52.04,P0,P0,오픈베이스,049480,2019-10-08
0,42.28,M0,P0,웰크론,065950,2019-10-08
0,34.84,M0,K0,아미노로직스,074430,2019-10-08
0,33.54,M0,P0,대우건설,047040,2019-10-08
0,72.58,P0,P0,에이비프로바이오,195990,2019-10-10
0,67.38,P0,P0,에이루트,096690,2019-10-10
0,19.45,M0,P0,세우글로벌,013000,2019-10-10
0,7.36,M0,P0,대신정보통신,020180,2019-10-10
0,22.75,M0,P0,아미노로직스,074430,2019-10-11
0,21.46,M0,K0,THE E&M,089230,2019-10-11
0,36.84,M0,P0,SDN,099220,2019-10-14
0,33.6,M0,P0,SG충방,001380,2019-10-14
0,31.85,M0,P0,한창,005110,2019-10-14
0,60.77,P0,P0,삼륭물산,014970,2019-10-16
0,42.73,P0,K0,THE E&M,089230,2019-10-16
0,36.14,M0,M0,에이치엘비파워,043220,2019-10-16
0,28.21,M0,P1,오성첨단소재,052420,2019-10-17
0,19.94,M0,M0,유테크,178780,2019-10-17
0,16.78,M0,P0,비덴트,121800,2019-10-17
0,23.93,M0,K0,포비스티앤씨,016670,2019-10-18
0,10.28,M0,P0,진도,088790,2019-10-18
0,23.04,M0,M0,에이프로젠제약,003060,2019-10-21
0,0.0,K0,M0,국제약품,002720,2019-10-21
0,57.99,P0,P0,삼성중공업,010140,2019-10-22
0,52.41,P0,P0,파미셀,005690,2019-10-22
0,42.12,M0,P0,한창,005110,2019-10-22
0,41.21,M0,P0,보성파워텍,006910,2019-10-22
0,32.86,M0,P0,비덴트,121800,2019-10-22
0,100.0,P0,P0,신풍제약,019170,2019-10-23
0,48.19,P0,M0,코맥스,036690,2019-10-23
0,31.2,M0,P0,바이넥스,053030,2019-10-23
0,24.24,M0,P0,루트로닉,085370,2019-10-23
0,68.94,P0,K0,에이비프로바이오,195990,2019-10-24
0,52.69,P0,P0,루멘스,038060,2019-10-24
0,50.66,P0,P0,소리바다,053110,2019-10-24
0,46.58,P0,P0,우리들휴브레인,118000,2019-10-24
0,42.37,P0,P0,오픈베이스,049480,2019-10-24
0,24.94,M0,K0,두산중공업,034020,2019-10-25
0,0.0,M0,K0,현대공업,170030,2019-10-25
0,50.3,P0,M0,SDN,099220,2019-10-28
0,49.57,P0,P0,명문제약,017180,2019-10-28
0,44.05,M0,P0,코맥스,036690,2019-10-28
0,44.0,M0,P0,KC코트렐,119650,2019-10-28
0,29.5,K0,M0,남선알미늄,008350,2019-10-28
0,56.53,P0,P0,제이씨케미칼,137950,2019-10-29
0,19.35,M0,K0,케이탑리츠,145270,2019-10-29
0,18.53,M0,P0,알티캐스트,085810,2019-10-29
0,25.84,M0,P0,원풍물산,008290,2019-10-30
0,55.82,P0,P0,한국카본,017960,2019-10-31
0,10.14,M0,P0,모베이스전자,012860,2019-10-31
0,54.9,P0,P0,파미셀,005690,2019-11-01
0,38.02,M0,P0,토박스코리아,215480,2019-11-04
0,33.71,M0,P0,윈팩,097800,2019-11-04
0,57.68,P0,K0,삼륭물산,014970,2019-11-06
0,35.06,M0,P0,큐캐피탈,016600,2019-11-06
0,60.69,P0,P1,에이치엘비파워,043220,2019-11-07
0,44.79,P0,P0,남선알미늄,008350,2019-11-08
0,57.59,P0,M0,국제약품,002720,2019-11-11
0,42.18,P0,P0,신성델타테크,065350,2019-11-11
0,0.0,M0,K0,오텍,067170,2019-11-11
0,56.71,P0,P0,동진쎄미켐,005290,2019-11-12
0,48.32,M0,M0,명문제약,017180,2019-11-12
0,45.69,P0,P0,메가엠디,133750,2019-11-12
0,44.11,P0,P0,테스,095610,2019-11-12
0,42.05,M0,K0,금호산업,002990,2019-11-12
0,50.06,P0,P0,한창,005110,2019-11-13
0,38.85,M0,K0,대아티아이,045390,2019-11-13
0,38.11,M0,P0,오리엔트바이오,002630,2019-11-13
0,55.94,P0,P0,부광약품,003000,2019-11-14
0,53.16,P0,M0,케이피엠테크,042040,2019-11-14
0,49.9,P0,P0,녹십자홀딩스,005250,2019-11-14
0,38.58,M0,P0,비덴트,121800,2019-11-14
0,32.83,M0,P0,우리기술투자,041190,2019-11-14
0,91.32,P0,M0,YG PLUS,037270,2019-11-15
0,53.56,P0,P0,삼일기업공사,002290,2019-11-15
0,53.42,P0,P0,컬러레이,900310,2019-11-15
0,40.55,M0,P0,SDN,099220,2019-11-15
0,34.05,M0,K0,대신정보통신,020180,2019-11-15
0,75.22,P0,P0,알티캐스트,085810,2019-11-18
0,57.92,P0,P0,아미노로직스,074430,2019-11-18
0,46.06,P0,P0,케이피엠테크,042040,2019-11-18
0,34.91,M0,P0,퓨쳐스트림네트웍스,214270,2019-11-18
0,31.63,M0,P0,대주산업,003310,2019-11-18
0,72.11,P0,P0,영화금속,012280,2019-11-19
0,52.38,P0,P0,대한과학,131220,2019-11-19
0,32.6,M0,P0,포비스티앤씨,016670,2019-11-19
0,30.43,M0,P0,KBI메탈,024840,2019-11-19
0,95.21,P0,P0,헝셩그룹,900270,2019-11-20
0,33.91,M0,M0,케이피엠테크,042040,2019-11-20
0,14.56,M0,P0,랩지노믹스,084650,2019-11-20
0,43.29,M0,P0,콤텍시스템,031820,2019-11-21
0,23.22,M0,P0,맥스로텍,141070,2019-11-21
0,10.06,M0,P0,W홀딩컴퍼니,052300,2019-11-21
0,53.41,P0,P0,서린바이오,038070,2019-11-22
0,48.64,P0,P0,이그잭스,060230,2019-11-22
0,47.3,M0,P0,텔콘RF제약,200230,2019-11-22
0,42.26,M0,P0,한일진공,123840,2019-11-22
0,31.92,M0,P0,유니슨,018000,2019-11-22
0,100.0,P0,P0,대성창투,027830,2019-11-25
0,98.43,P0,M0,케이피엠테크,042040,2019-11-25
0,72.83,P0,P0,신신제약,002800,2019-11-25
0,69.35,P0,P0,대주산업,003310,2019-11-25
0,55.62,P0,P0,KTcs,058850,2019-11-25
0,44.21,M0,P0,에이프로젠제약,003060,2019-11-26
0,43.13,P0,P0,세우글로벌,013000,2019-11-26
0,39.59,M0,P0,큐캐피탈,016600,2019-11-26
0,29.36,M0,M0,에이치엘비파워,043220,2019-11-26
0,57.35,P0,M0,젬백스,082270,2019-11-27
0,83.59,P0,P0,국영지앤엠,006050,2019-11-28
0,20.96,M0,P0,스페코,013810,2019-11-28
0,63.72,P0,M0,한국팩키지,037230,2019-11-29
0,38.59,M0,P0,유니슨,018000,2019-11-29
0,32.29,M0,P0,코리아나,027050,2019-11-29
0,56.71,P0,P0,CMG제약,058820,2019-12-02
0,44.31,P0,P0,오픈베이스,049480,2019-12-02
0,34.84,M0,M0,하나금융지주,086790,2019-12-02
0,31.21,K0,M0,휘닉스소재,050090,2019-12-02
0,24.67,M0,P0,에이치엘비파워,043220,2019-12-02
0,100.0,P0,P0,신한지주,055550,2019-12-03
0,67.15,P0,P0,신풍제약,019170,2019-12-03
0,36.77,M0,P0,디지탈옵틱,106520,2019-12-03
0,82.8,P0,P0,HSD엔진,082740,2019-12-04
0,38.72,M0,P0,젬백스,082270,2019-12-04
0,21.57,M0,P0,일신바이오,068330,2019-12-04
0,3.82,M0,P0,에스코넥,096630,2019-12-04
0,79.0,P0,P1,삼성제약,001360,2019-12-05
0,33.77,M0,M0,프럼파스트,035200,2019-12-05
0,8.3,M0,M0,한국테크놀로지,053590,2019-12-05
0,93.59,P0,P0,옴니시스템,057540,2019-12-06
0,50.6,P0,P0,신풍제지,002870,2019-12-06
0,49.53,P0,P0,에스씨디,042110,2019-12-06
0,44.89,M0,P0,에이프로젠제약,003060,2019-12-06
0,44.02,M0,P0,구영테크,053270,2019-12-06
0,39.78,M0,M0,한국팩키지,037230,2019-12-09
0,27.85,M0,P0,YG PLUS,037270,2019-12-09
0,44.38,M0,P0,옴니시스템,057540,2019-12-10
0,39.62,M0,P0,CMG제약,058820,2019-12-10
0,0.0,M0,M0,한스바이오메드,042520,2019-12-10
0,36.71,M0,M0,맥스로텍,141070,2019-12-11
0,34.8,M0,P0,한국전력,015760,2019-12-11
0,60.9,P0,P0,국영지앤엠,006050,2019-12-12
0,30.49,M0,K0,오성첨단소재,052420,2019-12-12
0,58.87,P0,P0,빅텍,065450,2019-12-13
0,53.17,P0,P0,형지엘리트,093240,2019-12-13
0,36.62,M0,M0,한국전력,015760,2019-12-13
0,22.7,M0,P0,우리기술,032820,2019-12-13
0,21.56,M0,P0,마이더스AI,222810,2019-12-16
0,50.95,P0,P0,한국전력,015760,2019-12-17
0,43.25,M0,P0,에이프로젠제약,003060,2019-12-18
0,42.9,P0,P0,세우글로벌,013000,2019-12-18
0,39.98,M0,P0,명문제약,017180,2019-12-18
0,0.0,M0,M0,한국테크놀로지,053590,2019-12-18
0,72.55,P0,P0,신풍제약,019170,2019-12-19
0,69.51,P0,P0,한진칼,180640,2019-12-20
0,57.25,P0,P0,세우글로벌,013000,2019-12-20
0,43.46,M0,P1,KPX생명과학,114450,2019-12-20
0,13.3,M0,M0,대우건설,047040,2019-12-20
0,0.96,M0,M0,GH신소재,130500,2019-12-20
0,52.05,P0,P0,유바이오로직스,206650,2019-12-23
0,44.19,M0,P0,영진약품,003520,2019-12-23
0,96.15,P0,M0,판타지오,032800,2019-12-24
0,41.98,M0,P0,SDN,099220,2019-12-24
0,34.84,M0,P0,KMH하이텍,052900,2019-12-24
0,22.4,M0,P1,제이씨케미칼,137950,2019-12-24
0,100.0,P0,P0,우리기술,032820,2019-12-26
0,75.84,P0,P0,일신바이오,068330,2019-12-26
0,55.61,P0,P0,동진쎄미켐,005290,2019-12-26
0,53.47,P0,P0,알루코,001780,2019-12-26
0,53.37,P0,P0,웰크론,065950,2019-12-26
0,48.32,M0,K0,신라섬유,001000,2019-12-27
0,46.63,M0,P0,판타지오,032800,2019-12-27
0,46.05,M0,P0,빅텍,065450,2019-12-27
0,36.35,K0,P0,스페코,013810,2019-12-27
0,23.62,M0,P0,루트로닉,085370,2019-12-27
0,59.36,P0,P0,데일리블록체인,139050,2019-12-30
0,0.0,K0,P0,신풍제지,002870,2019-12-30
0,45.3,M0,P0,해마로푸드서비스,220630,2020-01-02
0,44.97,M0,P0,아시아나항공,020560,2020-01-02
0,30.33,K0,P0,씨케이에이치,900120,2020-01-02
0,0.0,M1,M0,마이더스AI,222810,2020-01-02
0,40.95,M0,P0,우신시스템,017370,2020-01-03
0,33.5,M0,P0,스페코,013810,2020-01-03
0,32.48,M0,K0,그린케미칼,083420,2020-01-03
0,0.0,K0,K0,KB금융,105560,2020-01-03
0,44.98,P0,P0,대한항공,003490,2020-01-07
0,43.54,M0,P0,대주산업,003310,2020-01-07
0,42.4,M0,P0,SDN,099220,2020-01-07
0,38.85,M0,P0,서린바이오,038070,2020-01-07
0,37.24,M0,P0,LG디스플레이,034220,2020-01-07
0,59.54,P0,K0,해마로푸드서비스,220630,2020-01-08
0,52.39,P0,P0,수산중공업,017550,2020-01-08
0,97.58,P0,P0,링네트,042500,2020-01-09
0,89.01,P0,P0,SBI인베스트먼트,019550,2020-01-09
0,88.09,P0,P0,신일제약,012790,2020-01-09
0,68.6,P0,P0,토비스,051360,2020-01-09
0,67.4,P0,P0,대주산업,003310,2020-01-09
0,56.84,P0,P0,신풍제약,019170,2020-01-10
0,37.18,M0,P0,루멘스,038060,2020-01-13
0,20.22,M0,P0,제넨바이오,072520,2020-01-13
0,50.44,P0,P0,제이씨케미칼,137950,2020-01-14
0,48.03,P0,M0,HMM,011200,2020-01-14
0,37.23,P0,P0,GV,045890,2020-01-15
0,44.04,M0,P0,영진약품,003520,2020-01-16
0,33.89,M0,P0,루미마이크로,082800,2020-01-16
0,20.68,M0,K0,MP한강,219550,2020-01-16
0,19.82,M0,K0,본느,226340,2020-01-16
0,11.21,M0,P0,국제약품,002720,2020-01-16
0,64.8,P0,P0,국영지앤엠,006050,2020-01-17
0,54.44,P0,M0,한국테크놀로지,053590,2020-01-17
0,49.83,M0,K0,루멘스,038060,2020-01-17
0,39.83,M0,K0,파워로직스,047310,2020-01-17
0,31.04,M0,M0,마크로젠,038290,2020-01-17
0,44.12,P0,P0,해마로푸드서비스,220630,2020-01-20
0,32.43,M0,P0,CMG제약,058820,2020-01-20
0,43.31,M0,P0,루멘스,038060,2020-01-21
0,31.21,M0,P0,영풍제지,006740,2020-01-21
0,16.55,M0,P0,데일리블록체인,139050,2020-01-21
0,3.84,M0,M0,영화금속,012280,2020-01-21
0,0.0,M0,M0,유라테크,048430,2020-01-21
0,100.0,P0,P0,에이디칩스,054630,2020-01-22
0,76.87,P0,P0,옴니시스템,057540,2020-01-22
0,52.74,P0,P0,젬백스,082270,2020-01-22
0,49.19,P0,P0,보해양조,000890,2020-01-22
0,43.49,M0,P0,동양물산,002900,2020-01-22
0,52.42,P0,P0,판타지오,032800,2020-01-23
0,49.82,M0,P0,빅텍,065450,2020-01-23
0,36.3,M0,M0,남선알미늄,008350,2020-01-23
0,19.74,M0,P0,우리기술,032820,2020-01-23
0,54.52,P0,P0,소리바다,053110,2020-01-28
0,40.46,M0,P1,GV,045890,2020-01-28
0,38.19,M0,P0,형지엘리트,093240,2020-01-28
0,22.28,M0,P0,써니전자,004770,2020-01-28
0,20.51,M0,P0,썸에이지,208640,2020-01-28
0,74.45,P0,P0,신성델타테크,065350,2020-01-29
0,59.07,P0,K0,동국S&C,100130,2020-01-29
0,53.46,P0,P0,에이티넘인베스트,021080,2020-01-29
0,46.73,M0,P0,대성창투,027830,2020-01-29
0,45.66,M0,P0,콤텍시스템,031820,2020-01-29
0,1.58,M0,K0,큐로,015590,2020-01-30
0,0.0,K0,P0,에이프로젠 KIC,007460,2020-01-30
0,54.05,P0,P0,나라엠앤디,051490,2020-01-31
0,84.58,P0,P0,엘오티베큠,083310,2020-02-03
0,77.56,P0,P1,SDN,099220,2020-02-03
0,62.85,P0,P1,신일전자,002700,2020-02-03
0,53.28,P0,P0,오텍,067170,2020-02-03
0,52.42,P0,P1,국영지앤엠,006050,2020-02-03
0,29.5,M0,P0,씨젠,096530,2020-02-04
0,24.98,M0,P0,신라섬유,001000,2020-02-04
0,33.03,M0,P0,세운메디칼,100700,2020-02-05
0,12.39,M0,P0,신일제약,012790,2020-02-05
0,48.01,P0,P0,넥스트BT,065170,2020-02-06
0,28.45,M0,P1,에이프로젠 KIC,007460,2020-02-06
0,16.47,M0,P0,서린바이오,038070,2020-02-06
0,49.13,P0,P0,티케이케미칼,104480,2020-02-07
0,34.73,M0,P0,보락,002760,2020-02-07
0,96.3,P0,P0,모베이스전자,012860,2020-02-11
0,63.4,P0,P0,에스와이,109610,2020-02-11
0,51.78,P0,P0,이그잭스,060230,2020-02-11
0,0.0,M0,P0,동진쎄미켐,005290,2020-02-11
0,19.57,M0,P0,대한과학,131220,2020-02-12
0,45.04,P0,P0,명문제약,017180,2020-02-13
0,42.37,M0,P0,에스코넥,096630,2020-02-13
0,24.89,K0,M0,티케이케미칼,104480,2020-02-13
0,74.07,P0,P0,에스맥,097780,2020-02-14
0,45.75,P0,P0,써니전자,004770,2020-02-14
0,45.46,P0,P0,에이프로젠제약,003060,2020-02-14
0,39.01,M0,P0,웰크론,065950,2020-02-14
0,33.38,M0,P0,맥스로텍,141070,2020-02-14
0,100.0,P0,P0,바이넥스,053030,2020-02-17
0,36.71,M0,P0,유라테크,048430,2020-02-17
0,36.13,M0,P0,시스웍,269620,2020-02-17
0,35.15,P0,P0,현대공업,170030,2020-02-17
0,53.36,P0,K0,대영포장,014160,2020-02-18
0,44.48,M0,P0,국제약품,002720,2020-02-18
0,82.09,P0,M0,대성창투,027830,2020-02-19
0,53.36,P0,M0,남선알미늄,008350,2020-02-19
0,52.55,P0,K0,윈팩,097800,2020-02-19
0,46.22,M0,P0,CMG제약,058820,2020-02-19
0,44.39,M0,P0,GH신소재,130500,2020-02-19
0,66.81,P0,K0,코리아나,027050,2020-02-20
0,57.18,P0,P0,덕성,004830,2020-02-20
0,29.35,K0,P0,모베이스전자,012860,2020-02-20
0,0.0,K0,P0,동양물산,002900,2020-02-20
0,64.73,P0,P0,CJ씨푸드,011150,2020-02-21
0,39.33,M0,P0,엔브이에이치코리아,067570,2020-02-21
0,30.12,M0,P0,비트컴퓨터,032850,2020-02-21
0,59.01,P0,P0,나라엠앤디,051490,2020-02-24
0,23.99,M0,P1,퓨쳐스트림네트웍스,214270,2020-02-24
0,69.78,P0,P0,이씨에스,067010,2020-02-25
0,48.19,M0,P0,우수AMS,066590,2020-02-25
0,47.55,P0,P0,신일제약,012790,2020-02-25
0,43.53,M0,P0,쏠리드,050890,2020-02-25
0,43.01,M0,P0,삼성전기,009150,2020-02-25
0,34.33,M0,M0,씨젠,096530,2020-02-26
0,51.95,P0,P0,넥스트BT,065170,2020-02-27
0,39.27,M0,P0,에스와이,109610,2020-02-27
0,28.26,M0,P0,에이프로젠제약,003060,2020-02-27
0,14.24,M0,M0,한화솔루션,009830,2020-02-27
0,54.0,P0,P0,국영지앤엠,006050,2020-02-28
0,45.35,P0,P1,나라엠앤디,051490,2020-03-02
0,41.96,M0,K0,넥스트BT,065170,2020-03-02
0,40.66,M0,K0,삼천당제약,000250,2020-03-02
0,36.69,M0,P0,윈팩,097800,2020-03-02
0,36.63,M0,K0,한국카본,017960,2020-03-02
0,44.14,P0,P1,모트렉스,118990,2020-03-03
0,30.25,M0,P0,대성파인텍,104040,2020-03-03
0,29.69,K0,P0,서린바이오,038070,2020-03-03
0,27.6,M0,P0,국제약품,002720,2020-03-03
0,33.82,M0,P0,바른손이앤에이,035620,2020-03-04
0,33.15,M0,P0,한국카본,017960,2020-03-04
0,27.48,M0,P0,한국팩키지,037230,2020-03-04
0,25.52,M0,P0,한화솔루션,009830,2020-03-04
0,23.02,M0,K0,바른손,018700,2020-03-06
0,8.32,M0,M0,동방,004140,2020-03-06
0,40.52,M0,P0,비트컴퓨터,032850,2020-03-10
0,30.36,M0,P0,동방,004140,2020-03-10
0,20.54,M0,M0,포비스티앤씨,016670,2020-03-10
0,20.0,M0,P0,엘오티베큠,083310,2020-03-10
0,15.69,M0,P0,바른손,018700,2020-03-10
0,36.96,M0,P0,한익스프레스,014130,2020-03-11
0,33.27,M0,P1,알서포트,131370,2020-03-11
0,26.2,M0,M0,신풍제약,019170,2020-03-11
0,9.93,M0,P0,다날,064260,2020-03-11
0,20.76,M0,M0,한진칼,180640,2020-03-13
0,35.78,M0,P0,엑세스바이오,950130,2020-03-25
0,45.82,M0,P0,마크로젠,038290,2020-04-06
0,15.77,M0,P0,세운메디칼,100700,2020-04-06
0,44.9,P0,P0,디지탈옵틱,106520,2020-04-07
0,24.02,M0,K0,마크로젠,038290,2020-04-08
0,75.46,P0,M0,헬릭스미스,084990,2020-04-09
0,74.24,P0,P0,SDN,099220,2020-04-09
0,68.01,P0,P0,국영지앤엠,006050,2020-04-09
0,19.4,M0,P0,알서포트,131370,2020-04-13
0,56.18,P0,P0,이씨에스,067010,2020-04-14
0,50.26,P0,P0,에스와이,109610,2020-04-14
0,41.13,M0,P0,쌍방울,102280,2020-04-14
0,38.11,M0,P0,신일제약,012790,2020-04-14
0,30.46,M0,P0,보락,002760,2020-04-14
0,70.67,P0,P0,모트렉스,118990,2020-04-16
0,70.22,P0,P0,GH신소재,130500,2020-04-16
0,52.96,P0,P0,대한광통신,010170,2020-04-16
0,22.86,M0,P0,씨젠,096530,2020-04-16
0,49.1,P0,P0,에스코넥,096630,2020-04-17
0,46.24,M0,M0,마크로젠,038290,2020-04-17
0,43.31,M0,M0,파미셀,005690,2020-04-17
0,42.57,M0,P0,현대공업,170030,2020-04-17
0,30.27,M0,P0,서린바이오,038070,2020-04-17
0,50.51,M0,P0,국제약품,002720,2020-04-20
0,48.5,M0,P1,진매트릭스,109820,2020-04-20
0,45.63,M0,M0,포비스티앤씨,016670,2020-04-20
0,38.95,M0,P0,영흥,012160,2020-04-20
0,30.9,M0,P0,녹십자홀딩스,005250,2020-04-20
0,29.29,M0,P0,에스맥,097780,2020-04-21
0,36.74,M0,P0,세우글로벌,013000,2020-04-22
0,27.79,M0,P0,녹십자홀딩스,005250,2020-04-22
0,100.0,P0,P0,에스코넥,096630,2020-04-27
0,81.54,P0,P0,씨젠,096530,2020-04-27
0,77.18,P0,P0,유라테크,048430,2020-04-27
0,69.72,P0,P0,동양물산,002900,2020-04-27
0,47.15,P0,P0,부산주공,005030,2020-04-27
0,37.15,M0,P0,파미셀,005690,2020-04-28
0,36.94,M0,M0,유니슨,018000,2020-04-28
0,57.4,P0,M0,영화금속,012280,2020-04-29
0,40.43,M0,P0,헬릭스미스,084990,2020-04-29
0,38.67,M0,P0,쌍방울,102280,2020-04-29
0,29.74,M0,K0,제주항공,089590,2020-04-29
0,29.05,M0,P0,마크로젠,038290,2020-04-29
0,54.17,P0,P0,라온시큐어,042510,2020-05-04
0,50.94,P0,P0,삼보산업,009620,2020-05-04
0,38.87,M0,M0,한창,005110,2020-05-04
0,37.54,M0,K0,상지카일룸,042940,2020-05-04
0,36.17,M0,P0,세운메디칼,100700,2020-05-04
0,72.71,P0,P0,서린바이오,038070,2020-05-06
0,47.25,M0,M0,YBM넷,057030,2020-05-06
0,35.03,M0,P0,쏠리드,050890,2020-05-06
0,33.8,M0,P0,시너지이노베이션,048870,2020-05-06
0,29.96,M0,P0,메가엠디,133750,2020-05-06
0,53.47,P0,P0,대한광통신,010170,2020-05-07
0,43.83,P0,P0,HMM,011200,2020-05-07
0,14.29,M0,P0,LG유플러스,032640,2020-05-07
0,52.07,M0,P0,휴마시스,205470,2020-05-08
0,44.64,M0,K0,신신제약,002800,2020-05-08
0,38.33,M0,P0,엑세스바이오,950130,2020-05-08
0,37.35,M0,P0,랩지노믹스,084650,2020-05-08
0,32.64,K0,P0,바이넥스,053030,2020-05-08
0,63.73,P0,P0,빅텍,065450,2020-05-11
0,40.96,M0,M0,세우글로벌,013000,2020-05-11
0,1.25,M0,M0,부광약품,003000,2020-05-11
0,51.84,P0,P0,파미셀,005690,2020-05-12
0,47.26,M0,M0,한국카본,017960,2020-05-12
0,42.31,M0,K0,대아티아이,045390,2020-05-12
0,38.78,M0,P0,코리아나,027050,2020-05-12
0,29.28,M0,M0,현대로템,064350,2020-05-12
0,66.37,P0,P0,해마로푸드서비스,220630,2020-05-13
0,61.34,P0,P0,큐캐피탈,016600,2020-05-13
0,53.42,P0,P0,후성,093370,2020-05-13
0,53.29,P0,P0,제일테크노스,038010,2020-05-13
0,46.89,M0,M0,서한,011370,2020-05-13
0,100.0,P0,P0,골드퍼시픽,038530,2020-05-14
0,56.52,P0,P0,유니온머티리얼,047400,2020-05-14
0,45.8,M0,P0,비덴트,121800,2020-05-14
0,32.57,M0,P0,우리기술,032820,2020-05-14
0,28.48,M0,K0,오리엔트바이오,002630,2020-05-14
0,73.4,P0,P0,대한과학,131220,2020-05-15
0,57.03,P0,P0,남선알미늄,008350,2020-05-15
0,56.78,P0,P0,서연,007860,2020-05-15
0,51.74,P0,M0,유니슨,018000,2020-05-15
0,51.63,P0,K0,KEC,092220,2020-05-15
0,68.38,P1,K0,대원전선,006340,2020-05-18
0,63.54,P0,P0,동방,004140,2020-05-18
0,60.44,P0,M0,파미셀,005690,2020-05-18
0,58.39,P0,P0,제일테크노스,038010,2020-05-18
0,56.34,P0,P0,형지엘리트,093240,2020-05-18
0,94.68,P0,P0,루미마이크로,082800,2020-05-19
0,77.67,P0,M0,에이티넘인베스트,021080,2020-05-19
0,62.94,P0,M0,썸에이지,208640,2020-05-19
0,60.42,P0,P0,서연,007860,2020-05-19
0,55.05,P0,P0,에스맥,097780,2020-05-19
0,50.39,P0,K0,오픈베이스,049480,2020-05-20
0,46.59,M0,P0,세운메디칼,100700,2020-05-20
0,46.48,P0,P0,신신제약,002800,2020-05-20
0,43.87,M0,P0,시노펙스,025320,2020-05-20
0,35.94,M0,P0,서린바이오,038070,2020-05-20
0,50.34,P0,K0,KMH,122450,2020-05-21
0,43.91,M0,K0,신일제약,012790,2020-05-21
0,43.59,P0,P0,아남전자,008700,2020-05-21
0,0.0,M0,M0,링네트,042500,2020-05-21
0,0.0,K0,P0,녹십자홀딩스,005250,2020-05-21
0,84.11,P0,M0,씨젠,096530,2020-05-22
0,46.71,M0,M0,넥스트BT,065170,2020-05-22
0,43.38,M0,P0,상지카일룸,042940,2020-05-22
0,26.92,M0,K0,앤디포스,238090,2020-05-22
0,24.05,M0,M0,랩지노믹스,084650,2020-05-22
0,47.63,M0,M0,링네트,042500,2020-05-25
0,46.41,M0,K0,삼성제약,001360,2020-05-25
0,42.87,M0,P0,프럼파스트,035200,2020-05-25
0,42.34,P0,P0,CMG제약,058820,2020-05-25
0,42.04,M0,P0,루트로닉,085370,2020-05-25
0,49.84,M0,P0,SK증권,001510,2020-05-26
0,41.44,K0,M0,넥스트BT,065170,2020-05-26
0,38.12,M0,M0,OQP,078590,2020-05-26
0,31.67,M0,P0,대영포장,014160,2020-05-26
0,27.55,M0,P0,현대로템,064350,2020-05-26
0,60.38,P0,M0,랩지노믹스,084650,2020-05-27
0,35.34,M0,P0,두산인프라코어,042670,2020-05-27
0,19.49,M0,P0,동방,004140,2020-05-27
0,4.44,M0,P0,대한전선,001440,2020-05-27
0,52.47,P0,P0,링네트,042500,2020-05-28
0,47.68,M0,P0,세종텔레콤,036630,2020-05-28
0,47.56,M0,M0,비트컴퓨터,032850,2020-05-28
0,41.69,M0,P0,시노펙스,025320,2020-05-28
0,27.57,M0,M0,오픈베이스,049480,2020-05-28
0,54.11,P0,P0,팬오션,028670,2020-05-29
0,45.88,P0,P0,코맥스,036690,2020-05-29
0,45.62,M0,P0,삼륭물산,014970,2020-05-29
0,40.06,P0,P0,이그잭스,060230,2020-05-29
0,29.47,M0,P0,골드퍼시픽,038530,2020-05-29
0,74.76,P0,P0,한네트,052600,2020-06-01
0,73.65,P0,P0,오픈베이스,049480,2020-06-01
0,70.55,P0,P0,엘오티베큠,083310,2020-06-01
0,62.69,P0,P0,에스코넥,096630,2020-06-01
0,62.32,P0,P0,콤텍시스템,031820,2020-06-01
0,63.37,P0,P0,라온시큐어,042510,2020-06-02
0,38.57,M0,P0,넥스트BT,065170,2020-06-02
0,31.52,M0,P1,OQP,078590,2020-06-02
0,21.38,M0,P0,오성첨단소재,052420,2020-06-02
0,12.87,M0,M0,휴마시스,205470,2020-06-02
0,44.16,M0,M0,명문제약,017180,2020-06-03
0,9.11,M0,M0,사조씨푸드,014710,2020-06-03
0,67.07,P0,P0,코데즈컴바인,047770,2020-06-04
0,44.7,P0,P0,에이비프로바이오,195990,2020-06-04
0,40.46,M0,P1,웰크론,065950,2020-06-04
0,34.33,M0,P0,넥스트BT,065170,2020-06-04
0,18.04,M0,M0,초록뱀,047820,2020-06-04
0,70.26,P0,P0,신풍제약,019170,2020-06-05
0,56.75,P0,M0,오픈베이스,049480,2020-06-05
0,40.95,M0,P0,링네트,042500,2020-06-05
0,39.54,P0,P0,한스바이오메드,042520,2020-06-05
0,27.72,M0,P0,데일리블록체인,139050,2020-06-05
0,63.12,P0,P0,유니슨,018000,2020-06-08
0,43.94,M0,P0,빅텍,065450,2020-06-08
0,43.27,M0,K0,YBM넷,057030,2020-06-08
0,42.34,M0,M0,아남전자,008700,2020-06-08
0,35.12,M0,P0,메가엠디,133750,2020-06-08
0,70.62,P0,P0,파미셀,005690,2020-06-09
0,48.86,P0,P0,테스,095610,2020-06-09
0,39.09,M0,P0,케이엘넷,039420,2020-06-09
0,100.0,P0,K0,메리츠증권,008560,2020-06-10
0,50.13,P0,K0,루멘스,038060,2020-06-10
0,42.29,M0,P0,KG모빌리언스,046440,2020-06-10
0,37.84,M0,P0,대신정보통신,020180,2020-06-10
0,34.43,M0,M0,동양,001520,2020-06-10
0,47.26,M0,M0,오텍,067170,2020-06-11
0,44.51,K0,K0,대한과학,131220,2020-06-11
0,41.57,M0,P0,모트렉스,118990,2020-06-11
0,38.17,M0,P0,유니온머티리얼,047400,2020-06-11
0,37.41,M0,P0,팬오션,028670,2020-06-11
0,92.02,P0,P0,동양철관,008970,2020-06-12
0,72.24,P0,P0,신성통상,005390,2020-06-12
0,70.33,P0,P0,케이에스피,073010,2020-06-12
0,69.79,P0,P0,마니커,027740,2020-06-12
0,67.44,P0,P0,부방,014470,2020-06-12
0,70.68,P0,P0,다날,064260,2020-06-16
0,66.07,P0,P0,한국카본,017960,2020-06-16
0,61.51,P0,P0,SDN,099220,2020-06-16
0,54.02,P0,P0,마크로젠,038290,2020-06-16
0,51.12,P0,P0,두산중공업,034020,2020-06-16
0,42.55,M0,P0,아미노로직스,074430,2020-06-17
0,42.16,M0,M0,명문제약,017180,2020-06-18
0,22.21,M0,K0,시노펙스,025320,2020-06-18
0,55.56,P0,P0,대한그린파워,060900,2020-06-19
0,26.59,M0,K0,비트컴퓨터,032850,2020-06-19
0,0.0,M0,K0,한솔홈데코,025750,2020-06-19
0,32.4,M0,M0,일신바이오,068330,2020-06-22
0,31.64,M0,M0,신풍제약,019170,2020-06-22
0,24.41,K0,P0,씨젠,096530,2020-06-22
0,23.8,M0,P0,명문제약,017180,2020-06-22
0,59.7,P0,P0,아이에이,038880,2020-06-23
0,66.38,P0,M0,동양철관,008970,2020-06-24
0,66.35,P0,P0,HMM,011200,2020-06-24
0,57.5,P0,P0,유바이오로직스,206650,2020-06-24
0,56.68,P0,P0,라온시큐어,042510,2020-06-24
0,52.76,P0,K0,헬릭스미스,084990,2020-06-24
0,64.21,P0,P0,오텍,067170,2020-06-25
0,55.41,P0,P0,부광약품,003000,2020-06-25
0,30.31,M0,P0,대창,012800,2020-06-25
0,24.71,M0,K0,SK증권,001510,2020-06-25
0,53.3,P0,M0,영흥,012160,2020-06-26
0,48.16,M0,P0,대성파인텍,104040,2020-06-26
0,45.43,M0,P0,동방,004140,2020-06-26
0,39.03,M0,M0,삼천당제약,000250,2020-06-26
0,36.02,M0,M0,기아차,000270,2020-06-26
0,49.45,M0,P0,두산중공업,034020,2020-06-29
0,45.62,M0,P0,시노펙스,025320,2020-06-29
0,41.11,M0,M0,부광약품,003000,2020-06-29
0,31.34,M0,P0,삼성중공업,010140,2020-06-29
0,0.0,M0,P0,우리종금,010050,2020-06-29
0,87.74,P0,P0,엘오티베큠,083310,2020-06-30
0,63.02,P0,M0,나라엠앤디,051490,2020-06-30
0,26.52,M0,K0,한국카본,017960,2020-06-30
0,0.0,M0,P0,이아이디,093230,2020-06-30
0,82.86,P0,K0,바이넥스,053030,2020-07-01
0,63.13,P0,P0,한진칼,180640,2020-07-01
0,51.25,P0,P0,테스,095610,2020-07-01
0,51.12,P0,P0,KNN,058400,2020-07-01
0,37.66,P0,P0,YBM넷,057030,2020-07-01
0,71.46,P0,P0,코데즈컴바인,047770,2020-07-02
0,59.84,P0,K0,부광약품,003000,2020-07-02
0,55.16,P0,P0,클래시스,214150,2020-07-02
0,52.32,P0,P0,나라엠앤디,051490,2020-07-02
0,46.49,M0,P0,케이사인,192250,2020-07-02
0,84.8,P0,P0,일신바이오,068330,2020-07-03
0,64.25,P0,P0,빅텍,065450,2020-07-03
0,43.47,M0,P0,삼기,122350,2020-07-03
0,30.42,M0,P0,IHQ,003560,2020-07-03
0,17.83,M0,P0,랩지노믹스,084650,2020-07-03
0,100.0,P0,P0,동진쎄미켐,005290,2020-07-06
0,90.82,P0,P0,삼성전기,009150,2020-07-06
0,68.92,P0,P0,삼강엠앤티,100090,2020-07-06
0,18.24,M0,M0,제일약품,271980,2020-07-06
0,54.02,P0,K0,유니온,000910,2020-07-07
0,46.42,P0,P0,유니슨,018000,2020-07-07
0,30.31,M0,P0,삼성중공업,010140,2020-07-08
0,0.0,M0,M0,유바이오로직스,206650,2020-07-08
0,96.53,P0,P0,시노펙스,025320,2020-07-09
0,43.95,M0,P0,SDN,099220,2020-07-09
0,23.33,M0,K0,진매트릭스,109820,2020-07-09
0,63.6,P0,M0,남선알미늄,008350,2020-07-10
0,37.84,M0,M0,KNN,058400,2020-07-10
0,32.7,M0,M0,녹십자홀딩스,005250,2020-07-10
0,20.69,M0,P0,유바이오로직스,206650,2020-07-10
0,97.62,P0,P0,두산인프라코어,042670,2020-07-13
0,76.67,P0,M0,코데즈컴바인,047770,2020-07-13
0,72.59,P0,M0,SDN,099220,2020-07-13
0,50.28,P0,P0,신성통상,005390,2020-07-13
0,44.07,M0,P0,유라테크,048430,2020-07-13
0,30.53,M0,P0,KNN,058400,2020-07-14
0,26.02,M0,M0,유니온,000910,2020-07-14
0,63.7,P0,P0,SG세계물산,004060,2020-07-15
0,53.66,P0,K0,케이피엠테크,042040,2020-07-15
0,46.87,M0,P0,쌍용차,003620,2020-07-15
0,34.51,M0,P1,바른손이앤에이,035620,2020-07-15
0,32.24,M0,P0,나라엠앤디,051490,2020-07-15
0,100.0,P0,M0,크리스탈신소재,900250,2020-07-16
0,30.48,M0,P0,서린바이오,038070,2020-07-16
0,30.25,M0,K0,대아티아이,045390,2020-07-16
0,62.96,P0,P0,동진쎄미켐,005290,2020-07-17
0,61.35,P0,P0,엘오티베큠,083310,2020-07-17
0,38.29,M0,P0,태경비케이,014580,2020-07-17
0,37.46,M0,P0,초록뱀,047820,2020-07-17
0,0.0,M0,P0,일신바이오,068330,2020-07-17
0,55.4,P0,M0,링네트,042500,2020-07-20
0,50.47,P0,M0,태경케미컬,006890,2020-07-20
0,49.63,P0,M0,SDN,099220,2020-07-20
0,49.08,P0,P0,대한광통신,010170,2020-07-20
0,33.57,M0,P1,녹십자홀딩스,005250,2020-07-20
0,56.52,P0,P1,앤디포스,238090,2020-07-21
0,52.17,P0,P0,한국비엔씨,256840,2020-07-21
0,47.68,M0,P0,큐로,015590,2020-07-21
0,37.67,M0,M0,삼기,122350,2020-07-21
0,17.06,M0,P0,삼성제약,001360,2020-07-21
0,44.36,P0,P0,KG모빌리언스,046440,2020-07-22
0,22.58,M0,M0,알서포트,131370,2020-07-22
0,17.4,M0,P0,화인베스틸,133820,2020-07-22
0,0.0,M0,P0,까뮤이앤씨,013700,2020-07-22
0,0.0,K0,P0,링네트,042500,2020-07-22
0,54.8,P0,K0,이씨에스,067010,2020-07-23
0,23.88,M0,P0,유니온머티리얼,047400,2020-07-23
0,0.0,M0,P0,이트론,096040,2020-07-23
0,0.0,M0,P0,바른손,018700,2020-07-23
0,78.0,P0,P0,보해양조,000890,2020-07-24
0,64.68,P0,P0,아시아종묘,154030,2020-07-24
0,61.48,P0,M0,삼일기업공사,002290,2020-07-24
0,51.76,P0,M0,엔투텍,227950,2020-07-24
0,38.95,M0,P0,한국카본,017960,2020-07-24
0,75.82,P0,P0,비트컴퓨터,032850,2020-07-27
0,59.7,P0,P0,후성,093370,2020-07-27
0,54.89,P0,P0,구영테크,053270,2020-07-27
0,52.84,P0,P0,대창,012800,2020-07-27
0,51.2,P0,P0,영흥,012160,2020-07-27
0,51.84,P0,K0,녹십자홀딩스,005250,2020-07-28
0,42.44,M0,K0,세운메디칼,100700,2020-07-28
0,18.51,M0,P0,KB금융,105560,2020-07-28
0,98.94,P0,P0,제이씨케미칼,137950,2020-07-29
0,57.7,P0,K0,빅텍,065450,2020-07-29
0,48.61,P0,P0,SDN,099220,2020-07-29
0,45.79,M0,P0,넥스트아이,137940,2020-07-29
0,42.8,M0,M0,모베이스전자,012860,2020-07-29
0,61.48,P0,K0,KEC,092220,2020-07-30
0,58.45,P0,P0,스페코,013810,2020-07-30
0,48.57,P0,P0,시노펙스,025320,2020-07-30
0,41.07,P0,P0,삼부토건,001470,2020-07-30
0,31.62,M0,P0,KC코트렐,119650,2020-07-30
0,56.43,P0,P0,오리엔트바이오,002630,2020-07-31
0,0.0,M0,M0,오텍,067170,2020-07-31
0,0.0,K0,P0,대한과학,131220,2020-07-31
0,60.95,P0,P0,유니슨,018000,2020-08-03
0,60.63,P0,M0,명문제약,017180,2020-08-03
0,42.74,M0,P0,유니온머티리얼,047400,2020-08-03
0,42.15,M0,K0,테스,095610,2020-08-03
0,34.07,K0,P0,동국S&C,100130,2020-08-03
0,100.0,P0,P0,한익스프레스,014130,2020-08-04
0,67.68,P0,P0,까뮤이앤씨,013700,2020-08-04
0,62.54,P0,P0,텔콘RF제약,200230,2020-08-04
0,55.57,P0,P0,에이비프로바이오,195990,2020-08-04
0,54.61,P0,P0,에이프로젠 KIC,007460,2020-08-04
0,64.3,P0,K0,토비스,051360,2020-08-05
0,60.65,P0,P0,OQP,078590,2020-08-05
0,38.93,M0,M0,아시아나항공,020560,2020-08-05
0,38.25,M0,P0,코콤,015710,2020-08-05
0,24.59,K0,M0,태경산업,015890,2020-08-05
0,69.0,P0,P0,삼성전자,005930,2020-08-06
0,68.89,P0,M0,금호에이치티,214330,2020-08-06
0,59.24,P0,P0,태경케미컬,006890,2020-08-06
0,67.0,P0,M0,위지트,036090,2020-08-07
0,50.44,P0,P0,보해양조,000890,2020-08-07
0,34.3,M0,K0,한솔홈데코,025750,2020-08-07
0,29.24,M0,P0,바른손,018700,2020-08-07
0,21.41,M0,P0,진매트릭스,109820,2020-08-07
0,78.1,P0,P0,코데즈컴바인,047770,2020-08-10
0,63.8,P0,P0,서한,011370,2020-08-10
0,50.51,P0,P0,금호에이치티,214330,2020-08-10
0,47.89,P0,P0,신일제약,012790,2020-08-10
0,44.74,M0,P0,광전자,017900,2020-08-10
0,42.76,M0,P0,제일약품,271980,2020-08-11
0,37.79,M0,P0,옴니시스템,057540,2020-08-11
0,34.95,M0,P0,스페코,013810,2020-08-11
0,16.99,M0,P0,대한전선,001440,2020-08-11
0,69.57,P0,M0,MP한강,219550,2020-08-12
0,65.75,P0,P0,형지엘리트,093240,2020-08-12
0,49.9,P0,M0,빅텍,065450,2020-08-12
0,45.66,M0,P0,YG PLUS,037270,2020-08-12
0,44.61,M0,P0,KNN,058400,2020-08-12
0,79.42,P0,P0,켐온,217600,2020-08-13
0,70.72,P0,P0,맥스로텍,141070,2020-08-13
0,56.83,P0,P0,초록뱀,047820,2020-08-13
0,55.99,P0,M0,우리들휴브레인,118000,2020-08-13
0,52.82,P0,P0,KPX생명과학,114450,2020-08-13
0,84.71,P0,P0,쌍용차,003620,2020-08-14
0,66.92,P0,M0,동진쎄미켐,005290,2020-08-14
0,32.59,M0,P0,녹십자홀딩스,005250,2020-08-14
0,31.79,M0,P0,보락,002760,2020-08-14
0,69.84,P0,M0,휴마시스,205470,2020-08-18
0,67.83,P0,P0,신일제약,012790,2020-08-18
0,36.16,M0,P0,우리들휴브레인,118000,2020-08-18
0,30.0,M0,P0,파루,043200,2020-08-18
0,100.0,P0,P0,아미노로직스,074430,2020-08-19
0,88.89,P0,P1,앤디포스,238090,2020-08-19
0,70.25,P0,P0,동진쎄미켐,005290,2020-08-19
0,69.15,P0,P0,코리아나,027050,2020-08-19
0,62.78,P0,P0,KTcs,058850,2020-08-19
0,53.31,P0,P0,서린바이오,038070,2020-08-20
0,42.3,M0,P0,한국비엔씨,256840,2020-08-20
0,35.95,M0,P0,랩지노믹스,084650,2020-08-20
0,35.92,M0,P0,파미셀,005690,2020-08-20
0,33.39,M0,P0,광전자,017900,2020-08-20
0,60.38,P0,P0,아시아나항공,020560,2020-08-21
0,58.29,P0,P0,SG충방,001380,2020-08-21
0,53.25,P0,P0,동진쎄미켐,005290,2020-08-21
0,40.52,M0,P0,한솔홈데코,025750,2020-08-21
0,39.6,M0,P0,SBI인베스트먼트,019550,2020-08-21
0,94.32,P0,P0,동국S&C,100130,2020-08-24
0,65.81,P0,P0,제일약품,271980,2020-08-24
0,54.51,P0,P0,현대차,005380,2020-08-24
0,49.41,P0,P0,CMG제약,058820,2020-08-24
0,44.09,M0,P0,기아차,000270,2020-08-24
0,56.11,P0,P0,한송네오텍,226440,2020-08-25
0,55.59,P0,P0,예림당,036000,2020-08-25
0,54.97,P0,P0,대주산업,003310,2020-08-25
0,49.2,P0,P0,코맥스,036690,2020-08-25
0,38.55,M0,P0,랩지노믹스,084650,2020-08-25
0,25.39,M0,P0,덕성,004830,2020-08-26
0,71.76,P0,P0,휴맥스,115160,2020-08-27
0,67.48,P0,P0,신성통상,005390,2020-08-28
0,45.47,M0,P0,HMM,011200,2020-08-28
0,35.89,M0,P0,휴마시스,205470,2020-08-28
0,0.0,M0,P0,형지엘리트,093240,2020-08-28
0,46.83,M0,P0,진도,088790,2020-08-31
0,22.84,M0,P0,태경케미컬,006890,2020-08-31
0,21.35,M0,P0,녹십자홀딩스,005250,2020-08-31
0,74.64,P0,P0,미래에셋대우,006800,2020-09-01
0,61.57,P0,P0,유니온머티리얼,047400,2020-09-01
0,53.88,P0,P0,엑세스바이오,950130,2020-09-01
0,51.65,P0,P0,쌍용차,003620,2020-09-01
0,26.71,K0,P0,메디콕스,054180,2020-09-01
0,44.63,M0,P0,파루,043200,2020-09-02
0,27.14,M0,P0,대한과학,131220,2020-09-02
0,45.71,M0,P0,신성이엔지,011930,2020-09-03
0,43.91,M0,M0,한일진공,123840,2020-09-03
0,32.16,M0,P0,서린바이오,038070,2020-09-03
0,53.1,P0,P0,동방,004140,2020-09-04
0,48.69,P0,P0,진매트릭스,109820,2020-09-04
0,47.86,M0,P1,한국비엔씨,256840,2020-09-04
0,37.36,M0,P0,오리엔트바이오,002630,2020-09-04
0,31.88,M0,P0,파미셀,005690,2020-09-04
0,98.35,P0,P0,일신바이오,068330,2020-09-07
0,45.81,M0,P1,국영지앤엠,006050,2020-09-07
0,44.98,M0,P0,비트컴퓨터,032850,2020-09-07
0,40.76,M0,P0,에스맥,097780,2020-09-07
0,36.26,M0,P0,삼륭물산,014970,2020-09-07
0,45.23,M0,P0,삼천당제약,000250,2020-09-08
0,34.41,M0,P0,엘비세미콘,061970,2020-09-08
0,6.8,M0,P0,에이티세미콘,089530,2020-09-08
0,89.08,P0,P0,다날,064260,2020-09-09
0,79.64,P0,P0,신풍제약,019170,2020-09-09
0,59.2,P0,P0,서연,007860,2020-09-09
0,51.83,M0,P0,SG충방,001380,2020-09-09
0,46.2,P0,P0,오리엔트바이오,002630,2020-09-09
0,58.39,P0,P0,진매트릭스,109820,2020-09-10
0,51.52,P0,P0,링네트,042500,2020-09-10
0,51.2,P0,P0,엑세스바이오,950130,2020-09-10
0,48.14,M0,P0,사조씨푸드,014710,2020-09-10
0,43.41,M0,P0,아시아나항공,020560,2020-09-10
0,86.67,P0,P0,신신제약,002800,2020-09-11
0,56.67,P0,P0,바이넥스,053030,2020-09-11
0,41.32,M0,P0,알서포트,131370,2020-09-11
0,39.45,M0,P0,한네트,052600,2020-09-11
0,32.11,M0,P0,에이비프로바이오,195990,2020-09-11
0,48.44,M0,M0,성호전자,043260,2020-09-14
0,44.68,P0,P0,링네트,042500,2020-09-14
0,23.62,M0,P0,케이피엠테크,042040,2020-09-14
0,53.35,P0,M0,우리들휴브레인,118000,2020-09-15
0,51.9,P0,M0,후성,093370,2020-09-15
0,48.16,P0,K0,두산인프라코어,042670,2020-09-15
0,46.14,P0,P0,알서포트,131370,2020-09-15
0,45.51,M0,P0,시스웍,269620,2020-09-15
0,55.71,P0,P0,유니슨,018000,2020-09-16
0,50.65,P0,P0,영풍제지,006740,2020-09-16
0,45.33,P0,P0,서연,007860,2020-09-16
0,41.53,M0,P0,신성이엔지,011930,2020-09-16
0,34.34,M0,K0,에이티세미콘,089530,2020-09-16
0,52.26,P0,P0,오리엔트바이오,002630,2020-09-17
0,50.56,P0,P0,우리들휴브레인,118000,2020-09-17
0,43.3,M0,P0,웰크론,065950,2020-09-17
0,39.48,M0,M0,엘비세미콘,061970,2020-09-17
0,33.94,M0,M0,두산인프라코어,042670,2020-09-17
0,100.0,P0,P0,대한광통신,010170,2020-09-18
0,92.88,P0,P0,파루,043200,2020-09-18
0,68.8,P0,P0,신풍제지,002870,2020-09-18
0,60.27,P0,P0,KTcs,058850,2020-09-18
0,59.66,P0,P0,바른손,018700,2020-09-18
0,89.61,P0,P0,이화전기,024810,2020-09-21
0,63.05,P0,M0,원풍물산,008290,2020-09-21
0,59.2,P0,P0,남성,004270,2020-09-21
0,49.83,M0,K0,KPX홀딩스,092230,2020-09-21
0,47.27,M0,P0,형지엘리트,093240,2020-09-21
0,61.84,P0,M0,초록뱀,047820,2020-09-22
0,40.46,M0,P0,알루코,001780,2020-09-22
0,36.99,M0,K0,쏠리드,050890,2020-09-22
0,30.19,M0,M0,KMH,122450,2020-09-22
0,29.47,M0,M0,GH신소재,130500,2020-09-22
0,82.65,P0,P0,현대공업,170030,2020-09-23
0,73.85,P0,P0,KBI메탈,024840,2020-09-23
0,72.42,P0,P0,수산중공업,017550,2020-09-23
0,59.78,P0,P0,미래에셋대우,006800,2020-09-23
0,58.09,P0,P1,아이에이,038880,2020-09-23
0,99.39,P0,P0,제이씨케미칼,137950,2020-09-24
0,44.23,M0,P1,스페코,013810,2020-09-24
0,26.65,M0,P1,앤디포스,238090,2020-09-24
0,18.27,M0,P1,옴니시스템,057540,2020-09-24
0,0.0,M0,P0,KR모터스,000040,2020-09-24
0,78.44,P0,P1,오리엔트바이오,002630,2020-09-25
0,75.71,P0,P0,한솔홈데코,025750,2020-09-25
0,67.05,P0,P0,KBI메탈,024840,2020-09-25
0,59.59,M0,P0,SDN,099220,2020-09-25
0,57.23,P0,P0,아시아종묘,154030,2020-09-25
0,70.43,P0,P0,신성이엔지,011930,2020-09-28
0,57.44,P0,P0,한국비엔씨,256840,2020-09-28
0,56.27,P0,P1,이아이디,093230,2020-09-28
0,55.93,P0,P0,우신시스템,017370,2020-09-28
0,53.66,P0,P0,두산중공업,034020,2020-09-28
0,82.16,P0,P0,YBM넷,057030,2020-09-29
0,49.34,M0,M0,후성,093370,2020-09-29
0,48.92,P0,P0,쌍용차,003620,2020-09-29
0,47.97,P0,P0,KEC,092220,2020-09-29
0,47.84,M0,P0,알서포트,131370,2020-09-29
0,59.49,P0,P0,젬백스,082270,2020-10-05
0,42.66,M0,M0,진원생명과학,011000,2020-10-05
0,42.06,M0,M0,투비소프트,079970,2020-10-05
0,34.52,M0,P0,대성파인텍,104040,2020-10-05
0,5.36,M0,M0,초록뱀,047820,2020-10-06
0,0.0,K0,M0,성호전자,043260,2020-10-06
0,53.98,P0,P0,한국팩키지,037230,2020-10-07
0,52.55,P0,M0,케이피엠테크,042040,2020-10-07
0,50.07,P0,P0,이그잭스,060230,2020-10-07
0,48.12,M0,P0,태림포장,011280,2020-10-07
0,37.58,M0,P0,진원생명과학,011000,2020-10-07
0,24.87,M0,K0,동양철관,008970,2020-10-08
0,46.47,P0,P0,케이피엠테크,042040,2020-10-12
0,23.23,M0,P0,에이치엘비파워,043220,2020-10-12
0,53.12,P0,M0,이더블유케이,258610,2020-10-13
0,47.16,P0,M0,KMH,122450,2020-10-13
0,41.68,M0,P0,필로시스헬스케어,057880,2020-10-13
0,31.73,M0,K0,마이더스AI,222810,2020-10-13
0,28.75,M0,P0,이아이디,093230,2020-10-13
0,51.83,M0,P0,태림포장,011280,2020-10-14
0,50.92,P0,P0,씨젠,096530,2020-10-14
0,46.95,P0,P0,랩지노믹스,084650,2020-10-14
0,38.05,M0,P0,우리기술,032820,2020-10-14
0,13.77,M0,P1,옴니시스템,057540,2020-10-14
0,60.83,P0,M0,삼본전자,111870,2020-10-15
0,51.02,P0,K0,써니전자,004770,2020-10-15
0,46.62,M0,P0,뉴로스,126870,2020-10-15
0,42.02,M0,P0,만도,204320,2020-10-15
0,41.62,M0,M0,썸에이지,208640,2020-10-15
0,100.0,P0,P0,부방,014470,2020-10-16
0,99.58,P0,K0,제이씨케미칼,137950,2020-10-16
0,53.76,P0,P0,대한광통신,010170,2020-10-16
0,52.56,P0,M0,현대차,005380,2020-10-16
0,45.91,M0,P0,유진기업,023410,2020-10-16
0,76.16,P0,P0,알서포트,131370,2020-10-19
0,58.05,P0,P0,큐캐피탈,016600,2020-10-19
0,57.85,P0,P0,바이넥스,053030,2020-10-19
0,55.91,P0,P0,SG충방,001380,2020-10-19
0,54.69,P0,P0,에이디칩스,054630,2020-10-19
0,63.13,P0,P0,삼륭물산,014970,2020-10-20
0,62.39,P0,M0,모바일어플라이언스,087260,2020-10-20
0,58.27,P0,M0,오리엔트바이오,002630,2020-10-20
0,58.03,P0,M0,써니전자,004770,2020-10-20
0,57.29,P0,P0,신성이엔지,011930,2020-10-20
0,56.31,P0,P0,알루코,001780,2020-10-21
0,50.78,P0,P0,오픈베이스,049480,2020-10-21
0,49.95,P0,P0,팬오션,028670,2020-10-21
0,46.79,M0,P0,데일리블록체인,139050,2020-10-21
0,42.48,P0,P0,크리스탈신소재,900250,2020-10-21
0,96.97,P0,P0,케이사인,192250,2020-10-22
0,45.34,M0,P1,마이더스AI,222810,2020-10-22
0,45.13,P0,P1,한일진공,123840,2020-10-22
0,42.21,M0,P0,W홀딩컴퍼니,052300,2020-10-22
0,40.39,M0,P0,메디콕스,054180,2020-10-22
0,48.09,M0,P0,대영포장,014160,2020-10-23
0,21.82,M0,P0,신성이엔지,011930,2020-10-23
0,20.89,M0,K0,오리엔트정공,065500,2020-10-23
0,0.0,K0,M0,포스코 ICT,022100,2020-10-23
0,0.0,M0,P0,삼강엠앤티,100090,2020-10-23
0,65.77,P0,P0,코콤,015710,2020-10-26
0,56.42,P0,P0,우리바이오,082850,2020-10-26
0,41.59,K0,P0,에이티세미콘,089530,2020-10-26
0,40.04,M0,P0,루미마이크로,082800,2020-10-26
0,39.1,M0,M0,우리기술,032820,2020-10-26
0,55.07,P0,P0,삼보산업,009620,2020-10-27
0,53.79,P0,P0,모트렉스,118990,2020-10-27
0,51.66,P0,P0,KEC,092220,2020-10-27
0,51.59,P0,P0,씨젠,096530,2020-10-27
0,50.57,P0,P0,SDN,099220,2020-10-27
0,70.97,P0,P0,파워로직스,047310,2020-10-28
0,61.94,P0,P0,보락,002760,2020-10-28
0,56.15,P0,P0,써니전자,004770,2020-10-28
0,54.96,P0,P1,케이피엠테크,042040,2020-10-28
0,40.13,M0,P0,코리아나,027050,2020-10-28
0,75.11,P0,K0,앤디포스,238090,2020-10-29
0,48.4,M0,P0,대한과학,131220,2020-10-29
0,35.64,M0,P0,웰크론,065950,2020-10-29
0,69.83,P0,M0,KPX생명과학,114450,2020-10-30
0,43.27,M0,P1,삼성엔지니어링,028050,2020-10-30
0,38.57,M0,K0,대창,012800,2020-10-30
0,25.83,M0,P0,써니전자,004770,2020-10-30
0,25.49,M0,P0,수산중공업,017550,2020-10-30
