,Date,stock_name,today_win,today_lose,tomorrow_win,tomorrow_lose,day2_win,day2_lose,real_profit,Nasdaq
0,2020-10-23,인콘,0.0,1.0,0.0,0.0,0.0,0.0,-0.019313304721030045,U03
0,2020-10-23,옵트론텍,0.0,1.0,0.0,0.0,0.0,0.0,-0.010574018126888218,U03
0,2020-10-23,유니온머티리얼,1.0,0.0,0.0,0.0,0.0,0.0,0.05035128805620609,U03
0,2020-10-23,엠벤처투자,0.0,1.0,0.0,0.0,0.0,0.0,-0.018292682926829267,U03
0,2020-10-23,와이엔텍,0.0,1.0,0.0,0.0,0.0,0.0,-0.034334763948497854,U03
0,2020-10-22,삼양통상,0.0,0.0,0.0,0.0,1.0,0.0,0.01,D04
0,2020-10-22,KH바텍,0.0,1.0,0.0,0.0,0.0,0.0,-0.016260162601626018,D04
0,2020-10-22,지엠비코리아,0.0,1.0,0.0,0.0,0.0,0.0,-0.029023746701846966,D04
0,2020-10-22,한국큐빅,0.0,1.0,0.0,0.0,0.0,0.0,-0.025991792065663474,D04
0,2020-10-22,메디프론,0.0,0.0,0.0,1.0,0.0,0.0,-0.024719101123595506,D04
0,2020-10-21,덱스터,0.0,0.0,0.0,1.0,0.0,0.0,-0.018867924528301886,U04
0,2020-10-21,네스엠,1.0,0.0,0.0,0.0,0.0,0.0,0.08,U04
0,2020-10-21,동방선기,0.0,1.0,0.0,0.0,0.0,0.0,-0.010542168674698794,U04
0,2020-10-21,오리엔트바이오,0.0,0.0,0.0,1.0,0.0,0.0,-0.03215434083601286,U04
0,2020-10-21,텔콘RF제약,0.0,1.0,0.0,0.0,0.0,0.0,-0.026200873362445413,U04
0,2020-10-20,한솔홀딩스,0.0,0.0,1.0,0.0,0.0,0.0,0.03840472673559823,D04
0,2020-10-20,모트렉스,0.0,1.0,0.0,0.0,0.0,0.0,-0.022284122562674095,D04
0,2020-10-20,와이솔,1.0,0.0,0.0,0.0,0.0,0.0,0.019417475728155338,D04
0,2020-10-20,한빛소프트,0.0,0.0,1.0,0.0,0.0,0.0,0.02312925170068027,D04
0,2020-10-20,이수앱지스,0.0,1.0,0.0,0.0,0.0,0.0,-0.019973368841544607,D04
0,2020-10-19,전파기지국,0.0,1.0,0.0,0.0,0.0,0.0,-0.013043478260869565,D04
0,2020-10-19,현대바이오,1.0,0.0,0.0,0.0,0.0,0.0,0.04926108374384237,D04
0,2020-10-19,네오팜,0.0,0.0,0.0,0.0,0.0,1.0,0.0018214936247723133,D04
0,2020-10-19,동우팜투테이블,0.0,0.0,0.0,0.0,1.0,0.0,0.01,D04
0,2020-10-19,에스텍파마,0.0,1.0,0.0,0.0,0.0,0.0,-0.012658227848101266,D04
0,2020-10-16,NI스틸,0.0,0.0,0.0,0.0,1.0,0.0,0.01,D04
0,2020-10-16,테스나,0.0,1.0,0.0,0.0,0.0,0.0,-0.02386934673366834,D04
0,2020-10-16,한빛소프트,0.0,1.0,0.0,0.0,0.0,0.0,-0.0316055625790139,D04
0,2020-10-16,문배철강,0.0,0.0,0.0,0.0,0.0,1.0,-0.016666666666666666,D04
0,2020-10-16,대한광통신,1.0,0.0,0.0,0.0,0.0,0.0,0.08,D04
0,2020-10-15,금호석유,0.0,1.0,0.0,0.0,0.0,0.0,-0.006920415224913495,D04
0,2020-10-15,신세계,0.0,1.0,0.0,0.0,0.0,0.0,-0.013986013986013986,D04
0,2020-10-15,이글벳,1.0,0.0,0.0,0.0,0.0,0.0,0.05357142857142857,D04
0,2020-10-15,화인베스틸,1.0,0.0,0.0,0.0,0.0,0.0,0.08,D04
0,2020-10-15,에스에이엠티,0.0,1.0,0.0,0.0,0.0,0.0,-0.018789144050104383,D04
0,2020-10-14,형지엘리트,0.0,0.0,0.0,1.0,0.0,0.0,-0.03139013452914798,T01
0,2020-10-14,LG이노텍,0.0,1.0,0.0,0.0,0.0,0.0,-0.018072289156626505,T01
0,2020-10-14,엠게임,0.0,1.0,0.0,0.0,0.0,0.0,-0.013539651837524178,T01
0,2020-10-14,KMH,1.0,0.0,0.0,0.0,0.0,0.0,0.08,T01
0,2020-10-14,롯데손해보험,0.0,0.0,1.0,0.0,0.0,0.0,0.0219435736677116,T01
0,2020-10-13,현대바이오랜드,1.0,0.0,0.0,0.0,0.0,0.0,0.08,U04
0,2020-10-13,필옵틱스,0.0,0.0,1.0,0.0,0.0,0.0,0.03496503496503497,U04
0,2020-10-13,심텍,0.0,1.0,0.0,0.0,0.0,0.0,-0.020833333333333332,U04
0,2020-10-13,유나이티드제약,0.0,1.0,0.0,0.0,0.0,0.0,-0.014230271668822769,U04
0,2020-10-13,일양약품,0.0,1.0,0.0,0.0,0.0,0.0,-0.03205128205128205,U04
0,2020-10-12,진원생명과학,0.0,1.0,0.0,0.0,0.0,0.0,-0.030721966205837174,U04
0,2020-10-12,레고켐바이오,0.0,1.0,0.0,0.0,0.0,0.0,-0.03328050713153724,U04
0,2020-10-12,현대바이오랜드,0.0,1.0,0.0,0.0,0.0,0.0,-0.007827788649706457,U04
0,2020-10-12,F&F,1.0,0.0,0.0,0.0,0.0,0.0,0.028017241379310345,U04
0,2020-10-12,유비쿼스,0.0,1.0,0.0,0.0,0.0,0.0,-0.038834951456310676,U04
0,2020-10-08,GV,0.0,1.0,0.0,0.0,0.0,0.0,-0.013392857142857142,U04
0,2020-10-08,영원무역,0.0,1.0,0.0,0.0,0.0,0.0,-0.015437392795883362,U04
0,2020-10-08,현대글로비스,1.0,0.0,0.0,0.0,0.0,0.0,0.016666666666666666,U04
0,2020-10-08,이씨에스,0.0,1.0,0.0,0.0,0.0,0.0,-0.023575638506876228,U04
0,2020-10-08,SK디스커버리,1.0,0.0,0.0,0.0,0.0,0.0,0.03201219512195122,U04
0,2020-10-07,에이비프로바이오,0.0,1.0,0.0,0.0,0.0,0.0,-0.010037641154328732,D04
0,2020-10-07,에스에프에이,1.0,0.0,0.0,0.0,0.0,0.0,0.027472527472527472,D04
0,2020-10-07,KR모터스,1.0,0.0,0.0,0.0,0.0,0.0,0.08,D04
0,2020-10-07,삼보산업,1.0,0.0,0.0,0.0,0.0,0.0,0.08,D04
0,2020-10-07,에코마케팅,1.0,0.0,0.0,0.0,0.0,0.0,0.03932584269662921,D04
0,2020-10-06,이수페타시스,1.0,0.0,0.0,0.0,0.0,0.0,0.08,U04
0,2020-10-06,JW신약,1.0,0.0,0.0,0.0,0.0,0.0,0.010050251256281407,U04
0,2020-10-06,키움증권,0.0,0.0,0.0,0.0,0.0,1.0,-0.004975124378109453,U04
0,2020-10-06,소리바다,0.0,0.0,1.0,0.0,0.0,0.0,0.027932960893854747,U04
0,2020-10-06,아이진,0.0,1.0,0.0,0.0,0.0,0.0,-0.015267175572519083,U04
0,2020-10-05,화승엔터프라이즈,0.0,0.0,0.0,1.0,0.0,0.0,-0.043010752688172046,D04
0,2020-10-05,케이프,1.0,0.0,0.0,0.0,0.0,0.0,0.08,D04
0,2020-10-05,신일제약,0.0,1.0,0.0,0.0,0.0,0.0,-0.07692307692307693,D04
0,2020-10-05,브이티지엠피,0.0,1.0,0.0,0.0,0.0,0.0,-0.03820960698689956,D04
0,2020-10-05,코스온,1.0,0.0,0.0,0.0,0.0,0.0,0.03611111111111111,D04
0,2020-09-29,한화손해보험,0.0,0.0,0.0,0.0,1.0,0.0,0.01,U04
0,2020-09-29,지엔코,1.0,0.0,0.0,0.0,0.0,0.0,0.02242152466367713,U04
0,2020-09-29,형지I&C,1.0,0.0,0.0,0.0,0.0,0.0,0.018779342723004695,U04
0,2020-09-29,한창제지,1.0,0.0,0.0,0.0,0.0,0.0,0.04035874439461883,U04
0,2020-09-29,파마리서치프로덕트,1.0,0.0,0.0,0.0,0.0,0.0,0.019736842105263157,U04
0,2020-09-28,화승엔터프라이즈,0.0,1.0,0.0,0.0,0.0,0.0,-0.01060070671378092,U04
0,2020-09-28,신일제약,0.0,0.0,1.0,0.0,0.0,0.0,0.022222222222222223,U04
0,2020-09-28,W홀딩컴퍼니,0.0,1.0,0.0,0.0,0.0,0.0,-0.020958083832335328,U04
0,2020-09-28,윌비스,1.0,0.0,0.0,0.0,0.0,0.0,0.030973451327433628,U04
0,2020-09-28,SG충방,1.0,0.0,0.0,0.0,0.0,0.0,0.08,U04
0,2020-09-25,성창기업지주,1.0,0.0,0.0,0.0,0.0,0.0,0.013029315960912053,U04
0,2020-09-25,모헨즈,1.0,0.0,0.0,0.0,0.0,0.0,0.015,U04
0,2020-09-25,삼성출판사,0.0,1.0,0.0,0.0,0.0,0.0,-0.008152173913043478,U04
0,2020-09-25,이글벳,1.0,0.0,0.0,0.0,0.0,0.0,0.03205128205128205,U04
0,2020-09-25,신성통상,0.0,1.0,0.0,0.0,0.0,0.0,-0.01904761904761905,U04
0,2020-09-24,엔케이맥스,0.0,1.0,0.0,0.0,0.0,0.0,-0.12751677852348994,D04
0,2020-09-24,젬백스링크,0.0,1.0,0.0,0.0,0.0,0.0,-0.02040816326530612,D04
0,2020-09-24,윈팩,0.0,0.0,0.0,0.0,1.0,0.0,0.01,D04
0,2020-09-24,에코프로,0.0,1.0,0.0,0.0,0.0,0.0,-0.043333333333333335,D04
0,2020-09-24,성우하이텍,1.0,0.0,0.0,0.0,0.0,0.0,0.012307692307692308,D04
0,2020-09-23,대우부품,0.0,1.0,0.0,0.0,0.0,0.0,-0.05102040816326531,U04
0,2020-09-23,제너셈,0.0,0.0,0.0,1.0,0.0,0.0,-0.035386631716906945,U04
0,2020-09-23,유니크,0.0,1.0,0.0,0.0,0.0,0.0,-0.032926829268292684,U04
0,2020-09-23,다날,1.0,0.0,0.0,0.0,0.0,0.0,0.05190677966101695,U04
0,2020-09-23,아난티,0.0,1.0,0.0,0.0,0.0,0.0,-0.02,U04
0,2020-09-22,아난티,0.0,1.0,0.0,0.0,0.0,0.0,-0.017797552836484983,T01
0,2020-09-22,모트렉스,1.0,0.0,0.0,0.0,0.0,0.0,0.08,T01
0,2020-09-22,제이준코스메틱,0.0,1.0,0.0,0.0,0.0,0.0,-0.014705882352941176,T01
0,2020-09-22,조비,0.0,1.0,0.0,0.0,0.0,0.0,-0.049107142857142856,T01
0,2020-09-22,큐에스아이,0.0,1.0,0.0,0.0,0.0,0.0,-0.03481012658227848,T01
0,2020-09-21,노루페인트,0.0,1.0,0.0,0.0,0.0,0.0,-0.010958904109589041,D04
0,2020-09-21,지엔씨에너지,0.0,0.0,0.0,1.0,0.0,0.0,-0.040310077519379844,D04
0,2020-09-21,삼호개발,0.0,1.0,0.0,0.0,0.0,0.0,-0.01097560975609756,D04
0,2020-09-21,토비스,0.0,1.0,0.0,0.0,0.0,0.0,-0.02643171806167401,D04
0,2020-09-21,아이크래프트,1.0,0.0,0.0,0.0,0.0,0.0,0.02743142144638404,D04
0,2020-09-18,한솔홀딩스,0.0,0.0,0.0,1.0,0.0,0.0,-0.021551724137931036,D04
0,2020-09-18,진원생명과학,1.0,0.0,0.0,0.0,0.0,0.0,0.07719928186714542,D04
0,2020-09-18,홈캐스트,0.0,1.0,0.0,0.0,0.0,0.0,-0.015068493150684932,D04
0,2020-09-18,인바디,0.0,1.0,0.0,0.0,0.0,0.0,-0.009259259259259259,D04
0,2020-09-18,하나마이크론,1.0,0.0,0.0,0.0,0.0,0.0,0.011668611435239206,D04
0,2020-09-17,와이지-원,1.0,0.0,0.0,0.0,0.0,0.0,0.06850828729281767,D04
0,2020-09-17,문배철강,0.0,1.0,0.0,0.0,0.0,0.0,-0.019855595667870037,D04
0,2020-09-17,정원엔시스,0.0,0.0,0.0,1.0,0.0,0.0,-0.020224719101123594,D04
0,2020-09-17,콤텍시스템,0.0,1.0,0.0,0.0,0.0,0.0,-0.007352941176470588,D04
0,2020-09-17,젬백스,1.0,0.0,0.0,0.0,0.0,0.0,0.039301310043668124,D04
0,2020-09-16,우리기술,0.0,1.0,0.0,0.0,0.0,0.0,-0.04411764705882353,U04
0,2020-09-16,한솔테크닉스,0.0,1.0,0.0,0.0,0.0,0.0,-0.030832476875642344,U04
0,2020-09-16,코리아써키트,0.0,1.0,0.0,0.0,0.0,0.0,-0.03484320557491289,U04
0,2020-09-16,테스나,0.0,1.0,0.0,0.0,0.0,0.0,-0.035269709543568464,U04
0,2020-09-16,신성이엔지,1.0,0.0,0.0,0.0,0.0,0.0,0.08,U04
0,2020-09-15,심텍,0.0,0.0,0.0,1.0,0.0,0.0,-0.03482587064676617,U04
0,2020-09-15,우리들휴브레인,0.0,1.0,0.0,0.0,0.0,0.0,-0.022198731501057084,U04
0,2020-09-15,한신기계,0.0,1.0,0.0,0.0,0.0,0.0,-0.013201320132013201,U04
0,2020-09-15,덕산하이메탈,0.0,1.0,0.0,0.0,0.0,0.0,-0.010416666666666666,U04
0,2020-09-15,켐트로스,0.0,1.0,0.0,0.0,0.0,0.0,-0.005121638924455826,U04
0,2020-09-14,더존비즈온,1.0,0.0,0.0,0.0,0.0,0.0,0.04424778761061947,D04
0,2020-09-14,서울반도체,1.0,0.0,0.0,0.0,0.0,0.0,0.01907356948228883,D04
0,2020-09-14,대창,1.0,0.0,0.0,0.0,0.0,0.0,0.022222222222222223,D04
0,2020-09-14,CS,1.0,0.0,0.0,0.0,0.0,0.0,0.03197158081705151,D04
0,2020-09-14,빅텍,0.0,1.0,0.0,0.0,0.0,0.0,-0.021850899742930592,D04
0,2020-09-11,서연,0.0,1.0,0.0,0.0,0.0,0.0,-0.09158878504672897,D04
0,2020-09-11,디에스케이,0.0,0.0,0.0,0.0,1.0,0.0,0.01,D04
0,2020-09-11,JYP Ent.,0.0,0.0,0.0,0.0,0.0,1.0,-0.009888751545117428,D04
0,2020-09-11,한일현대시멘트,0.0,1.0,0.0,0.0,0.0,0.0,-0.02033271719038817,D04
0,2020-09-11,SK케미칼,0.0,0.0,0.0,0.0,1.0,0.0,0.01,D04
0,2020-09-10,대동스틸,1.0,0.0,0.0,0.0,0.0,0.0,0.022975929978118162,U04
0,2020-09-10,한세실업,1.0,0.0,0.0,0.0,0.0,0.0,0.023323615160349854,U04
0,2020-09-10,JW신약,0.0,1.0,0.0,0.0,0.0,0.0,-0.012441679626749611,U04
0,2020-09-10,텔레필드,1.0,0.0,0.0,0.0,0.0,0.0,0.015,U04
0,2020-09-10,HSD엔진,1.0,0.0,0.0,0.0,0.0,0.0,0.08,U04
0,2020-09-09,에이텍,0.0,0.0,1.0,0.0,0.0,0.0,0.059001512859304085,D04
0,2020-09-09,한신기계,1.0,0.0,0.0,0.0,0.0,0.0,0.013888888888888888,D04
0,2020-09-09,KPX생명과학,0.0,1.0,0.0,0.0,0.0,0.0,-0.04113475177304964,D04
0,2020-09-09,대성산업,0.0,0.0,0.0,0.0,1.0,0.0,0.01,D04
0,2020-09-09,네오위즈,0.0,1.0,0.0,0.0,0.0,0.0,-0.006944444444444444,D04
0,2020-09-08,인스코비,0.0,1.0,0.0,0.0,0.0,0.0,-0.03695652173913044,D04
0,2020-09-08,강스템바이오텍,0.0,0.0,0.0,1.0,0.0,0.0,-0.02122347066167291,D04
0,2020-09-08,엠씨넥스,1.0,0.0,0.0,0.0,0.0,0.0,0.04225352112676056,D04
0,2020-09-08,코디엠,0.0,1.0,0.0,0.0,0.0,0.0,-0.042105263157894736,D04
0,2020-09-08,크리스탈지노믹스,0.0,1.0,0.0,0.0,0.0,0.0,-0.05526315789473684,D04
0,2020-09-07,코위버,1.0,0.0,0.0,0.0,0.0,0.0,0.02830188679245283,D04
0,2020-09-07,캠시스,1.0,0.0,0.0,0.0,0.0,0.0,0.013675213675213675,D04
0,2020-09-07,OQP,0.0,1.0,0.0,0.0,0.0,0.0,-0.04107981220657277,D04
0,2020-09-07,판타지오,1.0,0.0,0.0,0.0,0.0,0.0,0.05542168674698795,D04
0,2020-09-07,세원셀론텍,1.0,0.0,0.0,0.0,0.0,0.0,0.08,D04
0,2020-09-04,앱클론,0.0,1.0,0.0,0.0,0.0,0.0,-0.005649717514124294,D04
0,2020-09-04,YBM넷,1.0,0.0,0.0,0.0,0.0,0.0,0.08,D04
0,2020-09-04,네오위즈,1.0,0.0,0.0,0.0,0.0,0.0,0.04770318021201413,D04
0,2020-09-04,제노레이,1.0,0.0,0.0,0.0,0.0,0.0,0.019138755980861243,D04
0,2020-09-04,상상인,0.0,0.0,0.0,0.0,1.0,0.0,0.01,D04
0,2020-09-03,큐로컴,0.0,1.0,0.0,0.0,0.0,0.0,-0.05138339920948617,U04
0,2020-09-03,영우디에스피,0.0,0.0,0.0,0.0,0.0,1.0,-0.0030303030303030303,U04
0,2020-09-03,유니크,0.0,0.0,0.0,0.0,1.0,0.0,0.01,U04
0,2020-09-03,금호석유,0.0,1.0,0.0,0.0,0.0,0.0,-0.01990049751243781,U04
0,2020-09-03,키움증권,0.0,1.0,0.0,0.0,0.0,0.0,-0.025210084033613446,U04
0,2020-09-02,램테크놀러지,0.0,1.0,0.0,0.0,0.0,0.0,-0.012875536480686695,U04
0,2020-09-02,NICE평가정보,0.0,0.0,1.0,0.0,0.0,0.0,0.025210084033613446,U04
0,2020-09-02,아이디스,0.0,0.0,0.0,0.0,0.0,1.0,-0.02773497688751926,U04
0,2020-09-02,포스코 ICT,0.0,0.0,0.0,0.0,0.0,1.0,-0.02408256880733945,U04
0,2020-09-02,한국테크놀로지그룹,1.0,0.0,0.0,0.0,0.0,0.0,0.035830618892508145,U04
0,2020-09-01,엑세스바이오,1.0,0.0,0.0,0.0,0.0,0.0,0.08,U04
0,2020-09-01,다산네트웍스,0.0,0.0,1.0,0.0,0.0,0.0,0.07169811320754717,U04
0,2020-09-01,서원,0.0,0.0,0.0,1.0,0.0,0.0,-0.03867403314917127,U04
0,2020-09-01,창해에탄올,0.0,0.0,0.0,0.0,1.0,0.0,0.01,U04
0,2020-09-01,나라엠앤디,0.0,0.0,0.0,0.0,1.0,0.0,0.01,U04
0,2020-08-31,포메탈,1.0,0.0,0.0,0.0,0.0,0.0,0.023696682464454975,U04
0,2020-08-31,미래에셋대우,0.0,1.0,0.0,0.0,0.0,0.0,-0.03023983315954119,U04
0,2020-08-31,오가닉티코스메틱,1.0,0.0,0.0,0.0,0.0,0.0,0.0226628895184136,U04
0,2020-08-31,팬오션,0.0,1.0,0.0,0.0,0.0,0.0,-0.021613832853025938,U04
0,2020-08-31,SKC,0.0,1.0,0.0,0.0,0.0,0.0,-0.028361344537815126,U04
0,2020-08-28,한국타이어앤테크놀로지,1.0,0.0,0.0,0.0,0.0,0.0,0.010273972602739725,D04
0,2020-08-28,아이디스,0.0,0.0,0.0,0.0,1.0,0.0,0.01,D04
0,2020-08-28,프리엠스,0.0,1.0,0.0,0.0,0.0,0.0,-0.009345794392523364,D04
0,2020-08-28,모나미,1.0,0.0,0.0,0.0,0.0,0.0,0.08,D04
0,2020-08-28,창해에탄올,0.0,1.0,0.0,0.0,0.0,0.0,-0.030821917808219176,D04
0,2020-08-27,나노스,0.0,1.0,0.0,0.0,0.0,0.0,-0.06183368869936034,U04
0,2020-08-27,바른손,0.0,1.0,0.0,0.0,0.0,0.0,-0.1011608623548922,U04
0,2020-08-27,한국타이어앤테크놀로지,0.0,1.0,0.0,0.0,0.0,0.0,-0.029950083194675542,U04
0,2020-08-27,한국카본,0.0,0.0,0.0,0.0,1.0,0.0,0.01,U04
0,2020-08-27,아이쓰리시스템,1.0,0.0,0.0,0.0,0.0,0.0,0.019438444924406047,U04
0,2020-08-26,한국항공우주,0.0,1.0,0.0,0.0,0.0,0.0,-0.017278617710583154,U04
0,2020-08-26,녹십자,0.0,1.0,0.0,0.0,0.0,0.0,-0.007233273056057866,U04
0,2020-08-26,KMH하이텍,0.0,1.0,0.0,0.0,0.0,0.0,-0.01652892561983471,U04
0,2020-08-26,인터지스,0.0,1.0,0.0,0.0,0.0,0.0,-0.07492354740061162,U04
0,2020-08-26,한국카본,0.0,1.0,0.0,0.0,0.0,0.0,-0.039319872476089264,U04
0,2020-08-25,스튜디오드래곤,0.0,0.0,0.0,0.0,0.0,1.0,-0.020731707317073172,U04
0,2020-08-25,한빛소프트,1.0,0.0,0.0,0.0,0.0,0.0,0.01466275659824047,U04
0,2020-08-25,에스엘,1.0,0.0,0.0,0.0,0.0,0.0,0.03319502074688797,U04
0,2020-08-25,남선알미늄,0.0,1.0,0.0,0.0,0.0,0.0,-0.013157894736842105,U04
0,2020-08-25,대주전자재료,1.0,0.0,0.0,0.0,0.0,0.0,0.031031031031031032,U04
0,2020-08-24,동국S&C,1.0,0.0,0.0,0.0,0.0,0.0,0.08,U04
0,2020-08-24,보광산업,1.0,0.0,0.0,0.0,0.0,0.0,0.08,U04
0,2020-08-24,이연제약,1.0,0.0,0.0,0.0,0.0,0.0,0.011627906976744186,U04
0,2020-08-24,한빛소프트,1.0,0.0,0.0,0.0,0.0,0.0,0.03543913713405239,U04
0,2020-08-24,현대바이오랜드,1.0,0.0,0.0,0.0,0.0,0.0,0.06374501992031872,U04
0,2020-08-21,휠라홀딩스,1.0,0.0,0.0,0.0,0.0,0.0,0.08,U04
0,2020-08-21,한국카본,1.0,0.0,0.0,0.0,0.0,0.0,0.024173027989821884,U04
0,2020-08-21,루미마이크로,1.0,0.0,0.0,0.0,0.0,0.0,0.030303030303030304,U04
0,2020-08-21,랩지노믹스,0.0,1.0,0.0,0.0,0.0,0.0,-0.03875,U04
0,2020-08-21,윈팩,0.0,0.0,0.0,0.0,1.0,0.0,0.01,U04
0,2020-08-20,종근당,1.0,0.0,0.0,0.0,0.0,0.0,0.08,D04
0,2020-08-20,씨유메디칼,1.0,0.0,0.0,0.0,0.0,0.0,0.015209125475285171,D04
0,2020-08-20,프로스테믹스,1.0,0.0,0.0,0.0,0.0,0.0,0.02,D04
0,2020-08-20,필옵틱스,0.0,1.0,0.0,0.0,0.0,0.0,-0.043795620437956206,D04
0,2020-08-20,제이엔케이히터,1.0,0.0,0.0,0.0,0.0,0.0,0.029639175257731958,D04
0,2020-08-19,영진약품,1.0,0.0,0.0,0.0,0.0,0.0,0.03161397670549085,U04
0,2020-08-19,신성이엔지,0.0,1.0,0.0,0.0,0.0,0.0,-0.04700854700854701,U04
0,2020-08-19,이글벳,1.0,0.0,0.0,0.0,0.0,0.0,0.01932367149758454,U04
0,2020-08-19,빛샘전자,1.0,0.0,0.0,0.0,0.0,0.0,0.023076923076923078,U04
0,2020-08-19,대주전자재료,1.0,0.0,0.0,0.0,0.0,0.0,0.04793756967670011,U04
0,2020-08-18,신흥에스이씨,0.0,1.0,0.0,0.0,0.0,0.0,-0.07057546145494029,U04
0,2020-08-18,대원제약,0.0,0.0,1.0,0.0,0.0,0.0,0.020202020202020204,U04
0,2020-08-18,신성이엔지,0.0,1.0,0.0,0.0,0.0,0.0,-0.06299212598425197,U04
0,2020-08-18,이랜텍,0.0,1.0,0.0,0.0,0.0,0.0,-0.05905511811023622,U04
0,2020-08-18,보광산업,0.0,1.0,0.0,0.0,0.0,0.0,-0.053125,U04
0,2020-08-14,아가방컴퍼니,0.0,1.0,0.0,0.0,0.0,0.0,-0.017241379310344827,U03
0,2020-08-14,원익QnC,0.0,1.0,0.0,0.0,0.0,0.0,-0.01567398119122257,U03
0,2020-08-14,코리아에스이,0.0,1.0,0.0,0.0,0.0,0.0,-0.04119850187265917,U03
0,2020-08-14,코텍,0.0,1.0,0.0,0.0,0.0,0.0,-0.006550218340611353,U03
0,2020-08-14,빅텍,0.0,0.0,0.0,1.0,0.0,0.0,-0.056164383561643834,U03
0,2020-08-13,다날,1.0,0.0,0.0,0.0,0.0,0.0,0.03205128205128205,U04
0,2020-08-13,디스플레이텍,0.0,1.0,0.0,0.0,0.0,0.0,-0.013677811550151976,U04
0,2020-08-13,영진약품,0.0,0.0,0.0,1.0,0.0,0.0,-0.02664576802507837,U04
0,2020-08-13,보광산업,0.0,1.0,0.0,0.0,0.0,0.0,-0.007309941520467836,U04
0,2020-08-13,서암기계공업,1.0,0.0,0.0,0.0,0.0,0.0,0.010570824524312896,U04
0,2020-08-12,신일제약,0.0,1.0,0.0,0.0,0.0,0.0,-0.018050541516245487,D04
0,2020-08-12,루멘스,0.0,1.0,0.0,0.0,0.0,0.0,-0.013927576601671309,D04
0,2020-08-12,이스타코,0.0,0.0,1.0,0.0,0.0,0.0,0.02102496714848883,D04
0,2020-08-12,대한그린파워,0.0,0.0,0.0,0.0,0.0,1.0,-0.0072992700729927005,D04
0,2020-08-12,원익QnC,1.0,0.0,0.0,0.0,0.0,0.0,0.060810810810810814,D04
0,2020-08-11,DB손해보험,1.0,0.0,0.0,0.0,0.0,0.0,0.08,D04
0,2020-08-11,빅텍,0.0,0.0,0.0,0.0,1.0,0.0,0.01,D04
0,2020-08-11,JW신약,1.0,0.0,0.0,0.0,0.0,0.0,0.010416666666666666,D04
0,2020-08-11,한국주철관,0.0,1.0,0.0,0.0,0.0,0.0,-0.015706806282722512,D04
0,2020-08-11,코리아에스이,0.0,1.0,0.0,0.0,0.0,0.0,-0.028268551236749116,D04
0,2020-08-10,프로스테믹스,1.0,0.0,0.0,0.0,0.0,0.0,0.03937007874015748,D04
0,2020-08-10,JW신약,0.0,1.0,0.0,0.0,0.0,0.0,-0.015384615384615385,D04
0,2020-08-10,보광산업,1.0,0.0,0.0,0.0,0.0,0.0,0.01881331403762663,D04
0,2020-08-10,SK머티리얼즈,1.0,0.0,0.0,0.0,0.0,0.0,0.08,D04
0,2020-08-10,한국주철관,1.0,0.0,0.0,0.0,0.0,0.0,0.01935483870967742,D04
0,2020-08-07,파트론,0.0,1.0,0.0,0.0,0.0,0.0,-0.034782608695652174,U04
0,2020-08-07,한일단조,0.0,0.0,0.0,1.0,0.0,0.0,-0.02610966057441253,U04
0,2020-08-07,CS,1.0,0.0,0.0,0.0,0.0,0.0,0.03543307086614173,U04
0,2020-08-07,오스템,0.0,0.0,1.0,0.0,0.0,0.0,0.02696629213483146,U04
0,2020-08-07,에코프로,1.0,0.0,0.0,0.0,0.0,0.0,0.04488778054862843,U04
0,2020-08-06,신세계건설,0.0,1.0,0.0,0.0,0.0,0.0,-0.018867924528301886,U04
0,2020-08-06,유니온머티리얼,1.0,0.0,0.0,0.0,0.0,0.0,0.08,U04
0,2020-08-06,케어젠,0.0,1.0,0.0,0.0,0.0,0.0,-0.014814814814814815,U04
0,2020-08-06,진매트릭스,0.0,1.0,0.0,0.0,0.0,0.0,-0.029940119760479042,U04
0,2020-08-06,신성이엔지,0.0,1.0,0.0,0.0,0.0,0.0,-0.007017543859649123,U04
0,2020-08-05,아이센스,0.0,1.0,0.0,0.0,0.0,0.0,-0.03090909090909091,U04
0,2020-08-05,뉴보텍,1.0,0.0,0.0,0.0,0.0,0.0,0.0436046511627907,U04
0,2020-08-05,삼진엘앤디,0.0,0.0,1.0,0.0,0.0,0.0,0.07214765100671142,U04
0,2020-08-05,켐트로닉스,0.0,0.0,0.0,0.0,0.0,1.0,-0.028125,U04
0,2020-08-05,코데즈컴바인,0.0,1.0,0.0,0.0,0.0,0.0,-0.018083182640144666,U04
0,2020-08-04,넥스트BT,0.0,1.0,0.0,0.0,0.0,0.0,-0.01141552511415525,U04
0,2020-08-04,메디톡스,1.0,0.0,0.0,0.0,0.0,0.0,0.041426129184113376,U04
0,2020-08-04,성신양회,1.0,0.0,0.0,0.0,0.0,0.0,0.012121212121212121,U04
0,2020-08-04,인디에프,0.0,0.0,0.0,0.0,1.0,0.0,0.01,U04
0,2020-08-04,에이텍티앤,0.0,1.0,0.0,0.0,0.0,0.0,-0.058673469387755105,U04
0,2020-08-03,이건산업,0.0,1.0,0.0,0.0,0.0,0.0,-0.01303780964797914,U04
0,2020-08-03,JW홀딩스,0.0,1.0,0.0,0.0,0.0,0.0,-0.012939001848428836,U04
0,2020-08-03,유니온머티리얼,1.0,0.0,0.0,0.0,0.0,0.0,0.03898635477582846,U04
0,2020-08-03,깨끗한나라,1.0,0.0,0.0,0.0,0.0,0.0,0.019777503090234856,U04
0,2020-08-03,셀트리온,1.0,0.0,0.0,0.0,0.0,0.0,0.017006802721088437,U04
0,2020-07-31,SKC 솔믹스,0.0,1.0,0.0,0.0,0.0,0.0,-0.01639344262295082,U04
0,2020-07-31,오리엔트바이오,0.0,0.0,0.0,1.0,0.0,0.0,-0.03225806451612903,U04
0,2020-07-31,세원셀론텍,0.0,1.0,0.0,0.0,0.0,0.0,-0.0216998191681736,U04
0,2020-07-31,KB금융,0.0,1.0,0.0,0.0,0.0,0.0,-0.016736401673640166,U04
0,2020-07-31,한올바이오파마,0.0,0.0,1.0,0.0,0.0,0.0,0.03281519861830743,U04
0,2020-07-30,스튜디오산타클로스,0.0,0.0,0.0,1.0,0.0,0.0,-0.027597402597402596,U04
0,2020-07-30,아즈텍WB,0.0,1.0,0.0,0.0,0.0,0.0,-0.017964071856287425,U04
0,2020-07-30,KEC,0.0,0.0,0.0,0.0,0.0,1.0,-0.01696969696969697,U04
0,2020-07-30,이노인스트루먼트,0.0,1.0,0.0,0.0,0.0,0.0,-0.006060606060606061,U04
0,2020-07-30,대양금속,0.0,1.0,0.0,0.0,0.0,0.0,-0.04487917146144994,U04
0,2020-07-29,바디텍메드,0.0,0.0,1.0,0.0,0.0,0.0,0.084,D04
0,2020-07-29,동국제강,1.0,0.0,0.0,0.0,0.0,0.0,0.018518518518518517,D04
0,2020-07-29,구영테크,0.0,1.0,0.0,0.0,0.0,0.0,-0.018575851393188854,D04
0,2020-07-29,우신시스템,0.0,0.0,1.0,0.0,0.0,0.0,0.028021015761821366,D04
0,2020-07-29,케이맥,0.0,1.0,0.0,0.0,0.0,0.0,-0.014367816091954023,D04
0,2020-07-28,덕산하이메탈,1.0,0.0,0.0,0.0,0.0,0.0,0.014138817480719794,U04
0,2020-07-28,NH투자증권,0.0,1.0,0.0,0.0,0.0,0.0,-0.009019165727170236,U04
0,2020-07-28,세운메디칼,0.0,0.0,0.0,1.0,0.0,0.0,-0.018741633199464525,U04
0,2020-07-28,서연,0.0,0.0,1.0,0.0,0.0,0.0,0.084,U04
0,2020-07-28,한솔로지스틱스,0.0,1.0,0.0,0.0,0.0,0.0,-0.04975124378109453,U04
0,2020-07-27,디오,1.0,0.0,0.0,0.0,0.0,0.0,0.03802281368821293,D04
0,2020-07-27,레고켐바이오,1.0,0.0,0.0,0.0,0.0,0.0,0.04695652173913043,D04
0,2020-07-27,우정바이오,1.0,0.0,0.0,0.0,0.0,0.0,0.01650943396226415,D04
0,2020-07-27,헬릭스미스,0.0,0.0,0.0,0.0,0.0,1.0,-0.008771929824561403,D04
0,2020-07-27,에프엔에스테크,0.0,0.0,0.0,0.0,1.0,0.0,0.01,D04
0,2020-07-24,대한광통신,0.0,0.0,0.0,0.0,1.0,0.0,0.01,D04
0,2020-07-24,동양물산,1.0,0.0,0.0,0.0,0.0,0.0,0.014423076923076924,D04
0,2020-07-24,SCI평가정보,0.0,1.0,0.0,0.0,0.0,0.0,-0.05786618444846293,D04
0,2020-07-24,휘닉스소재,0.0,0.0,0.0,0.0,1.0,0.0,0.01,D04
0,2020-07-24,롯데정밀화학,0.0,1.0,0.0,0.0,0.0,0.0,-0.018306636155606407,D04
0,2020-07-23,부국철강,0.0,1.0,0.0,0.0,0.0,0.0,-0.01486988847583643,U03
0,2020-07-23,웰바이오텍,1.0,0.0,0.0,0.0,0.0,0.0,0.08,U03
0,2020-07-23,제닉,0.0,1.0,0.0,0.0,0.0,0.0,-0.04898446833930705,U03
0,2020-07-23,알에프텍,0.0,1.0,0.0,0.0,0.0,0.0,-0.05092592592592592,U03
0,2020-07-23,이퓨쳐,0.0,0.0,1.0,0.0,0.0,0.0,0.010434782608695653,U03
0,2020-07-22,NH투자증권,1.0,0.0,0.0,0.0,0.0,0.0,0.011210762331838564,D04
0,2020-07-22,시노펙스,0.0,0.0,0.0,1.0,0.0,0.0,-0.029315960912052116,D04
0,2020-07-22,메디포스트,1.0,0.0,0.0,0.0,0.0,0.0,0.014112903225806451,D04
0,2020-07-22,일진전기,1.0,0.0,0.0,0.0,0.0,0.0,0.038112522686025406,D04
0,2020-07-22,알에프텍,0.0,0.0,0.0,1.0,0.0,0.0,-0.02843601895734597,D04
0,2020-07-21,동양물산,0.0,0.0,0.0,0.0,1.0,0.0,0.01,U04
0,2020-07-21,현대에이치씨엔,0.0,0.0,1.0,0.0,0.0,0.0,0.04893617021276596,U04
0,2020-07-21,경남바이오파마,1.0,0.0,0.0,0.0,0.0,0.0,0.01858736059479554,U04
0,2020-07-21,미래생명자원,0.0,0.0,0.0,0.0,1.0,0.0,0.01,U04
0,2020-07-21,동일고무벨트,0.0,0.0,0.0,0.0,0.0,1.0,0.004801920768307323,U04
0,2020-07-20,대한광통신,1.0,0.0,0.0,0.0,0.0,0.0,0.021303258145363407,U04
0,2020-07-20,이노와이어리스,1.0,0.0,0.0,0.0,0.0,0.0,0.02247191011235955,U04
0,2020-07-20,DSR제강,0.0,0.0,1.0,0.0,0.0,0.0,0.084,U04
0,2020-07-20,우원개발,0.0,1.0,0.0,0.0,0.0,0.0,-0.03358778625954199,U04
0,2020-07-20,티사이언티픽,1.0,0.0,0.0,0.0,0.0,0.0,0.08,U04
0,2020-07-17,나노엔텍,1.0,0.0,0.0,0.0,0.0,0.0,0.03365384615384615,D04
0,2020-07-17,엠게임,0.0,0.0,0.0,1.0,0.0,0.0,-0.02895752895752896,D04
0,2020-07-17,서연,0.0,1.0,0.0,0.0,0.0,0.0,-0.050666666666666665,D04
0,2020-07-17,JYP Ent.,1.0,0.0,0.0,0.0,0.0,0.0,0.05042016806722689,D04
0,2020-07-17,금호에이치티,1.0,0.0,0.0,0.0,0.0,0.0,0.025432900432900432,D04
0,2020-07-16,큐로,0.0,1.0,0.0,0.0,0.0,0.0,-0.014647137150466045,U04
0,2020-07-16,JYP Ent.,0.0,0.0,1.0,0.0,0.0,0.0,0.06837606837606838,U04
0,2020-07-16,유비쿼스홀딩스,0.0,1.0,0.0,0.0,0.0,0.0,-0.027656477438136828,U04
0,2020-07-16,신세계,1.0,0.0,0.0,0.0,0.0,0.0,0.02843601895734597,U04
0,2020-07-16,부광약품,0.0,1.0,0.0,0.0,0.0,0.0,-0.0423728813559322,U04
0,2020-07-15,에코마케팅,0.0,1.0,0.0,0.0,0.0,0.0,-0.013647642679900745,U04
0,2020-07-15,씨에스윈드,0.0,1.0,0.0,0.0,0.0,0.0,-0.04609929078014184,U04
0,2020-07-15,에스모,0.0,0.0,1.0,0.0,0.0,0.0,0.084,U04
0,2020-07-15,앱클론,0.0,1.0,0.0,0.0,0.0,0.0,-0.0056022408963585435,U04
0,2020-07-15,녹십자셀,0.0,1.0,0.0,0.0,0.0,0.0,-0.009720534629404616,U04
0,2020-07-14,SK디스커버리,1.0,0.0,0.0,0.0,0.0,0.0,0.03927068723702665,D04
0,2020-07-14,동구바이오제약,1.0,0.0,0.0,0.0,0.0,0.0,0.08,D04
0,2020-07-14,바이넥스,1.0,0.0,0.0,0.0,0.0,0.0,0.08,D04
0,2020-07-14,우리들휴브레인,1.0,0.0,0.0,0.0,0.0,0.0,0.08,D04
0,2020-07-14,웰바이오텍,1.0,0.0,0.0,0.0,0.0,0.0,0.05454545454545454,D04
0,2020-07-13,에스엠,0.0,1.0,0.0,0.0,0.0,0.0,-0.007530120481927711,U04
0,2020-07-13,율호,0.0,0.0,0.0,0.0,1.0,0.0,0.01,U04
0,2020-07-13,에이루트,0.0,1.0,0.0,0.0,0.0,0.0,-0.009765625,U04
0,2020-07-13,웰크론한텍,0.0,0.0,0.0,0.0,1.0,0.0,0.01,U04
0,2020-07-13,SM C&C,1.0,0.0,0.0,0.0,0.0,0.0,0.0169971671388102,U04
0,2020-07-10,남선알미늄,0.0,1.0,0.0,0.0,0.0,0.0,-0.01694915254237288,U04
0,2020-07-10,빅텍,0.0,1.0,0.0,0.0,0.0,0.0,-0.07412398921832884,U04
0,2020-07-10,제이씨현시스템,0.0,1.0,0.0,0.0,0.0,0.0,-0.023696682464454975,U04
0,2020-07-10,진원생명과학,0.0,1.0,0.0,0.0,0.0,0.0,-0.03222222222222222,U04
0,2020-07-10,경인양행,0.0,1.0,0.0,0.0,0.0,0.0,-0.045220966084275435,U04
0,2020-07-09,녹십자랩셀,0.0,1.0,0.0,0.0,0.0,0.0,-0.005928853754940711,U04
0,2020-07-09,서원,0.0,0.0,0.0,1.0,0.0,0.0,-0.027166882276843468,U04
0,2020-07-09,삼화네트웍스,0.0,0.0,0.0,0.0,1.0,0.0,0.01,U04
0,2020-07-09,대현,1.0,0.0,0.0,0.0,0.0,0.0,0.0377906976744186,U04
0,2020-07-09,오상자이엘,0.0,1.0,0.0,0.0,0.0,0.0,-0.010893246187363835,U04
0,2020-07-08,국영지앤엠,0.0,0.0,0.0,1.0,0.0,0.0,-0.023032629558541268,D04
0,2020-07-08,에스엠,1.0,0.0,0.0,0.0,0.0,0.0,0.08,D04
0,2020-07-08,스튜디오드래곤,1.0,0.0,0.0,0.0,0.0,0.0,0.019845644983461964,D04
0,2020-07-08,삼화네트웍스,0.0,1.0,0.0,0.0,0.0,0.0,-0.020134228187919462,D04
0,2020-07-08,포비스티앤씨,1.0,0.0,0.0,0.0,0.0,0.0,0.01834862385321101,D04
0,2020-07-07,한일홀딩스,0.0,0.0,1.0,0.0,0.0,0.0,0.024494142705005325,U04
0,2020-07-07,대우부품,0.0,1.0,0.0,0.0,0.0,0.0,-0.029069767441860465,U04
0,2020-07-07,서린바이오,0.0,1.0,0.0,0.0,0.0,0.0,-0.027906976744186046,U04
0,2020-07-07,미코,0.0,1.0,0.0,0.0,0.0,0.0,-0.020588235294117647,U04
0,2020-07-07,알테오젠,1.0,0.0,0.0,0.0,0.0,0.0,0.08,U04
0,2020-07-06,덕신하우징,1.0,0.0,0.0,0.0,0.0,0.0,0.08,U04
0,2020-07-06,IHQ,0.0,1.0,0.0,0.0,0.0,0.0,-0.018867924528301886,U04
0,2020-07-06,코위버,0.0,1.0,0.0,0.0,0.0,0.0,-0.006342494714587738,U04
0,2020-07-06,웰바이오텍,1.0,0.0,0.0,0.0,0.0,0.0,0.08,U04
0,2020-07-06,대주전자재료,1.0,0.0,0.0,0.0,0.0,0.0,0.036211699164345405,U04
0,2020-07-03,피앤이솔루션,0.0,0.0,1.0,0.0,0.0,0.0,0.025906735751295335,U04
0,2020-07-03,이건산업,0.0,0.0,0.0,0.0,0.0,1.0,-0.01034928848641656,U04
0,2020-07-03,한창,0.0,0.0,0.0,0.0,0.0,1.0,-0.0425531914893617,U04
0,2020-07-03,이스타코,0.0,0.0,0.0,0.0,1.0,0.0,0.01,U04
0,2020-07-03,켐트로스,0.0,0.0,0.0,0.0,0.0,1.0,-0.030303030303030304,U04
0,2020-07-02,자연과환경,0.0,0.0,1.0,0.0,0.0,0.0,0.013513513513513514,U04
0,2020-07-02,우리손에프앤지,1.0,0.0,0.0,0.0,0.0,0.0,0.01856763925729443,U04
0,2020-07-02,현대바이오,0.0,1.0,0.0,0.0,0.0,0.0,-0.011627906976744186,U04
0,2020-07-02,파트론,0.0,0.0,1.0,0.0,0.0,0.0,0.020454545454545454,U04
0,2020-07-02,나라엠앤디,0.0,0.0,1.0,0.0,0.0,0.0,0.084,U04
0,2020-07-01,인디에프,1.0,0.0,0.0,0.0,0.0,0.0,0.03170731707317073,U04
0,2020-07-01,씨에스윈드,0.0,1.0,0.0,0.0,0.0,0.0,-0.005793742757821553,U04
0,2020-07-01,위지트,0.0,0.0,1.0,0.0,0.0,0.0,0.024193548387096774,U04
0,2020-07-01,앱클론,1.0,0.0,0.0,0.0,0.0,0.0,0.08,U04
0,2020-07-01,특수건설,1.0,0.0,0.0,0.0,0.0,0.0,0.08,U04
0,2020-06-30,동우팜투테이블,1.0,0.0,0.0,0.0,0.0,0.0,0.0359375,U04
0,2020-06-30,올릭스,0.0,1.0,0.0,0.0,0.0,0.0,-0.056338028169014086,U04
0,2020-06-30,ISC,0.0,1.0,0.0,0.0,0.0,0.0,-0.02064896755162242,U04
0,2020-06-30,나라엠앤디,0.0,1.0,0.0,0.0,0.0,0.0,-0.00975609756097561,U04
0,2020-06-30,윈팩,1.0,0.0,0.0,0.0,0.0,0.0,0.0165016501650165,U04
0,2020-06-29,슈피겐코리아,0.0,1.0,0.0,0.0,0.0,0.0,-0.0297029702970297,D04
0,2020-06-29,에이텍,0.0,0.0,1.0,0.0,0.0,0.0,0.084,D04
0,2020-06-29,JW홀딩스,1.0,0.0,0.0,0.0,0.0,0.0,0.02095238095238095,D04
0,2020-06-29,쇼박스,0.0,1.0,0.0,0.0,0.0,0.0,-0.010395010395010396,D04
0,2020-06-29,WI,0.0,0.0,0.0,0.0,0.0,1.0,-0.015267175572519083,D04
0,2020-06-26,DB하이텍,0.0,0.0,0.0,0.0,1.0,0.0,0.01,U04
0,2020-06-26,고려시멘트,1.0,0.0,0.0,0.0,0.0,0.0,0.0234375,U04
0,2020-06-26,송원산업,0.0,1.0,0.0,0.0,0.0,0.0,-0.026217228464419477,U04
0,2020-06-26,KTis,0.0,0.0,0.0,1.0,0.0,0.0,-0.03217821782178218,U04
0,2020-06-26,엘브이엠씨홀딩스,0.0,1.0,0.0,0.0,0.0,0.0,-0.017409265269991148,U04
0,2020-06-25,신흥에스이씨,1.0,0.0,0.0,0.0,0.0,0.0,0.0234375,D04
0,2020-06-25,셀트리온,0.0,0.0,0.0,0.0,1.0,0.0,0.01,D04
0,2020-06-25,에스텍파마,1.0,0.0,0.0,0.0,0.0,0.0,0.08,D04
0,2020-06-25,상상인,0.0,1.0,0.0,0.0,0.0,0.0,-0.03881987577639751,D04
0,2020-06-25,국보,0.0,0.0,0.0,1.0,0.0,0.0,-0.017902813299232736,D04
0,2020-06-24,세코닉스,0.0,1.0,0.0,0.0,0.0,0.0,-0.011787819253438114,U04
0,2020-06-24,에스폴리텍,1.0,0.0,0.0,0.0,0.0,0.0,0.08,U04
0,2020-06-24,제넨바이오,0.0,1.0,0.0,0.0,0.0,0.0,-0.013761467889908258,U04
0,2020-06-24,에스텍파마,0.0,1.0,0.0,0.0,0.0,0.0,-0.008298755186721992,U04
0,2020-06-24,한국타이어앤테크놀로지,1.0,0.0,0.0,0.0,0.0,0.0,0.014028056112224449,U04
0,2020-06-23,SK,1.0,0.0,0.0,0.0,0.0,0.0,0.03859060402684564,U04
0,2020-06-23,국동,0.0,1.0,0.0,0.0,0.0,0.0,-0.0564373897707231,U04
0,2020-06-23,코리아나,0.0,1.0,0.0,0.0,0.0,0.0,-0.028708133971291867,U04
0,2020-06-23,성신양회,0.0,1.0,0.0,0.0,0.0,0.0,-0.021035598705501618,U04
0,2020-06-23,아이진,0.0,1.0,0.0,0.0,0.0,0.0,-0.023157894736842106,U04
0,2020-06-22,동부건설,1.0,0.0,0.0,0.0,0.0,0.0,0.015544041450777202,T01
0,2020-06-22,삼화전자,1.0,0.0,0.0,0.0,0.0,0.0,0.01744186046511628,T01
0,2020-06-22,유나이티드제약,1.0,0.0,0.0,0.0,0.0,0.0,0.036613272311212815,T01
0,2020-06-22,성창오토텍,1.0,0.0,0.0,0.0,0.0,0.0,0.0243161094224924,T01
0,2020-06-22,비에이치,0.0,1.0,0.0,0.0,0.0,0.0,-0.02650602409638554,T01
0,2020-06-19,에스폴리텍,1.0,0.0,0.0,0.0,0.0,0.0,0.0649546827794562,U04
0,2020-06-19,코오롱글로벌,0.0,1.0,0.0,0.0,0.0,0.0,-0.026402640264026403,U04
0,2020-06-19,성신양회,1.0,0.0,0.0,0.0,0.0,0.0,0.03241491085899514,U04
0,2020-06-19,코디,1.0,0.0,0.0,0.0,0.0,0.0,0.08,U04
0,2020-06-19,삼성중공업,0.0,1.0,0.0,0.0,0.0,0.0,-0.031578947368421054,U04
0,2020-06-18,에이프로젠 H&G,1.0,0.0,0.0,0.0,0.0,0.0,0.012345679012345678,U02
0,2020-06-18,한독,0.0,0.0,1.0,0.0,0.0,0.0,0.084,U02
0,2020-06-18,CMG제약,0.0,1.0,0.0,0.0,0.0,0.0,-0.011494252873563218,U02
0,2020-06-18,아이디스,0.0,1.0,0.0,0.0,0.0,0.0,-0.06700167504187604,U02
0,2020-06-18,TBH글로벌,0.0,0.0,1.0,0.0,0.0,0.0,0.084,U02
0,2020-06-17,시노펙스,0.0,1.0,0.0,0.0,0.0,0.0,-0.038461538461538464,U04
0,2020-06-17,아이디스,1.0,0.0,0.0,0.0,0.0,0.0,0.018835616438356163,U04
0,2020-06-17,종근당홀딩스,0.0,0.0,1.0,0.0,0.0,0.0,0.084,U04
0,2020-06-17,엘브이엠씨홀딩스,1.0,0.0,0.0,0.0,0.0,0.0,0.02455937590291823,U04
0,2020-06-17,크린앤사이언스,0.0,0.0,1.0,0.0,0.0,0.0,0.06484641638225255,U04
0,2020-06-16,종근당홀딩스,1.0,0.0,0.0,0.0,0.0,0.0,0.04878048780487805,U04
0,2020-06-16,쇼박스,1.0,0.0,0.0,0.0,0.0,0.0,0.031496062992125984,U04
0,2020-06-16,루미마이크로,1.0,0.0,0.0,0.0,0.0,0.0,0.019943019943019943,U04
0,2020-06-16,에이프로젠 H&G,1.0,0.0,0.0,0.0,0.0,0.0,0.01687289088863892,U04
0,2020-06-16,세아베스틸,1.0,0.0,0.0,0.0,0.0,0.0,0.052132701421800945,U04
0,2020-06-15,대성파인텍,0.0,1.0,0.0,0.0,0.0,0.0,-0.10071942446043165,U04
0,2020-06-15,휘닉스소재,0.0,1.0,0.0,0.0,0.0,0.0,-0.07567567567567568,U04
0,2020-06-15,코디,0.0,1.0,0.0,0.0,0.0,0.0,-0.08944954128440367,U04
0,2020-06-15,태광산업,0.0,1.0,0.0,0.0,0.0,0.0,-0.05503355704697987,U04
0,2020-06-15,한컴위드,0.0,1.0,0.0,0.0,0.0,0.0,-0.07590759075907591,U04
0,2020-06-12,하림,1.0,0.0,0.0,0.0,0.0,0.0,0.04963235294117647,D04
0,2020-06-12,네스엠,1.0,0.0,0.0,0.0,0.0,0.0,0.0273972602739726,D04
0,2020-06-12,부국철강,1.0,0.0,0.0,0.0,0.0,0.0,0.03076923076923077,D04
0,2020-06-12,현대글로비스,0.0,0.0,0.0,1.0,0.0,0.0,-0.0502283105022831,D04
0,2020-06-12,만도,1.0,0.0,0.0,0.0,0.0,0.0,0.011904761904761904,D04
0,2020-06-11,시노펙스,1.0,0.0,0.0,0.0,0.0,0.0,0.04186795491143317,U04
0,2020-06-11,디지틀조선,0.0,0.0,0.0,1.0,0.0,0.0,-0.038929440389294405,U04
0,2020-06-11,국영지앤엠,0.0,1.0,0.0,0.0,0.0,0.0,-0.03508771929824561,U04
0,2020-06-11,오픈베이스,0.0,1.0,0.0,0.0,0.0,0.0,-0.023564064801178203,U04
0,2020-06-11,피앤이솔루션,1.0,0.0,0.0,0.0,0.0,0.0,0.014326647564469915,U04
0,2020-06-10,데일리블록체인,0.0,1.0,0.0,0.0,0.0,0.0,-0.017830609212481426,U04
0,2020-06-10,나이스디앤비,1.0,0.0,0.0,0.0,0.0,0.0,0.012084592145015106,U04
0,2020-06-10,유니테스트,0.0,0.0,0.0,1.0,0.0,0.0,-0.03496503496503497,U04
0,2020-06-10,아스트,0.0,1.0,0.0,0.0,0.0,0.0,-0.012962962962962963,U04
0,2020-06-10,동국S&C,0.0,1.0,0.0,0.0,0.0,0.0,-0.029002320185614848,U04
0,2020-06-09,동양철관,0.0,1.0,0.0,0.0,0.0,0.0,-0.01834862385321101,U04
0,2020-06-09,다나와,0.0,1.0,0.0,0.0,0.0,0.0,-0.007547169811320755,U04
0,2020-06-09,씨아이에스,0.0,0.0,0.0,0.0,1.0,0.0,0.01,U04
0,2020-06-09,대림산업,0.0,0.0,1.0,0.0,0.0,0.0,0.013071895424836602,U04
0,2020-06-09,덕산네오룩스,0.0,1.0,0.0,0.0,0.0,0.0,-0.023510971786833857,U04
0,2020-06-08,선데이토즈,0.0,0.0,0.0,1.0,0.0,0.0,-0.02276707530647986,U04
0,2020-06-08,크리스탈지노믹스,0.0,1.0,0.0,0.0,0.0,0.0,-0.019867549668874173,U04
0,2020-06-08,피앤이솔루션,0.0,1.0,0.0,0.0,0.0,0.0,-0.011730205278592375,U04
0,2020-06-08,동아지질,0.0,1.0,0.0,0.0,0.0,0.0,-0.011940298507462687,U04
0,2020-06-08,테스,0.0,1.0,0.0,0.0,0.0,0.0,-0.019271948608137045,U04
0,2020-06-05,한국조선해양,1.0,0.0,0.0,0.0,0.0,0.0,0.01485148514851485,D04
0,2020-06-05,파라다이스,0.0,0.0,0.0,0.0,1.0,0.0,0.01,D04
0,2020-06-05,액토즈소프트,0.0,0.0,1.0,0.0,0.0,0.0,0.02685284640171858,D04
0,2020-06-05,에이테크솔루션,0.0,1.0,0.0,0.0,0.0,0.0,-0.01090909090909091,D04
0,2020-06-05,종근당바이오,1.0,0.0,0.0,0.0,0.0,0.0,0.014285714285714285,D04
0,2020-06-04,월덱스,0.0,1.0,0.0,0.0,0.0,0.0,-0.010615711252653927,U04
0,2020-06-04,아이원스,1.0,0.0,0.0,0.0,0.0,0.0,0.029185867895545316,U04
0,2020-06-04,플레이위드,1.0,0.0,0.0,0.0,0.0,0.0,0.03308823529411765,U04
0,2020-06-04,엠케이전자,0.0,0.0,1.0,0.0,0.0,0.0,0.0548469387755102,U04
0,2020-06-04,코센,0.0,1.0,0.0,0.0,0.0,0.0,-0.03712871287128713,U04
0,2020-06-03,뉴인텍,0.0,1.0,0.0,0.0,0.0,0.0,-0.01881720430107527,U04
0,2020-06-03,한빛소프트,0.0,0.0,1.0,0.0,0.0,0.0,0.084,U04
0,2020-06-03,사조오양,0.0,1.0,0.0,0.0,0.0,0.0,-0.02199074074074074,U04
0,2020-06-03,코맥스,0.0,1.0,0.0,0.0,0.0,0.0,-0.026854219948849106,U04
0,2020-06-03,엑사이엔씨,0.0,0.0,1.0,0.0,0.0,0.0,0.010344827586206896,U04
0,2020-06-02,구영테크,1.0,0.0,0.0,0.0,0.0,0.0,0.013201320132013201,U04
0,2020-06-02,WI,1.0,0.0,0.0,0.0,0.0,0.0,0.01824817518248175,U04
0,2020-06-02,우성사료,1.0,0.0,0.0,0.0,0.0,0.0,0.012096774193548387,U04
0,2020-06-02,ISC,0.0,0.0,0.0,1.0,0.0,0.0,-0.03235294117647059,U04
0,2020-06-02,우리로,1.0,0.0,0.0,0.0,0.0,0.0,0.031496062992125984,U04
0,2020-06-01,사람인에이치알,0.0,0.0,0.0,0.0,0.0,1.0,0.0057692307692307696,U04
0,2020-06-01,오리엔트바이오,1.0,0.0,0.0,0.0,0.0,0.0,0.015580736543909348,U04
0,2020-06-01,프로스테믹스,1.0,0.0,0.0,0.0,0.0,0.0,0.037641154328732745,U04
0,2020-06-01,휴맥스,1.0,0.0,0.0,0.0,0.0,0.0,0.043410852713178294,U04
0,2020-06-01,아프리카TV,1.0,0.0,0.0,0.0,0.0,0.0,0.04067796610169491,U04
