,Date,stock_name,today_big_win,today_small_win,today_lose,tomorrow_big_win,tomorrow_small_win,tomorrow_lose,day2_big_win,day2_small_win,day2_lose,real_profit,Nasdaq
0,2019-01-03,대아티아이,0.0,1.0,0.0,0.0,0.0,0.0,0.0,0.0,0.0,0.018018018018018018,0.0
0,2019-01-03,현대차,0.0,1.0,0.0,0.0,0.0,0.0,0.0,0.0,0.0,0.021929824561403508,0.0
0,2019-01-04,에스엠,0.0,1.0,0.0,0.0,0.0,0.0,0.0,0.0,0.0,0.03571428571428571,0.0
0,2019-01-04,한진칼,0.0,0.0,0.0,0.0,0.0,0.0,0.0,0.0,1.0,-0.02564102564102564,0.0
0,2019-01-09,한진칼,0.0,1.0,0.0,0.0,0.0,0.0,0.0,0.0,0.0,0.031578947368421054,0.0
0,2019-01-10,한창제지,1.0,0.0,0.0,0.0,0.0,0.0,0.0,0.0,0.0,0.1,0.0
0,2019-01-10,국일제지,0.0,1.0,0.0,0.0,0.0,0.0,0.0,0.0,0.0,0.044642857142857144,0.0
0,2019-01-11,현대로템,0.0,1.0,0.0,0.0,0.0,0.0,0.0,0.0,0.0,0.017985611510791366,0.0
0,2019-01-14,남선알미늄,0.0,1.0,0.0,0.0,0.0,0.0,0.0,0.0,0.0,0.05588822355289421,0.0
0,2019-01-15,에스엠,0.0,1.0,0.0,0.0,0.0,0.0,0.0,0.0,0.0,0.013972055888223553,0.0
0,2019-01-15,LG유플러스,0.0,1.0,0.0,0.0,0.0,0.0,0.0,0.0,0.0,0.01488095238095238,0.0
0,2019-01-16,모나리자,1.0,0.0,0.0,0.0,0.0,0.0,0.0,0.0,0.0,0.1,0.0
0,2019-01-18,보해양조,0.0,0.0,0.0,0.0,0.0,1.0,0.0,0.0,0.0,-0.03183023872679045,0.0
0,2019-01-21,금호석유,0.0,1.0,0.0,0.0,0.0,0.0,0.0,0.0,0.0,0.018140589569160998,0.0
0,2019-01-21,아난티,1.0,0.0,0.0,0.0,0.0,0.0,0.0,0.0,0.0,0.1,0.0
0,2019-01-23,현대엘리베이,0.0,1.0,0.0,0.0,0.0,0.0,0.0,0.0,0.0,0.017846145607411573,0.0
0,2019-01-23,현대건설,0.0,1.0,0.0,0.0,0.0,0.0,0.0,0.0,0.0,0.015025041736227046,0.0
0,2019-01-23,LG디스플레이,0.0,0.0,0.0,0.0,0.0,0.0,0.0,1.0,0.0,0.027848101265822784,0.0
0,2019-01-23,한국전력,0.0,0.0,0.0,0.0,0.0,0.0,0.0,1.0,0.0,0.01225114854517611,0.0
0,2019-01-24,한진칼,0.0,0.0,0.0,0.0,0.0,1.0,0.0,0.0,0.0,-0.048986486486486486,0.0
0,2019-01-24,대아티아이,0.0,0.0,0.0,0.0,0.0,0.0,0.0,1.0,0.0,0.011764705882352941,0.0
0,2019-01-25,현대로템,0.0,0.0,0.0,0.0,0.0,0.0,0.0,0.0,1.0,-0.06104129263913824,0.0
0,2019-01-25,신원,0.0,1.0,0.0,0.0,0.0,0.0,0.0,0.0,0.0,0.01206896551724138,0.0
0,2019-01-28,한온시스템,0.0,1.0,0.0,0.0,0.0,0.0,0.0,0.0,0.0,0.012195121951219513,0.0
0,2019-01-29,대한항공,0.0,0.0,0.0,0.0,1.0,0.0,0.0,0.0,0.0,0.051200925358916786,0.0
0,2019-01-29,남선알미늄,1.0,0.0,0.0,0.0,0.0,0.0,0.0,0.0,0.0,0.1,0.0
0,2019-01-30,아난티,0.0,1.0,0.0,0.0,0.0,0.0,0.0,0.0,0.0,0.05976095617529881,0.0
0,2019-01-30,신원,0.0,1.0,0.0,0.0,0.0,0.0,0.0,0.0,0.0,0.02867383512544803,0.0
0,2019-01-30,토박스코리아,0.0,1.0,0.0,0.0,0.0,0.0,0.0,0.0,0.0,0.04180064308681672,0.0
0,2019-01-30,현대건설,0.0,1.0,0.0,0.0,0.0,0.0,0.0,0.0,0.0,0.033444816053511704,0.0
0,2019-01-30,우원개발,1.0,0.0,0.0,0.0,0.0,0.0,0.0,0.0,0.0,0.1,0.0
0,2019-02-01,아난티,0.0,1.0,0.0,0.0,0.0,0.0,0.0,0.0,0.0,0.029411764705882353,0.0
0,2019-02-01,이엠코리아,0.0,0.0,0.0,0.0,0.0,0.0,1.0,0.0,0.0,0.05,0.0
0,2019-02-07,디피씨,0.0,1.0,0.0,0.0,0.0,0.0,0.0,0.0,0.0,0.04777070063694268,0.0
0,2019-02-07,미코,0.0,1.0,0.0,0.0,0.0,0.0,0.0,0.0,0.0,0.012345679012345678,0.0
0,2019-02-08,현대미포조선,0.0,1.0,0.0,0.0,0.0,0.0,0.0,0.0,0.0,0.02155887230514096,0.0
0,2019-02-11,현대차,0.0,1.0,0.0,0.0,0.0,0.0,0.0,0.0,0.0,0.01593625498007968,0.0
0,2019-02-11,SK하이닉스,0.0,0.0,0.0,0.0,1.0,0.0,0.0,0.0,0.0,0.0326530612244898,0.0
0,2019-02-11,삼성중공업,0.0,1.0,0.0,0.0,0.0,0.0,0.0,0.0,0.0,0.010625737898465172,0.0
0,2019-02-11,대한항공,0.0,0.0,0.0,0.0,0.0,0.0,0.0,0.0,1.0,0.0070401185704180285,0.0
0,2019-02-12,현대제철,0.0,1.0,0.0,0.0,0.0,0.0,0.0,0.0,0.0,0.01417004048582996,0.0
0,2019-02-12,한화솔루션,0.0,0.0,0.0,0.0,1.0,0.0,0.0,0.0,0.0,0.016129032258064516,0.0
0,2019-02-13,흥구석유,1.0,0.0,0.0,0.0,0.0,0.0,0.0,0.0,0.0,0.1,0.0
0,2019-02-13,미코,0.0,1.0,0.0,0.0,0.0,0.0,0.0,0.0,0.0,0.015132408575031526,0.0
0,2019-02-14,케이피엠테크,1.0,0.0,0.0,0.0,0.0,0.0,0.0,0.0,0.0,0.1,0.0
0,2019-02-14,기아차,0.0,1.0,0.0,0.0,0.0,0.0,0.0,0.0,0.0,0.02097902097902098,0.0
0,2019-02-14,미래에셋대우,0.0,1.0,0.0,0.0,0.0,0.0,0.0,0.0,0.0,0.020242914979757085,0.0
0,2019-02-14,현대로템,0.0,0.0,0.0,0.0,0.0,0.0,0.0,0.0,1.0,0.0035460992907801418,0.0
0,2019-02-15,우수AMS,0.0,1.0,0.0,0.0,0.0,0.0,0.0,0.0,0.0,0.033707865168539325,0.0
0,2019-02-15,헬릭스미스,0.0,1.0,0.0,0.0,0.0,0.0,0.0,0.0,0.0,0.016779476230494923,0.0
0,2019-02-15,일신석재,1.0,0.0,0.0,0.0,0.0,0.0,0.0,0.0,0.0,0.1,0.0
0,2019-02-18,토박스코리아,1.0,0.0,0.0,0.0,0.0,0.0,0.0,0.0,0.0,0.1,0.0
0,2019-02-18,대아티아이,0.0,0.0,0.0,0.0,0.0,0.0,0.0,0.0,1.0,-0.014783526927138331,0.0
0,2019-02-18,디피씨,0.0,1.0,0.0,0.0,0.0,0.0,0.0,0.0,0.0,0.02037617554858934,0.0
0,2019-02-18,한화솔루션,0.0,1.0,0.0,0.0,0.0,0.0,0.0,0.0,0.0,0.02122641509433962,0.0
0,2019-02-19,뉴로스,1.0,0.0,0.0,0.0,0.0,0.0,0.0,0.0,0.0,0.1,0.0
0,2019-02-20,하나금융지주,0.0,0.0,0.0,0.0,0.0,0.0,0.0,0.0,1.0,0.0,0.0
0,2019-02-20,한국전력,0.0,1.0,0.0,0.0,0.0,0.0,0.0,0.0,0.0,0.012121212121212121,0.0
0,2019-02-20,만도,0.0,1.0,0.0,0.0,0.0,0.0,0.0,0.0,0.0,0.024311183144246355,0.0
0,2019-02-21,대아티아이,0.0,0.0,0.0,0.0,0.0,1.0,0.0,0.0,0.0,-0.030010718113612004,0.0
0,2019-02-22,일신석재,0.0,1.0,0.0,0.0,0.0,0.0,0.0,0.0,0.0,0.03751803751803752,0.0
0,2019-02-22,넥슨지티,1.0,0.0,0.0,0.0,0.0,0.0,0.0,0.0,0.0,0.1,0.0
0,2019-02-25,일진머티리얼즈,0.0,1.0,0.0,0.0,0.0,0.0,0.0,0.0,0.0,0.011890606420927468,0.0
0,2019-02-25,이엠코리아,0.0,1.0,0.0,0.0,0.0,0.0,0.0,0.0,0.0,0.04024390243902439,0.0
0,2019-02-26,현대로템,0.0,1.0,0.0,0.0,0.0,0.0,0.0,0.0,0.0,0.044722719141323794,0.0
0,2019-02-26,오르비텍,0.0,1.0,0.0,0.0,0.0,0.0,0.0,0.0,0.0,0.07131011608623548,0.0
0,2019-02-26,HMM,0.0,0.0,0.0,0.0,1.0,0.0,0.0,0.0,0.0,0.013793103448275862,0.0
0,2019-02-26,현대건설,0.0,1.0,0.0,0.0,0.0,0.0,0.0,0.0,0.0,0.014657980456026058,0.0
0,2019-02-26,일신석재,1.0,0.0,0.0,0.0,0.0,0.0,0.0,0.0,0.0,0.1,0.0
0,2019-02-27,헬릭스미스,0.0,0.0,0.0,0.0,0.0,0.0,0.0,1.0,0.0,0.03303567898515117,0.0
0,2019-02-27,SK이노베이션,0.0,1.0,0.0,0.0,0.0,0.0,0.0,0.0,0.0,0.03867403314917127,0.0
0,2019-02-27,LG전자,0.0,1.0,0.0,0.0,0.0,0.0,0.0,0.0,0.0,0.024113475177304965,0.0
0,2019-03-04,풍강,1.0,0.0,0.0,0.0,0.0,0.0,0.0,0.0,0.0,0.1,0.0
0,2019-03-04,디피씨,0.0,1.0,0.0,0.0,0.0,0.0,0.0,0.0,0.0,0.08280254777070063,0.0
0,2019-03-04,LG전자,0.0,0.0,0.0,0.0,1.0,0.0,0.0,0.0,0.0,0.011347517730496455,0.0
0,2019-03-04,YBM넷,1.0,0.0,0.0,0.0,0.0,0.0,0.0,0.0,0.0,0.1,0.0
0,2019-03-06,성호전자,1.0,0.0,0.0,0.0,0.0,0.0,0.0,0.0,0.0,0.1,0.0
0,2019-03-06,한화솔루션,0.0,0.0,0.0,0.0,0.0,0.0,0.0,0.0,1.0,-0.028017241379310345,0.0
0,2019-03-07,코디엠,0.0,1.0,0.0,0.0,0.0,0.0,0.0,0.0,0.0,0.023036649214659685,0.0
0,2019-03-07,삼성전자,0.0,1.0,0.0,0.0,0.0,0.0,0.0,0.0,0.0,0.010227272727272727,0.0
0,2019-03-08,제넥신,0.0,1.0,0.0,0.0,0.0,0.0,0.0,0.0,0.0,0.02522935779816514,0.0
0,2019-03-11,신한지주,0.0,1.0,0.0,0.0,0.0,0.0,0.0,0.0,0.0,0.02142857142857143,0.0
0,2019-03-11,한국항공우주,0.0,0.0,0.0,0.0,0.0,0.0,0.0,0.0,1.0,-0.013642564802182811,0.0
0,2019-03-11,헬릭스미스,0.0,1.0,0.0,0.0,0.0,0.0,0.0,0.0,0.0,0.023445221998181314,0.0
0,2019-03-11,삼성중공업,0.0,1.0,0.0,0.0,0.0,0.0,0.0,0.0,0.0,0.027586206896551724,0.0
0,2019-03-11,디피씨,0.0,1.0,0.0,0.0,0.0,0.0,0.0,0.0,0.0,0.03125,0.0
0,2019-03-12,부방,0.0,1.0,0.0,0.0,0.0,0.0,0.0,0.0,0.0,0.021630615640599003,0.0
0,2019-03-12,로스웰,1.0,0.0,0.0,0.0,0.0,0.0,0.0,0.0,0.0,0.1,0.0
0,2019-03-15,로스웰,1.0,0.0,0.0,0.0,0.0,0.0,0.0,0.0,0.0,0.1,0.0
0,2019-03-18,미코,0.0,1.0,0.0,0.0,0.0,0.0,0.0,0.0,0.0,0.06195965417867435,0.0
0,2019-03-18,한창,1.0,0.0,0.0,0.0,0.0,0.0,0.0,0.0,0.0,0.1,0.0
0,2019-03-18,테라젠이텍스,0.0,0.0,0.0,0.0,1.0,0.0,0.0,0.0,0.0,0.011278195488721804,0.0
0,2019-03-18,라온시큐어,1.0,0.0,0.0,0.0,0.0,0.0,0.0,0.0,0.0,0.1,0.0
0,2019-03-18,바이넥스,0.0,1.0,0.0,0.0,0.0,0.0,0.0,0.0,0.0,0.032388663967611336,0.0
0,2019-03-19,웰크론,0.0,1.0,0.0,0.0,0.0,0.0,0.0,0.0,0.0,0.013544018058690745,0.0
0,2019-03-19,엘비세미콘,0.0,1.0,0.0,0.0,0.0,0.0,0.0,0.0,0.0,0.05271084337349398,0.0
0,2019-03-20,금호석유,0.0,0.0,0.0,0.0,0.0,0.0,0.0,0.0,1.0,-0.02,0.0
0,2019-03-22,웰크론,1.0,0.0,0.0,0.0,0.0,0.0,0.0,0.0,0.0,0.1,0.0
0,2019-03-25,미코,0.0,1.0,0.0,0.0,0.0,0.0,0.0,0.0,0.0,0.015602836879432624,0.0
0,2019-03-26,아모레퍼시픽,0.0,1.0,0.0,0.0,0.0,0.0,0.0,0.0,0.0,0.023936170212765957,0.0
0,2019-03-26,헬릭스미스,0.0,1.0,0.0,0.0,0.0,0.0,0.0,0.0,0.0,0.054514789676799735,0.0
0,2019-03-26,디피씨,0.0,1.0,0.0,0.0,0.0,0.0,0.0,0.0,0.0,0.0636604774535809,0.0
0,2019-03-27,현대약품,1.0,0.0,0.0,0.0,0.0,0.0,0.0,0.0,0.0,0.1,0.0
0,2019-03-29,강원랜드,0.0,1.0,0.0,0.0,0.0,0.0,0.0,0.0,0.0,0.015873015873015872,0.0
0,2019-04-02,신일전자,0.0,1.0,0.0,0.0,0.0,0.0,0.0,0.0,0.0,0.04987531172069826,0.0
0,2019-04-02,KC코트렐,0.0,1.0,0.0,0.0,0.0,0.0,0.0,0.0,0.0,0.05006765899864682,0.0
0,2019-04-03,웰크론,0.0,1.0,0.0,0.0,0.0,0.0,0.0,0.0,0.0,0.02459016393442623,0.0
0,2019-04-04,휠라홀딩스,0.0,1.0,0.0,0.0,0.0,0.0,0.0,0.0,0.0,0.019337016574585635,0.0
0,2019-04-10,위닉스,0.0,0.0,0.0,0.0,1.0,0.0,0.0,0.0,0.0,0.0162748643761302,0.0
0,2019-04-10,한창,0.0,1.0,0.0,0.0,0.0,0.0,0.0,0.0,0.0,0.02311950504721589,0.0
0,2019-04-10,우리기술투자,0.0,1.0,0.0,0.0,0.0,0.0,0.0,0.0,0.0,0.019444444444444445,0.0
0,2019-04-11,디피씨,0.0,0.0,0.0,0.0,0.0,0.0,1.0,0.0,0.0,0.05,0.0
0,2019-04-12,메리츠증권,0.0,1.0,0.0,0.0,0.0,0.0,0.0,0.0,0.0,0.03564356435643564,0.0
0,2019-04-12,크리스탈신소재,1.0,0.0,0.0,0.0,0.0,0.0,0.0,0.0,0.0,0.1,0.0
0,2019-04-12,JYP Ent.,0.0,0.0,0.0,0.0,0.0,0.0,0.0,0.0,1.0,-0.001584786053882726,0.0
0,2019-04-12,에이루트,0.0,1.0,0.0,0.0,0.0,0.0,0.0,0.0,0.0,0.06179429275302813,0.0
0,2019-04-15,위닉스,0.0,0.0,0.0,0.0,0.0,1.0,0.0,0.0,0.0,-0.03441682600382409,0.0
0,2019-04-15,하나금융지주,0.0,0.0,0.0,0.0,0.0,0.0,0.0,0.0,1.0,-0.007731958762886598,0.0
0,2019-04-15,LG전자,0.0,0.0,0.0,0.0,1.0,0.0,0.0,0.0,0.0,0.025,0.0
0,2019-04-15,한화솔루션,0.0,0.0,0.0,0.0,0.0,0.0,0.0,0.0,1.0,-0.004405286343612335,0.0
0,2019-04-15,코스나인,0.0,1.0,0.0,0.0,0.0,0.0,0.0,0.0,0.0,0.04769091457893148,0.0
0,2019-04-17,한화솔루션,0.0,0.0,0.0,0.0,0.0,1.0,0.0,0.0,0.0,-0.0420353982300885,0.0
0,2019-04-17,테스,0.0,1.0,0.0,0.0,0.0,0.0,0.0,0.0,0.0,0.034574468085106384,0.0
0,2019-04-18,우리기술투자,1.0,0.0,0.0,0.0,0.0,0.0,0.0,0.0,0.0,0.1,0.0
0,2019-04-18,젬백스,1.0,0.0,0.0,0.0,0.0,0.0,0.0,0.0,0.0,0.1,0.0
0,2019-04-18,호텔신라,0.0,0.0,0.0,0.0,1.0,0.0,0.0,0.0,0.0,0.014634146341463415,0.0
0,2019-04-19,엘비세미콘,0.0,0.0,0.0,0.0,0.0,0.0,1.0,0.0,0.0,0.05,0.0
0,2019-04-22,한진칼,0.0,1.0,0.0,0.0,0.0,0.0,0.0,0.0,0.0,0.04078947368421053,0.0
0,2019-04-22,한창,0.0,1.0,0.0,0.0,0.0,0.0,0.0,0.0,0.0,0.023930384336475707,0.0
0,2019-04-22,휠라홀딩스,0.0,0.0,0.0,0.0,1.0,0.0,0.0,0.0,0.0,0.03669724770642202,0.0
0,2019-04-23,금호산업,0.0,1.0,0.0,0.0,0.0,0.0,0.0,0.0,0.0,0.017857142857142856,0.0
0,2019-04-23,실리콘웍스,0.0,1.0,0.0,0.0,0.0,0.0,0.0,0.0,0.0,0.024742268041237112,0.0
0,2019-04-23,대한항공,0.0,0.0,0.0,0.0,0.0,0.0,0.0,0.0,1.0,-0.0398380621895625,0.0
0,2019-04-23,LG전자,0.0,0.0,0.0,0.0,0.0,0.0,0.0,1.0,0.0,0.047619047619047616,0.0
0,2019-04-23,고려산업,1.0,0.0,0.0,0.0,0.0,0.0,0.0,0.0,0.0,0.1,0.0
0,2019-04-25,테스,0.0,1.0,0.0,0.0,0.0,0.0,0.0,0.0,0.0,0.04120879120879121,0.0
0,2019-04-25,원익IPS,0.0,1.0,0.0,0.0,0.0,0.0,0.0,0.0,0.0,0.02247191011235955,0.0
0,2019-04-26,MP한강,0.0,1.0,0.0,0.0,0.0,0.0,0.0,0.0,0.0,0.051515151515151514,0.0
0,2019-04-26,한진칼,0.0,0.0,0.0,0.0,0.0,0.0,1.0,0.0,0.0,0.05,0.0
0,2019-04-26,KC코트렐,0.0,1.0,0.0,0.0,0.0,0.0,0.0,0.0,0.0,0.0350109409190372,0.0
0,2019-04-26,미래에셋대우,0.0,0.0,0.0,0.0,1.0,0.0,0.0,0.0,0.0,0.015483870967741935,0.0
0,2019-04-29,SM Life Design,1.0,0.0,0.0,0.0,0.0,0.0,0.0,0.0,0.0,0.1,0.0
0,2019-04-29,제주반도체,0.0,1.0,0.0,0.0,0.0,0.0,0.0,0.0,0.0,0.08760951188986232,0.0
0,2019-04-29,셀트리온,0.0,1.0,0.0,0.0,0.0,0.0,0.0,0.0,0.0,0.018865035976907616,0.0
0,2019-04-30,한진칼,0.0,1.0,0.0,0.0,0.0,0.0,0.0,0.0,0.0,0.0335195530726257,0.0
0,2019-04-30,엘비세미콘,0.0,1.0,0.0,0.0,0.0,0.0,0.0,0.0,0.0,0.035398230088495575,0.0
0,2019-04-30,아시아나항공,1.0,0.0,0.0,0.0,0.0,0.0,0.0,0.0,0.0,0.1,0.0
0,2019-05-02,아모레퍼시픽,0.0,1.0,0.0,0.0,0.0,0.0,0.0,0.0,0.0,0.021634615384615384,0.0
0,2019-05-02,유니온머티리얼,1.0,0.0,0.0,0.0,0.0,0.0,0.0,0.0,0.0,0.1,0.0
0,2019-05-03,CJ씨푸드,1.0,0.0,0.0,0.0,0.0,0.0,0.0,0.0,0.0,0.1,0.0
0,2019-05-03,마니커,0.0,1.0,0.0,0.0,0.0,0.0,0.0,0.0,0.0,0.02564102564102564,0.0
0,2019-05-10,호텔신라,0.0,1.0,0.0,0.0,0.0,0.0,0.0,0.0,0.0,0.0430622009569378,0.0
0,2019-05-10,CMG제약,0.0,0.0,0.0,0.0,0.0,0.0,0.0,0.0,1.0,-0.009054537797431038,0.0
0,2019-05-10,네패스,0.0,1.0,0.0,0.0,0.0,0.0,0.0,0.0,0.0,0.06852791878172589,0.0
0,2019-05-13,CJ씨푸드,1.0,0.0,0.0,0.0,0.0,0.0,0.0,0.0,0.0,0.1,0.0
0,2019-05-14,아남전자,0.0,0.0,0.0,0.0,1.0,0.0,0.0,0.0,0.0,0.0219435736677116,0.0
0,2019-05-14,마니커,0.0,1.0,0.0,0.0,0.0,0.0,0.0,0.0,0.0,0.0605759682224429,0.0
0,2019-05-15,기가레인,1.0,0.0,0.0,0.0,0.0,0.0,0.0,0.0,0.0,0.1,0.0
0,2019-05-17,아이에이,0.0,0.0,0.0,0.0,0.0,1.0,0.0,0.0,0.0,-0.1113892365456821,0.0
0,2019-05-17,태림포장,0.0,1.0,0.0,0.0,0.0,0.0,0.0,0.0,0.0,0.010189228529839884,0.0
0,2019-05-20,현대차,0.0,1.0,0.0,0.0,0.0,0.0,0.0,0.0,0.0,0.027888446215139442,0.0
0,2019-05-21,오리엔트바이오,0.0,1.0,0.0,0.0,0.0,0.0,0.0,0.0,0.0,0.02846715328467153,0.0
0,2019-05-21,유니온머티리얼,1.0,0.0,0.0,0.0,0.0,0.0,0.0,0.0,0.0,0.1,0.0
0,2019-05-22,호텔신라,0.0,1.0,0.0,0.0,0.0,0.0,0.0,0.0,0.0,0.022564102564102566,0.0
0,2019-05-22,에이스테크,0.0,1.0,0.0,0.0,0.0,0.0,0.0,0.0,0.0,0.03297997644287397,0.0
0,2019-05-23,기아차,0.0,0.0,0.0,0.0,0.0,0.0,0.0,1.0,0.0,0.012150668286755772,0.0
0,2019-05-24,SCI평가정보,1.0,0.0,0.0,0.0,0.0,0.0,0.0,0.0,0.0,0.1,0.0
0,2019-05-27,우리기술투자,1.0,0.0,0.0,0.0,0.0,0.0,0.0,0.0,0.0,0.1,0.0
0,2019-05-28,KB금융,0.0,0.0,0.0,0.0,0.0,0.0,0.0,0.0,1.0,-0.024043715846994537,0.0
0,2019-05-28,에이루트,0.0,0.0,0.0,0.0,0.0,1.0,0.0,0.0,0.0,-0.047650916878597245,0.0
0,2019-05-28,동진쎄미켐,0.0,1.0,0.0,0.0,0.0,0.0,0.0,0.0,0.0,0.06944444444444445,0.0
0,2019-05-30,우리기술투자,0.0,1.0,0.0,0.0,0.0,0.0,0.0,0.0,0.0,0.016774193548387096,0.0
0,2019-05-30,신일전자,0.0,0.0,0.0,0.0,0.0,0.0,0.0,0.0,1.0,0.0,0.0
0,2019-05-30,라이브플렉스,0.0,1.0,0.0,0.0,0.0,0.0,0.0,0.0,0.0,0.0175054704595186,0.0
0,2019-05-30,휠라홀딩스,0.0,0.0,0.0,0.0,0.0,0.0,0.0,0.0,1.0,-0.06102117061021171,0.0
0,2019-05-31,엘비세미콘,0.0,1.0,0.0,0.0,0.0,0.0,0.0,0.0,0.0,0.015151515151515152,0.0
0,2019-06-04,맥쿼리인프라,0.0,0.0,0.0,0.0,0.0,0.0,0.0,0.0,1.0,-0.012605042016806723,0.0
0,2019-06-05,SFA반도체,0.0,1.0,0.0,0.0,0.0,0.0,0.0,0.0,0.0,0.027633851468048358,0.0
0,2019-06-05,국일제지,0.0,0.0,0.0,0.0,0.0,1.0,0.0,0.0,0.0,-0.04871447902571042,0.0
0,2019-06-07,인콘,0.0,1.0,0.0,0.0,0.0,0.0,0.0,0.0,0.0,0.01686226898691488,0.0
0,2019-06-07,유니온,0.0,0.0,0.0,0.0,1.0,0.0,0.0,0.0,0.0,0.03747870528109029,0.0
0,2019-06-10,유니온머티리얼,1.0,0.0,0.0,0.0,0.0,0.0,0.0,0.0,0.0,0.1,0.0
0,2019-06-10,국일제지,0.0,0.0,0.0,1.0,0.0,0.0,0.0,0.0,0.0,0.075,0.0
0,2019-06-11,씨젠,0.0,1.0,0.0,0.0,0.0,0.0,0.0,0.0,0.0,0.04642857142857143,0.0
0,2019-06-12,유니온,0.0,1.0,0.0,0.0,0.0,0.0,0.0,0.0,0.0,0.016835016835016835,0.0
0,2019-06-13,일진머티리얼즈,0.0,1.0,0.0,0.0,0.0,0.0,0.0,0.0,0.0,0.03385049365303244,0.0
0,2019-06-13,에이디칩스,1.0,0.0,0.0,0.0,0.0,0.0,0.0,0.0,0.0,0.1,0.0
0,2019-06-13,바른손이앤에이,0.0,1.0,0.0,0.0,0.0,0.0,0.0,0.0,0.0,0.0136986301369863,0.0
0,2019-06-17,네패스,0.0,1.0,0.0,0.0,0.0,0.0,0.0,0.0,0.0,0.028985507246376812,0.0
0,2019-06-17,이엠코리아,1.0,0.0,0.0,0.0,0.0,0.0,0.0,0.0,0.0,0.1,0.0
0,2019-06-17,미코,1.0,0.0,0.0,0.0,0.0,0.0,0.0,0.0,0.0,0.1,0.0
0,2019-06-17,대창,0.0,1.0,0.0,0.0,0.0,0.0,0.0,0.0,0.0,0.04395604395604396,0.0
0,2019-06-19,한국조선해양,0.0,1.0,0.0,0.0,0.0,0.0,0.0,0.0,0.0,0.021367521367521368,0.0
0,2019-06-19,남선알미늄,0.0,0.0,0.0,0.0,0.0,0.0,0.0,0.0,1.0,-0.028132992327365727,0.0
0,2019-06-19,국일제지,0.0,1.0,0.0,0.0,0.0,0.0,0.0,0.0,0.0,0.016574585635359115,0.0
0,2019-06-19,인콘,0.0,1.0,0.0,0.0,0.0,0.0,0.0,0.0,0.0,0.03802281368821293,0.0
0,2019-06-20,우리기술투자,0.0,1.0,0.0,0.0,0.0,0.0,0.0,0.0,0.0,0.046753246753246755,0.0
0,2019-06-20,파워로직스,0.0,1.0,0.0,0.0,0.0,0.0,0.0,0.0,0.0,0.05019305019305019,0.0
0,2019-06-20,에스엠,0.0,1.0,0.0,0.0,0.0,0.0,0.0,0.0,0.0,0.016968325791855202,0.0
0,2019-06-20,포비스티앤씨,1.0,0.0,0.0,0.0,0.0,0.0,0.0,0.0,0.0,0.1,0.0
0,2019-06-24,오픈베이스,0.0,1.0,0.0,0.0,0.0,0.0,0.0,0.0,0.0,0.026604068857589983,0.0
0,2019-06-24,옴니시스템,1.0,0.0,0.0,0.0,0.0,0.0,0.0,0.0,0.0,0.1,0.0
0,2019-06-26,라온시큐어,0.0,1.0,0.0,0.0,0.0,0.0,0.0,0.0,0.0,0.022566995768688293,0.0
0,2019-06-26,쏠리드,0.0,1.0,0.0,0.0,0.0,0.0,0.0,0.0,0.0,0.010968921389396709,0.0
0,2019-06-26,알서포트,0.0,1.0,0.0,0.0,0.0,0.0,0.0,0.0,0.0,0.02557544757033248,0.0
0,2019-06-27,호텔신라,0.0,1.0,0.0,0.0,0.0,0.0,0.0,0.0,0.0,0.038135593220338986,0.0
0,2019-06-28,유니온머티리얼,1.0,0.0,0.0,0.0,0.0,0.0,0.0,0.0,0.0,0.1,0.0
0,2019-06-28,퓨쳐스트림네트웍스,0.0,1.0,0.0,0.0,0.0,0.0,0.0,0.0,0.0,0.0219435736677116,0.0
0,2019-06-28,일신석재,0.0,1.0,0.0,0.0,0.0,0.0,0.0,0.0,0.0,0.038834951456310676,0.0
0,2019-06-28,쏠리드,0.0,1.0,0.0,0.0,0.0,0.0,0.0,0.0,0.0,0.045871559633027525,0.0
0,2019-06-28,네패스,0.0,1.0,0.0,0.0,0.0,0.0,0.0,0.0,0.0,0.04560260586319218,0.0
0,2019-07-02,부방,0.0,1.0,0.0,0.0,0.0,0.0,0.0,0.0,0.0,0.06571428571428571,0.0
0,2019-07-02,드림시큐리티,1.0,0.0,0.0,0.0,0.0,0.0,0.0,0.0,0.0,0.1,0.0
0,2019-07-02,흥구석유,0.0,1.0,0.0,0.0,0.0,0.0,0.0,0.0,0.0,0.04411764705882353,0.0
0,2019-07-03,현대차,0.0,0.0,0.0,0.0,1.0,0.0,0.0,0.0,0.0,0.014598540145985401,0.0
0,2019-07-04,삼성전자,0.0,1.0,0.0,0.0,0.0,0.0,0.0,0.0,0.0,0.013215859030837005,0.0
0,2019-07-04,기아차,0.0,1.0,0.0,0.0,0.0,0.0,0.0,0.0,0.0,0.024009603841536616,0.0
0,2019-07-04,KB금융,0.0,0.0,0.0,0.0,0.0,0.0,0.0,0.0,1.0,-0.03218645948945616,0.0
0,2019-07-04,한국금융지주,0.0,1.0,0.0,0.0,0.0,0.0,0.0,0.0,0.0,0.03201024327784891,0.0
0,2019-07-04,비덴트,0.0,0.0,0.0,0.0,0.0,1.0,0.0,0.0,0.0,-0.039239001189060645,0.0
0,2019-07-05,한창,1.0,0.0,0.0,0.0,0.0,0.0,0.0,0.0,0.0,0.1,0.0
0,2019-07-05,로보로보,1.0,0.0,0.0,0.0,0.0,0.0,0.0,0.0,0.0,0.1,0.0
0,2019-07-09,로보로보,0.0,1.0,0.0,0.0,0.0,0.0,0.0,0.0,0.0,0.026016260162601626,0.0
0,2019-07-10,삼성증권,0.0,0.0,0.0,0.0,1.0,0.0,0.0,0.0,0.0,0.0228494623655914,0.0
0,2019-07-10,알에프텍,1.0,0.0,0.0,0.0,0.0,0.0,0.0,0.0,0.0,0.1,0.0
0,2019-07-10,고려산업,1.0,0.0,0.0,0.0,0.0,0.0,0.0,0.0,0.0,0.1,0.0
0,2019-07-11,KPX생명과학,1.0,0.0,0.0,0.0,0.0,0.0,0.0,0.0,0.0,0.1,0.0
0,2019-07-11,후성,1.0,0.0,0.0,0.0,0.0,0.0,0.0,0.0,0.0,0.1,0.0
0,2019-07-12,릭스솔루션,1.0,0.0,0.0,0.0,0.0,0.0,0.0,0.0,0.0,0.1,0.0
0,2019-07-15,한화솔루션,0.0,1.0,0.0,0.0,0.0,0.0,0.0,0.0,0.0,0.018604651162790697,0.0
0,2019-07-16,신성통상,1.0,0.0,0.0,0.0,0.0,0.0,0.0,0.0,0.0,0.1,0.0
0,2019-07-17,로보로보,0.0,0.0,0.0,0.0,0.0,0.0,0.0,0.0,1.0,-0.00528169014084507,0.0
0,2019-07-17,OQP,0.0,1.0,0.0,0.0,0.0,0.0,0.0,0.0,0.0,0.06388888888888888,0.0
0,2019-07-17,세미콘라이트,0.0,0.0,0.0,0.0,1.0,0.0,0.0,0.0,0.0,0.02,0.0
0,2019-07-17,엘비세미콘,0.0,1.0,0.0,0.0,0.0,0.0,0.0,0.0,0.0,0.028985507246376812,0.0
0,2019-07-18,에이스테크,0.0,1.0,0.0,0.0,0.0,0.0,0.0,0.0,0.0,0.03482587064676617,0.0
0,2019-07-18,남성,0.0,1.0,0.0,0.0,0.0,0.0,0.0,0.0,0.0,0.02389937106918239,0.0
0,2019-07-19,엘비세미콘,0.0,0.0,0.0,0.0,0.0,0.0,0.0,0.0,1.0,-0.04326923076923077,0.0
0,2019-07-23,엑사이엔씨,1.0,0.0,0.0,0.0,0.0,0.0,0.0,0.0,0.0,0.1,0.0
0,2019-07-25,일신석재,0.0,1.0,0.0,0.0,0.0,0.0,0.0,0.0,0.0,0.02079722703639515,0.0
0,2019-07-26,OQP,1.0,0.0,0.0,0.0,0.0,0.0,0.0,0.0,0.0,0.1,0.0
0,2019-07-30,SK하이닉스,0.0,1.0,0.0,0.0,0.0,0.0,0.0,0.0,0.0,0.024675324675324677,0.0
0,2019-08-01,동진쎄미켐,0.0,1.0,0.0,0.0,0.0,0.0,0.0,0.0,0.0,0.047619047619047616,0.0
0,2019-08-01,후성,0.0,0.0,0.0,0.0,1.0,0.0,0.0,0.0,0.0,0.0259009009009009,0.0
0,2019-08-06,엑사이엔씨,0.0,0.0,0.0,1.0,0.0,0.0,0.0,0.0,0.0,0.075,0.0
0,2019-08-07,후성,0.0,1.0,0.0,0.0,0.0,0.0,0.0,0.0,0.0,0.05074971164936563,0.0
0,2019-08-07,크리스탈신소재,1.0,0.0,0.0,0.0,0.0,0.0,0.0,0.0,0.0,0.1,0.0
0,2019-08-07,국일제지,1.0,0.0,0.0,0.0,0.0,0.0,0.0,0.0,0.0,0.1,0.0
0,2019-08-08,이트론,1.0,0.0,0.0,0.0,0.0,0.0,0.0,0.0,0.0,0.1,0.0
0,2019-08-09,SK하이닉스,0.0,1.0,0.0,0.0,0.0,0.0,0.0,0.0,0.0,0.013831258644536652,0.0
0,2019-08-13,아진산업,0.0,1.0,0.0,0.0,0.0,0.0,0.0,0.0,0.0,0.03814262023217247,0.0
0,2019-08-19,만도,0.0,1.0,0.0,0.0,0.0,0.0,0.0,0.0,0.0,0.020061728395061727,0.0
0,2019-08-20,태경비케이,0.0,1.0,0.0,0.0,0.0,0.0,0.0,0.0,0.0,0.017195767195767195,0.0
0,2019-08-20,엑사이엔씨,0.0,1.0,0.0,0.0,0.0,0.0,0.0,0.0,0.0,0.0311284046692607,0.0
0,2019-08-20,동진쎄미켐,0.0,0.0,0.0,0.0,0.0,0.0,0.0,0.0,1.0,-0.017241379310344827,0.0
0,2019-08-22,신성통상,0.0,1.0,0.0,0.0,0.0,0.0,0.0,0.0,0.0,0.05583756345177665,0.0
0,2019-08-22,이월드,0.0,1.0,0.0,0.0,0.0,0.0,0.0,0.0,0.0,0.06917293233082707,0.0
0,2019-08-26,CJ씨푸드,0.0,1.0,0.0,0.0,0.0,0.0,0.0,0.0,0.0,0.013313609467455622,0.0
0,2019-08-27,헬릭스미스,0.0,0.0,0.0,0.0,1.0,0.0,0.0,0.0,0.0,0.04548673610906194,0.0
0,2019-08-27,동진쎄미켐,0.0,1.0,0.0,0.0,0.0,0.0,0.0,0.0,0.0,0.017793594306049824,0.0
0,2019-08-27,엑사이엔씨,0.0,0.0,0.0,1.0,0.0,0.0,0.0,0.0,0.0,0.075,0.0
0,2019-08-27,남성,1.0,0.0,0.0,0.0,0.0,0.0,0.0,0.0,0.0,0.1,0.0
0,2019-08-27,고려산업,0.0,1.0,0.0,0.0,0.0,0.0,0.0,0.0,0.0,0.056572379367720464,0.0
0,2019-08-28,네패스,0.0,1.0,0.0,0.0,0.0,0.0,0.0,0.0,0.0,0.04451510333863275,0.0
0,2019-08-28,미스터블루,1.0,0.0,0.0,0.0,0.0,0.0,0.0,0.0,0.0,0.1,0.0
0,2019-08-29,태림포장,0.0,1.0,0.0,0.0,0.0,0.0,0.0,0.0,0.0,0.02074074074074074,0.0
0,2019-08-30,컬러레이,1.0,0.0,0.0,0.0,0.0,0.0,0.0,0.0,0.0,0.1,0.0
0,2019-08-30,CJ씨푸드,1.0,0.0,0.0,0.0,0.0,0.0,0.0,0.0,0.0,0.1,0.0
0,2019-08-30,쏠리드,1.0,0.0,0.0,0.0,0.0,0.0,0.0,0.0,0.0,0.1,0.0
0,2019-09-02,후성,0.0,1.0,0.0,0.0,0.0,0.0,0.0,0.0,0.0,0.026373626373626374,0.0
0,2019-09-03,시노펙스,0.0,1.0,0.0,0.0,0.0,0.0,0.0,0.0,0.0,0.017350157728706624,0.0
0,2019-09-04,남성,0.0,1.0,0.0,0.0,0.0,0.0,0.0,0.0,0.0,0.06218274111675127,0.0
0,2019-09-05,엑사이엔씨,0.0,0.0,0.0,0.0,0.0,0.0,0.0,0.0,1.0,-0.06790123456790123,0.0
0,2019-09-09,제이씨케미칼,0.0,1.0,0.0,0.0,0.0,0.0,0.0,0.0,0.0,0.06041666666666667,0.0
0,2019-09-09,신성통상,1.0,0.0,0.0,0.0,0.0,0.0,0.0,0.0,0.0,0.1,0.0
0,2019-09-10,휘닉스소재,1.0,0.0,0.0,0.0,0.0,0.0,0.0,0.0,0.0,0.1,0.0
0,2019-09-10,우진,0.0,1.0,0.0,0.0,0.0,0.0,0.0,0.0,0.0,0.032758620689655175,0.0
0,2019-09-10,벽산,1.0,0.0,0.0,0.0,0.0,0.0,0.0,0.0,0.0,0.1,0.0
0,2019-09-10,만도,0.0,1.0,0.0,0.0,0.0,0.0,0.0,0.0,0.0,0.03654970760233918,0.0
0,2019-09-11,일진머티리얼즈,0.0,0.0,0.0,0.0,1.0,0.0,0.0,0.0,0.0,0.05037783375314862,0.0
0,2019-09-11,남성,1.0,0.0,0.0,0.0,0.0,0.0,0.0,0.0,0.0,0.1,0.0
0,2019-09-11,우리손에프앤지,0.0,1.0,0.0,0.0,0.0,0.0,0.0,0.0,0.0,0.03333333333333333,0.0
0,2019-09-11,보락,1.0,0.0,0.0,0.0,0.0,0.0,0.0,0.0,0.0,0.1,0.0
0,2019-09-11,헬릭스미스,0.0,1.0,0.0,0.0,0.0,0.0,0.0,0.0,0.0,0.050256776034236804,0.0
0,2019-09-17,삼성전기,0.0,0.0,0.0,0.0,0.0,0.0,1.0,0.0,0.0,0.05,0.0
0,2019-09-18,남선알미늄,0.0,1.0,0.0,0.0,0.0,0.0,0.0,0.0,0.0,0.02781456953642384,0.0
0,2019-09-19,KNN,1.0,0.0,0.0,0.0,0.0,0.0,0.0,0.0,0.0,0.1,0.0
0,2019-09-19,국일제지,0.0,1.0,0.0,0.0,0.0,0.0,0.0,0.0,0.0,0.03373015873015873,0.0
0,2019-09-19,엑사이엔씨,1.0,0.0,0.0,0.0,0.0,0.0,0.0,0.0,0.0,0.1,0.0
0,2019-09-23,우진,0.0,1.0,0.0,0.0,0.0,0.0,0.0,0.0,0.0,0.013582342954159592,0.0
0,2019-09-25,우리손에프앤지,1.0,0.0,0.0,0.0,0.0,0.0,0.0,0.0,0.0,0.1,0.0
0,2019-09-26,한창,0.0,1.0,0.0,0.0,0.0,0.0,0.0,0.0,0.0,0.02864417568427753,0.0
0,2019-09-26,현대엘리베이,0.0,1.0,0.0,0.0,0.0,0.0,0.0,0.0,0.0,0.026227602243195185,0.0
0,2019-09-26,대아티아이,0.0,0.0,0.0,0.0,1.0,0.0,0.0,0.0,0.0,0.01098901098901099,0.0
0,2019-09-26,일신석재,0.0,1.0,0.0,0.0,0.0,0.0,0.0,0.0,0.0,0.012162162162162163,0.0
0,2019-09-26,현대건설,0.0,1.0,0.0,0.0,0.0,0.0,0.0,0.0,0.0,0.014084507042253521,0.0
0,2019-09-27,컬러레이,1.0,0.0,0.0,0.0,0.0,0.0,0.0,0.0,0.0,0.1,0.0
0,2019-09-30,쏠리드,0.0,0.0,0.0,0.0,0.0,0.0,0.0,0.0,1.0,-0.013136288998357963,0.0
0,2019-09-30,흥구석유,0.0,1.0,0.0,0.0,0.0,0.0,0.0,0.0,0.0,0.03755868544600939,0.0
0,2019-09-30,한국항공우주,0.0,1.0,0.0,0.0,0.0,0.0,0.0,0.0,0.0,0.018229166666666668,0.0
0,2019-09-30,한창,0.0,0.0,0.0,0.0,1.0,0.0,0.0,0.0,0.0,0.011432200698634487,0.0
0,2019-09-30,현대건설,0.0,1.0,0.0,0.0,0.0,0.0,0.0,0.0,0.0,0.010917030567685589,0.0
0,2019-10-01,기가레인,1.0,0.0,0.0,0.0,0.0,0.0,0.0,0.0,0.0,0.1,0.0
0,2019-10-01,셀트리온제약,1.0,0.0,0.0,0.0,0.0,0.0,0.0,0.0,0.0,0.1,0.0
0,2019-10-02,대우부품,1.0,0.0,0.0,0.0,0.0,0.0,0.0,0.0,0.0,0.1,0.0
0,2019-10-02,태경비케이,0.0,1.0,0.0,0.0,0.0,0.0,0.0,0.0,0.0,0.05415860735009671,0.0
0,2019-10-02,일신석재,0.0,1.0,0.0,0.0,0.0,0.0,0.0,0.0,0.0,0.024861878453038673,0.0
0,2019-10-02,아난티,0.0,1.0,0.0,0.0,0.0,0.0,0.0,0.0,0.0,0.03731343283582089,0.0
0,2019-10-07,바이넥스,1.0,0.0,0.0,0.0,0.0,0.0,0.0,0.0,0.0,0.1,0.0
0,2019-10-07,삼성중공업,0.0,1.0,0.0,0.0,0.0,0.0,0.0,0.0,0.0,0.017015706806282723,0.0
0,2019-10-08,만도,0.0,1.0,0.0,0.0,0.0,0.0,0.0,0.0,0.0,0.04128440366972477,0.0
0,2019-10-10,에이루트,1.0,0.0,0.0,0.0,0.0,0.0,0.0,0.0,0.0,0.1,0.0
0,2019-10-14,한창,1.0,0.0,0.0,0.0,0.0,0.0,0.0,0.0,0.0,0.1,0.0
0,2019-10-16,국일제지,0.0,1.0,0.0,0.0,0.0,0.0,0.0,0.0,0.0,0.014613778705636743,0.0
0,2019-10-16,에이치엘비파워,1.0,0.0,0.0,0.0,0.0,0.0,0.0,0.0,0.0,0.1,0.0
0,2019-10-16,셀트리온제약,0.0,1.0,0.0,0.0,0.0,0.0,0.0,0.0,0.0,0.029508461787215695,0.0
0,2019-10-17,오성첨단소재,1.0,0.0,0.0,0.0,0.0,0.0,0.0,0.0,0.0,0.1,0.0
0,2019-10-21,셀트리온,0.0,0.0,0.0,0.0,1.0,0.0,0.0,0.0,0.0,0.05509376496172682,0.0
0,2019-10-21,NAVER,0.0,0.0,0.0,0.0,1.0,0.0,0.0,0.0,0.0,0.023255813953488372,0.0
0,2019-10-22,삼성중공업,0.0,1.0,0.0,0.0,0.0,0.0,0.0,0.0,0.0,0.0324254215304799,0.0
0,2019-10-22,파미셀,0.0,1.0,0.0,0.0,0.0,0.0,0.0,0.0,0.0,0.04024390243902439,0.0
0,2019-10-22,한창,0.0,1.0,0.0,0.0,0.0,0.0,0.0,0.0,0.0,0.07148407148407149,0.0
0,2019-10-22,SK하이닉스,0.0,1.0,0.0,0.0,0.0,0.0,0.0,0.0,0.0,0.02064516129032258,0.0
0,2019-10-23,신풍제약,1.0,0.0,0.0,0.0,0.0,0.0,0.0,0.0,0.0,0.1,0.0
0,2019-10-23,SM Life Design,0.0,1.0,0.0,0.0,0.0,0.0,0.0,0.0,0.0,0.0407673860911271,0.0
0,2019-10-24,LG전자,0.0,0.0,0.0,0.0,0.0,0.0,0.0,0.0,1.0,0.0029154518950437317,0.0
0,2019-10-24,네패스,0.0,1.0,0.0,0.0,0.0,0.0,0.0,0.0,0.0,0.03872053872053872,0.0
0,2019-10-28,명문제약,1.0,0.0,0.0,0.0,0.0,0.0,0.0,0.0,0.0,0.1,0.0
0,2019-10-28,남선알미늄,0.0,1.0,0.0,0.0,0.0,0.0,0.0,0.0,0.0,0.015235457063711912,0.0
0,2019-10-28,우리기술투자,1.0,0.0,0.0,0.0,0.0,0.0,0.0,0.0,0.0,0.1,0.0
0,2019-10-29,라이브파이낸셜,1.0,0.0,0.0,0.0,0.0,0.0,0.0,0.0,0.0,0.1,0.0
0,2019-10-31,국일제지,1.0,0.0,0.0,0.0,0.0,0.0,0.0,0.0,0.0,0.1,0.0
0,2019-11-04,원익IPS,0.0,1.0,0.0,0.0,0.0,0.0,0.0,0.0,0.0,0.043010752688172046,0.0
0,2019-11-06,우리넷,0.0,1.0,0.0,0.0,0.0,0.0,0.0,0.0,0.0,0.045283018867924525,0.0
0,2019-11-06,이월드,0.0,0.0,0.0,0.0,0.0,0.0,1.0,0.0,0.0,0.05,0.0
0,2019-11-07,에이치엘비파워,1.0,0.0,0.0,0.0,0.0,0.0,0.0,0.0,0.0,0.1,0.0
0,2019-11-08,이월드,1.0,0.0,0.0,0.0,0.0,0.0,0.0,0.0,0.0,0.1,0.0
0,2019-11-08,남선알미늄,0.0,1.0,0.0,0.0,0.0,0.0,0.0,0.0,0.0,0.02328589909443726,0.0
0,2019-11-12,동진쎄미켐,0.0,1.0,0.0,0.0,0.0,0.0,0.0,0.0,0.0,0.03870967741935484,0.0
0,2019-11-12,명문제약,0.0,1.0,0.0,0.0,0.0,0.0,0.0,0.0,0.0,0.013948497854077254,0.0
0,2019-11-12,메가엠디,0.0,1.0,0.0,0.0,0.0,0.0,0.0,0.0,0.0,0.0391644908616188,0.0
0,2019-11-12,금호산업,0.0,0.0,0.0,0.0,0.0,1.0,0.0,0.0,0.0,-0.033962264150943396,0.0
0,2019-11-12,국일제지,0.0,1.0,0.0,0.0,0.0,0.0,0.0,0.0,0.0,0.03963963963963964,0.0
0,2019-11-13,필룩스,0.0,1.0,0.0,0.0,0.0,0.0,0.0,0.0,0.0,0.010817307692307692,0.0
0,2019-11-14,비덴트,1.0,0.0,0.0,0.0,0.0,0.0,0.0,0.0,0.0,0.1,0.0
0,2019-11-14,우리기술투자,0.0,1.0,0.0,0.0,0.0,0.0,0.0,0.0,0.0,0.018487394957983194,0.0
0,2019-11-15,SDN,0.0,1.0,0.0,0.0,0.0,0.0,0.0,0.0,0.0,0.01079913606911447,0.0
0,2019-11-18,파라다이스,0.0,1.0,0.0,0.0,0.0,0.0,0.0,0.0,0.0,0.03978779840848806,0.0
0,2019-11-19,한창제지,0.0,1.0,0.0,0.0,0.0,0.0,0.0,0.0,0.0,0.018092105263157895,0.0
0,2019-11-19,일진머티리얼즈,0.0,1.0,0.0,0.0,0.0,0.0,0.0,0.0,0.0,0.040522875816993466,0.0
0,2019-11-19,라이브파이낸셜,1.0,0.0,0.0,0.0,0.0,0.0,0.0,0.0,0.0,0.1,0.0
0,2019-11-22,나노엔텍,1.0,0.0,0.0,0.0,0.0,0.0,0.0,0.0,0.0,0.1,0.0
0,2019-11-22,텔콘RF제약,0.0,1.0,0.0,0.0,0.0,0.0,0.0,0.0,0.0,0.030418250950570342,0.0
0,2019-11-22,SK하이닉스,0.0,0.0,0.0,0.0,0.0,0.0,0.0,1.0,0.0,0.0173053152039555,0.0
0,2019-11-25,삼성생명,0.0,1.0,0.0,0.0,0.0,0.0,0.0,0.0,0.0,0.013850415512465374,0.0
0,2019-11-25,오픈베이스,1.0,0.0,0.0,0.0,0.0,0.0,0.0,0.0,0.0,0.1,0.0
0,2019-11-25,삼성전기,0.0,1.0,0.0,0.0,0.0,0.0,0.0,0.0,0.0,0.027777777777777776,0.0
0,2019-11-25,필룩스,1.0,0.0,0.0,0.0,0.0,0.0,0.0,0.0,0.0,0.1,0.0
0,2019-11-26,에이프로젠제약,1.0,0.0,0.0,0.0,0.0,0.0,0.0,0.0,0.0,0.1,0.0
0,2019-11-26,SFA반도체,0.0,1.0,0.0,0.0,0.0,0.0,0.0,0.0,0.0,0.047619047619047616,0.0
0,2019-11-26,에이치엘비파워,0.0,0.0,0.0,0.0,0.0,1.0,0.0,0.0,0.0,-0.05722070844686648,0.0
0,2019-11-26,인스코비,1.0,0.0,0.0,0.0,0.0,0.0,0.0,0.0,0.0,0.1,0.0
0,2019-11-27,젬백스,0.0,0.0,0.0,0.0,1.0,0.0,0.0,0.0,0.0,0.056338028169014086,0.0
0,2019-11-29,한국팩키지,1.0,0.0,0.0,0.0,0.0,0.0,0.0,0.0,0.0,0.1,0.0
0,2019-11-29,SFA반도체,0.0,1.0,0.0,0.0,0.0,0.0,0.0,0.0,0.0,0.025423728813559324,0.0
0,2019-11-29,코리아나,1.0,0.0,0.0,0.0,0.0,0.0,0.0,0.0,0.0,0.1,0.0
0,2019-11-29,에스엠,0.0,1.0,0.0,0.0,0.0,0.0,0.0,0.0,0.0,0.04065040650406504,0.0
0,2019-11-29,파라다이스,0.0,1.0,0.0,0.0,0.0,0.0,0.0,0.0,0.0,0.010752688172043012,0.0
0,2019-12-02,CMG제약,0.0,1.0,0.0,0.0,0.0,0.0,0.0,0.0,0.0,0.024111675126903553,0.0
0,2019-12-02,하나금융지주,0.0,0.0,0.0,0.0,0.0,0.0,0.0,0.0,1.0,-0.006993006993006993,0.0
0,2019-12-02,에이치엘비파워,0.0,1.0,0.0,0.0,0.0,0.0,0.0,0.0,0.0,0.043076923076923075,0.0
0,2019-12-02,데일리블록체인,1.0,0.0,0.0,0.0,0.0,0.0,0.0,0.0,0.0,0.1,0.0
0,2019-12-03,신한지주,0.0,0.0,0.0,0.0,0.0,0.0,0.0,0.0,1.0,-0.0045871559633027525,0.0
0,2019-12-03,미스터블루,1.0,0.0,0.0,0.0,0.0,0.0,0.0,0.0,0.0,0.1,0.0
0,2019-12-04,젬백스,0.0,1.0,0.0,0.0,0.0,0.0,0.0,0.0,0.0,0.04602510460251046,0.0
0,2019-12-05,삼성제약,1.0,0.0,0.0,0.0,0.0,0.0,0.0,0.0,0.0,0.1,0.0
0,2019-12-06,국일제지,0.0,1.0,0.0,0.0,0.0,0.0,0.0,0.0,0.0,0.032423208191126277,0.0
0,2019-12-10,CMG제약,0.0,1.0,0.0,0.0,0.0,0.0,0.0,0.0,0.0,0.033647375504710635,0.0
0,2019-12-11,한국전력,0.0,1.0,0.0,0.0,0.0,0.0,0.0,0.0,0.0,0.012433392539964476,0.0
0,2019-12-12,필룩스,0.0,0.0,0.0,0.0,1.0,0.0,0.0,0.0,0.0,0.01876675603217158,0.0
0,2019-12-13,빅텍,0.0,1.0,0.0,0.0,0.0,0.0,0.0,0.0,0.0,0.04213938411669368,0.0
0,2019-12-13,한국전력,0.0,0.0,0.0,0.0,0.0,0.0,0.0,0.0,1.0,-0.003616636528028933,0.0
0,2019-12-16,마이더스AI,1.0,0.0,0.0,0.0,0.0,0.0,0.0,0.0,0.0,0.1,0.0
0,2019-12-17,한국전력,0.0,0.0,0.0,0.0,1.0,0.0,0.0,0.0,0.0,0.023679417122040074,0.0
0,2019-12-18,에이프로젠제약,0.0,1.0,0.0,0.0,0.0,0.0,0.0,0.0,0.0,0.021198830409356724,0.0
0,2019-12-20,한진칼,0.0,0.0,0.0,1.0,0.0,0.0,0.0,0.0,0.0,0.075,0.0
0,2019-12-20,KPX생명과학,1.0,0.0,0.0,0.0,0.0,0.0,0.0,0.0,0.0,0.1,0.0
0,2019-12-24,SDN,0.0,1.0,0.0,0.0,0.0,0.0,0.0,0.0,0.0,0.04621072088724584,0.0
0,2019-12-24,제이씨케미칼,1.0,0.0,0.0,0.0,0.0,0.0,0.0,0.0,0.0,0.1,0.0
0,2019-12-26,동진쎄미켐,0.0,1.0,0.0,0.0,0.0,0.0,0.0,0.0,0.0,0.025396825396825397,0.0
0,2019-12-26,알루코,1.0,0.0,0.0,0.0,0.0,0.0,0.0,0.0,0.0,0.1,0.0
0,2019-12-26,한국화장품,1.0,0.0,0.0,0.0,0.0,0.0,0.0,0.0,0.0,0.1,0.0
0,2019-12-26,서원,1.0,0.0,0.0,0.0,0.0,0.0,0.0,0.0,0.0,0.1,0.0
0,2019-12-26,넥스트아이,1.0,0.0,0.0,0.0,0.0,0.0,0.0,0.0,0.0,0.1,0.0
0,2019-12-30,주연테크,0.0,1.0,0.0,0.0,0.0,0.0,0.0,0.0,0.0,0.027079303675048357,0.0
0,2020-01-02,마이더스AI,1.0,0.0,0.0,0.0,0.0,0.0,0.0,0.0,0.0,0.1,0.0
0,2020-01-03,스페코,0.0,1.0,0.0,0.0,0.0,0.0,0.0,0.0,0.0,0.02313624678663239,0.0
0,2020-01-03,KB금융,0.0,1.0,0.0,0.0,0.0,0.0,0.0,0.0,0.0,0.01288936627282492,0.0
0,2020-01-07,LG디스플레이,0.0,1.0,0.0,0.0,0.0,0.0,0.0,0.0,0.0,0.021875,0.0
0,2020-01-07,셀트리온,0.0,1.0,0.0,0.0,0.0,0.0,0.0,0.0,0.0,0.028901734104046242,0.0
0,2020-01-07,삼성증권,0.0,0.0,0.0,0.0,0.0,0.0,0.0,0.0,1.0,0.0026666666666666666,0.0
0,2020-01-08,수산중공업,0.0,0.0,0.0,0.0,1.0,0.0,0.0,0.0,0.0,0.023305084745762712,0.0
0,2020-01-09,대한항공,0.0,1.0,0.0,0.0,0.0,0.0,0.0,0.0,0.0,0.04374119037875688,0.0
0,2020-01-09,삼성증권,0.0,1.0,0.0,0.0,0.0,0.0,0.0,0.0,0.0,0.012113055181695828,0.0
0,2020-01-09,동진쎄미켐,0.0,1.0,0.0,0.0,0.0,0.0,0.0,0.0,0.0,0.07051282051282051,0.0
0,2020-01-09,인스코비,1.0,0.0,0.0,0.0,0.0,0.0,0.0,0.0,0.0,0.1,0.0
0,2020-01-09,체시스,1.0,0.0,0.0,0.0,0.0,0.0,0.0,0.0,0.0,0.1,0.0
0,2020-01-13,네패스,0.0,1.0,0.0,0.0,0.0,0.0,0.0,0.0,0.0,0.04897959183673469,0.0
0,2020-01-14,파트론,0.0,1.0,0.0,0.0,0.0,0.0,0.0,0.0,0.0,0.027237354085603113,0.0
0,2020-01-14,제이씨케미칼,0.0,1.0,0.0,0.0,0.0,0.0,0.0,0.0,0.0,0.05519480519480519,0.0
0,2020-01-16,루미마이크로,0.0,1.0,0.0,0.0,0.0,0.0,0.0,0.0,0.0,0.06053811659192825,0.0
0,2020-01-16,캠시스,0.0,0.0,0.0,0.0,0.0,1.0,0.0,0.0,0.0,-0.04951856946354883,0.0
0,2020-01-17,파워로직스,0.0,1.0,0.0,0.0,0.0,0.0,0.0,0.0,0.0,0.014705882352941176,0.0
0,2020-01-17,젬백스,0.0,1.0,0.0,0.0,0.0,0.0,0.0,0.0,0.0,0.056375838926174496,0.0
0,2020-01-17,한화솔루션,0.0,0.0,0.0,0.0,1.0,0.0,0.0,0.0,0.0,0.02557544757033248,0.0
0,2020-01-20,CMG제약,0.0,1.0,0.0,0.0,0.0,0.0,0.0,0.0,0.0,0.015228426395939087,0.0
0,2020-01-20,캠시스,0.0,1.0,0.0,0.0,0.0,0.0,0.0,0.0,0.0,0.03183791606367583,0.0
0,2020-01-21,흥구석유,1.0,0.0,0.0,0.0,0.0,0.0,0.0,0.0,0.0,0.1,0.0
0,2020-01-22,아모레퍼시픽,0.0,1.0,0.0,0.0,0.0,0.0,0.0,0.0,0.0,0.02054794520547945,0.0
0,2020-01-22,서원,1.0,0.0,0.0,0.0,0.0,0.0,0.0,0.0,0.0,0.1,0.0
0,2020-01-22,젬백스,0.0,1.0,0.0,0.0,0.0,0.0,0.0,0.0,0.0,0.015130674002751032,0.0
0,2020-01-22,주연테크,0.0,1.0,0.0,0.0,0.0,0.0,0.0,0.0,0.0,0.06090133982947625,0.0
0,2020-01-22,NAVER,0.0,1.0,0.0,0.0,0.0,0.0,0.0,0.0,0.0,0.02197802197802198,0.0
0,2020-01-23,남선알미늄,1.0,0.0,0.0,0.0,0.0,0.0,0.0,0.0,0.0,0.1,0.0
0,2020-01-28,써니전자,0.0,0.0,0.0,0.0,0.0,1.0,0.0,0.0,0.0,-0.04845360824742268,0.0
0,2020-01-29,덕신하우징,0.0,1.0,0.0,0.0,0.0,0.0,0.0,0.0,0.0,0.055248618784530384,0.0
0,2020-01-29,아모레퍼시픽,0.0,1.0,0.0,0.0,0.0,0.0,0.0,0.0,0.0,0.04113110539845758,0.0
0,2020-01-29,이월드,0.0,1.0,0.0,0.0,0.0,0.0,0.0,0.0,0.0,0.05893909626719057,0.0
0,2020-01-29,까뮤이앤씨,0.0,0.0,0.0,0.0,0.0,1.0,0.0,0.0,0.0,-0.050505050505050504,0.0
0,2020-01-29,젬백스,0.0,0.0,0.0,0.0,0.0,0.0,0.0,0.0,1.0,-0.054411764705882354,0.0
0,2020-01-30,에이프로젠 KIC,0.0,1.0,0.0,0.0,0.0,0.0,0.0,0.0,0.0,0.04823747680890538,0.0
0,2020-01-31,디피씨,1.0,0.0,0.0,0.0,0.0,0.0,0.0,0.0,0.0,0.1,0.0
0,2020-02-03,JYP Ent.,0.0,1.0,0.0,0.0,0.0,0.0,0.0,0.0,0.0,0.020242914979757085,0.0
0,2020-02-03,국영지앤엠,0.0,1.0,0.0,0.0,0.0,0.0,0.0,0.0,0.0,0.07488986784140969,0.0
0,2020-02-03,에스맥,0.0,1.0,0.0,0.0,0.0,0.0,0.0,0.0,0.0,0.04265402843601896,0.0
0,2020-02-03,캠시스,0.0,0.0,0.0,0.0,1.0,0.0,0.0,0.0,0.0,0.015723270440251572,0.0
0,2020-02-03,남선알미늄,0.0,1.0,0.0,0.0,0.0,0.0,0.0,0.0,0.0,0.0784557907845579,0.0
0,2020-02-04,씨젠,0.0,1.0,0.0,0.0,0.0,0.0,0.0,0.0,0.0,0.05149501661129568,0.0
0,2020-02-06,에이프로젠 KIC,1.0,0.0,0.0,0.0,0.0,0.0,0.0,0.0,0.0,0.1,0.0
0,2020-02-07,티케이케미칼,0.0,1.0,0.0,0.0,0.0,0.0,0.0,0.0,0.0,0.0234375,0.0
0,2020-02-11,모베이스전자,1.0,0.0,0.0,0.0,0.0,0.0,0.0,0.0,0.0,0.1,0.0
0,2020-02-11,동진쎄미켐,0.0,1.0,0.0,0.0,0.0,0.0,0.0,0.0,0.0,0.017391304347826087,0.0
0,2020-02-12,DB하이텍,0.0,1.0,0.0,0.0,0.0,0.0,0.0,0.0,0.0,0.025,0.0
0,2020-02-13,에스코넥,0.0,1.0,0.0,0.0,0.0,0.0,0.0,0.0,0.0,0.029535864978902954,0.0
0,2020-02-14,에스맥,0.0,1.0,0.0,0.0,0.0,0.0,0.0,0.0,0.0,0.02654867256637168,0.0
0,2020-02-14,에이프로젠제약,0.0,0.0,0.0,0.0,0.0,1.0,0.0,0.0,0.0,-0.046689895470383276,0.0
0,2020-02-14,웰크론,0.0,1.0,0.0,0.0,0.0,0.0,0.0,0.0,0.0,0.01768172888015717,0.0
0,2020-02-14,미코,0.0,1.0,0.0,0.0,0.0,0.0,0.0,0.0,0.0,0.0694006309148265,0.0
0,2020-02-14,두산중공업,0.0,1.0,0.0,0.0,0.0,0.0,0.0,0.0,0.0,0.04980919863426391,0.0
0,2020-02-18,국제약품,1.0,0.0,0.0,0.0,0.0,0.0,0.0,0.0,0.0,0.1,0.0
0,2020-02-18,바디텍메드,0.0,1.0,0.0,0.0,0.0,0.0,0.0,0.0,0.0,0.04265402843601896,0.0
0,2020-02-19,SFA반도체,0.0,0.0,0.0,1.0,0.0,0.0,0.0,0.0,0.0,0.075,0.0
0,2020-02-19,남선알미늄,0.0,0.0,0.0,0.0,0.0,1.0,0.0,0.0,0.0,-0.05309734513274336,0.0
0,2020-02-19,CMG제약,0.0,1.0,0.0,0.0,0.0,0.0,0.0,0.0,0.0,0.036855036855036855,0.0
0,2020-02-19,삼성전자,0.0,0.0,0.0,0.0,0.0,0.0,0.0,0.0,1.0,-0.010033444816053512,0.0
0,2020-02-19,KNN,0.0,1.0,0.0,0.0,0.0,0.0,0.0,0.0,0.0,0.015625,0.0
0,2020-02-21,CJ씨푸드,0.0,1.0,0.0,0.0,0.0,0.0,0.0,0.0,0.0,0.06304728546409807,0.0
0,2020-02-21,엔브이에이치코리아,1.0,0.0,0.0,0.0,0.0,0.0,0.0,0.0,0.0,0.1,0.0
0,2020-02-21,한국화장품,0.0,1.0,0.0,0.0,0.0,0.0,0.0,0.0,0.0,0.014705882352941176,0.0
0,2020-02-24,일진머티리얼즈,0.0,0.0,0.0,0.0,0.0,0.0,0.0,0.0,1.0,-0.009881422924901186,0.0
0,2020-02-24,퓨쳐스트림네트웍스,1.0,0.0,0.0,0.0,0.0,0.0,0.0,0.0,0.0,0.1,0.0
0,2020-02-25,우수AMS,0.0,1.0,0.0,0.0,0.0,0.0,0.0,0.0,0.0,0.03914590747330961,0.0
0,2020-02-25,셀트리온헬스케어,0.0,1.0,0.0,0.0,0.0,0.0,0.0,0.0,0.0,0.051036682615629984,0.0
0,2020-02-25,DB하이텍,0.0,1.0,0.0,0.0,0.0,0.0,0.0,0.0,0.0,0.027777777777777776,0.0
0,2020-02-25,쏠리드,0.0,1.0,0.0,0.0,0.0,0.0,0.0,0.0,0.0,0.0208,0.0
0,2020-02-25,삼성전기,0.0,1.0,0.0,0.0,0.0,0.0,0.0,0.0,0.0,0.01444043321299639,0.0
0,2020-02-26,씨젠,0.0,1.0,0.0,0.0,0.0,0.0,0.0,0.0,0.0,0.012030075187969926,0.0
0,2020-02-26,서울반도체,0.0,0.0,0.0,0.0,0.0,1.0,0.0,0.0,0.0,-0.07848837209302326,0.0
0,2020-02-27,에이프로젠제약,1.0,0.0,0.0,0.0,0.0,0.0,0.0,0.0,0.0,0.1,0.0
0,2020-02-27,한화솔루션,0.0,0.0,0.0,0.0,0.0,1.0,0.0,0.0,0.0,-0.048,0.0
0,2020-02-28,국영지앤엠,0.0,1.0,0.0,0.0,0.0,0.0,0.0,0.0,0.0,0.02564102564102564,0.0
0,2020-02-28,디피씨,0.0,1.0,0.0,0.0,0.0,0.0,0.0,0.0,0.0,0.07126948775055679,0.0
0,2020-02-28,SFA반도체,0.0,0.0,0.0,0.0,1.0,0.0,0.0,0.0,0.0,0.019469026548672566,0.0
0,2020-03-02,서울반도체,0.0,1.0,0.0,0.0,0.0,0.0,0.0,0.0,0.0,0.06354515050167224,0.0
0,2020-03-02,바른손이앤에이,1.0,0.0,0.0,0.0,0.0,0.0,0.0,0.0,0.0,0.1,0.0
0,2020-03-02,바른손,1.0,0.0,0.0,0.0,0.0,0.0,0.0,0.0,0.0,0.1,0.0
0,2020-03-02,일진머티리얼즈,0.0,1.0,0.0,0.0,0.0,0.0,0.0,0.0,0.0,0.03559870550161812,0.0
0,2020-03-02,CJ씨푸드,1.0,0.0,0.0,0.0,0.0,0.0,0.0,0.0,0.0,0.1,0.0
0,2020-03-03,휴비스,0.0,1.0,0.0,0.0,0.0,0.0,0.0,0.0,0.0,0.04084967320261438,0.0
0,2020-03-03,모트렉스,1.0,0.0,0.0,0.0,0.0,0.0,0.0,0.0,0.0,0.1,0.0
0,2020-03-03,국제약품,1.0,0.0,0.0,0.0,0.0,0.0,0.0,0.0,0.0,0.1,0.0
0,2020-03-04,씨아이에스,0.0,1.0,0.0,0.0,0.0,0.0,0.0,0.0,0.0,0.048284625158831,0.0
0,2020-03-04,바른손이앤에이,0.0,1.0,0.0,0.0,0.0,0.0,0.0,0.0,0.0,0.05894308943089431,0.0
0,2020-03-04,한화솔루션,0.0,1.0,0.0,0.0,0.0,0.0,0.0,0.0,0.0,0.03888888888888889,0.0
0,2020-03-10,씨아이에스,0.0,1.0,0.0,0.0,0.0,0.0,0.0,0.0,0.0,0.037859007832898174,0.0
0,2020-03-10,SFA반도체,0.0,1.0,0.0,0.0,0.0,0.0,0.0,0.0,0.0,0.029465930018416207,0.0
0,2020-03-10,바른손,1.0,0.0,0.0,0.0,0.0,0.0,0.0,0.0,0.0,0.1,0.0
0,2020-03-11,알서포트,1.0,0.0,0.0,0.0,0.0,0.0,0.0,0.0,0.0,0.1,0.0
0,2020-03-11,신풍제약,0.0,1.0,0.0,0.0,0.0,0.0,0.0,0.0,0.0,0.02544529262086514,0.0
0,2020-03-11,다날,0.0,1.0,0.0,0.0,0.0,0.0,0.0,0.0,0.0,0.020958083832335328,0.0
0,2020-03-12,에스티팜,1.0,0.0,0.0,0.0,0.0,0.0,0.0,0.0,0.0,0.1,0.0
0,2020-03-12,씨아이에스,0.0,0.0,0.0,0.0,0.0,1.0,0.0,0.0,0.0,-0.05722070844686648,0.0
0,2020-03-12,바디텍메드,0.0,1.0,0.0,0.0,0.0,0.0,0.0,0.0,0.0,0.0635593220338983,0.0
0,2020-03-13,한진칼,0.0,0.0,1.0,0.0,0.0,0.0,0.0,0.0,0.0,-0.04643449419568822,0.0
0,2020-03-18,케이프,1.0,0.0,0.0,0.0,0.0,0.0,0.0,0.0,0.0,0.1,0.0
0,2020-03-24,네패스,1.0,0.0,0.0,0.0,0.0,0.0,0.0,0.0,0.0,0.1,0.0
0,2020-03-25,엑세스바이오,1.0,0.0,0.0,0.0,0.0,0.0,0.0,0.0,0.0,0.1,0.0
0,2020-04-06,마크로젠,0.0,1.0,0.0,0.0,0.0,0.0,0.0,0.0,0.0,0.020887728459530026,0.0
0,2020-04-08,마크로젠,0.0,1.0,0.0,0.0,0.0,0.0,0.0,0.0,0.0,0.01752021563342318,0.0
0,2020-04-09,헬릭스미스,0.0,1.0,0.0,0.0,0.0,0.0,0.0,0.0,0.0,0.05035895823507834,0.0
0,2020-04-09,국영지앤엠,0.0,1.0,0.0,0.0,0.0,0.0,0.0,0.0,0.0,0.03536345776031434,0.0
0,2020-04-13,알서포트,1.0,0.0,0.0,0.0,0.0,0.0,0.0,0.0,0.0,0.1,0.0
0,2020-04-14,크리스탈지노믹스,1.0,0.0,0.0,0.0,0.0,0.0,0.0,0.0,0.0,0.1,0.0
0,2020-04-14,이씨에스,1.0,0.0,0.0,0.0,0.0,0.0,0.0,0.0,0.0,0.1,0.0
0,2020-04-14,SFA반도체,0.0,1.0,0.0,0.0,0.0,0.0,0.0,0.0,0.0,0.023445463812436288,0.0
0,2020-04-14,바디텍메드,0.0,1.0,0.0,0.0,0.0,0.0,0.0,0.0,0.0,0.03674540682414698,0.0
0,2020-04-14,명문제약,0.0,1.0,0.0,0.0,0.0,0.0,0.0,0.0,0.0,0.04683746997598078,0.0
0,2020-04-16,모트렉스,0.0,1.0,0.0,0.0,0.0,0.0,0.0,0.0,0.0,0.06764705882352941,0.0
0,2020-04-16,대한광통신,0.0,1.0,0.0,0.0,0.0,0.0,0.0,0.0,0.0,0.05714285714285714,0.0
0,2020-04-16,씨젠,0.0,0.0,0.0,0.0,0.0,0.0,1.0,0.0,0.0,0.05,0.0
0,2020-04-17,바이오톡스텍,0.0,1.0,0.0,0.0,0.0,0.0,0.0,0.0,0.0,0.048721071863580996,0.0
0,2020-04-17,에스코넥,1.0,0.0,0.0,0.0,0.0,0.0,0.0,0.0,0.0,0.1,0.0
0,2020-04-17,마크로젠,1.0,0.0,0.0,0.0,0.0,0.0,0.0,0.0,0.0,0.1,0.0
0,2020-04-17,파미셀,1.0,0.0,0.0,0.0,0.0,0.0,0.0,0.0,0.0,0.1,0.0
0,2020-04-17,서린바이오,0.0,1.0,0.0,0.0,0.0,0.0,0.0,0.0,0.0,0.04072398190045249,0.0
0,2020-04-20,녹십자,0.0,0.0,0.0,0.0,0.0,1.0,0.0,0.0,0.0,-0.030303030303030304,0.0
0,2020-04-20,국제약품,0.0,1.0,0.0,0.0,0.0,0.0,0.0,0.0,0.0,0.04680851063829787,0.0
0,2020-04-20,진매트릭스,1.0,0.0,0.0,0.0,0.0,0.0,0.0,0.0,0.0,0.1,0.0
0,2020-04-20,화일약품,0.0,1.0,0.0,0.0,0.0,0.0,0.0,0.0,0.0,0.033185840707964605,0.0
0,2020-04-20,두산인프라코어,0.0,1.0,0.0,0.0,0.0,0.0,0.0,0.0,0.0,0.07100591715976332,0.0
0,2020-04-21,씨유메디칼,1.0,0.0,0.0,0.0,0.0,0.0,0.0,0.0,0.0,0.1,0.0
0,2020-04-21,에스맥,0.0,1.0,0.0,0.0,0.0,0.0,0.0,0.0,0.0,0.011235955056179775,0.0
0,2020-04-21,SK케미칼,0.0,0.0,0.0,0.0,0.0,0.0,0.0,0.0,1.0,-0.017676767676767676,0.0
0,2020-04-22,금호석유,0.0,1.0,0.0,0.0,0.0,0.0,0.0,0.0,0.0,0.0182370820668693,0.0
0,2020-04-23,이수화학,1.0,0.0,0.0,0.0,0.0,0.0,0.0,0.0,0.0,0.1,0.0
0,2020-04-27,씨젠,0.0,1.0,0.0,0.0,0.0,0.0,0.0,0.0,0.0,0.07262569832402235,0.0
0,2020-04-27,현대건설,0.0,1.0,0.0,0.0,0.0,0.0,0.0,0.0,0.0,0.02727272727272727,0.0
0,2020-04-27,필룩스,0.0,0.0,0.0,0.0,0.0,0.0,0.0,0.0,1.0,-0.0740072202166065,0.0
0,2020-04-27,헬릭스미스,0.0,1.0,0.0,0.0,0.0,0.0,0.0,0.0,0.0,0.016566265060240965,0.0
0,2020-04-27,국일제지,0.0,1.0,0.0,0.0,0.0,0.0,0.0,0.0,0.0,0.015280135823429542,0.0
0,2020-04-28,파미셀,0.0,0.0,0.0,0.0,0.0,0.0,1.0,0.0,0.0,0.05,0.0
0,2020-04-29,영화금속,1.0,0.0,0.0,0.0,0.0,0.0,0.0,0.0,0.0,0.1,0.0
0,2020-04-29,헬릭스미스,0.0,1.0,0.0,0.0,0.0,0.0,0.0,0.0,0.0,0.010622154779969651,0.0
0,2020-04-29,셀트리온,0.0,0.0,0.0,0.0,0.0,0.0,0.0,0.0,1.0,-0.009569377990430622,0.0
0,2020-04-29,미코,0.0,1.0,0.0,0.0,0.0,0.0,0.0,0.0,0.0,0.025056947608200455,0.0
0,2020-04-29,국일제지,0.0,0.0,0.0,0.0,0.0,0.0,0.0,1.0,0.0,0.02337228714524207,0.0
0,2020-05-04,아난티,0.0,1.0,0.0,0.0,0.0,0.0,0.0,0.0,0.0,0.01,0.0
0,2020-05-04,셀트리온제약,0.0,1.0,0.0,0.0,0.0,0.0,0.0,0.0,0.0,0.018413597733711047,0.0
0,2020-05-04,에스티팜,0.0,1.0,0.0,0.0,0.0,0.0,0.0,0.0,0.0,0.03343465045592705,0.0
0,2020-05-04,신풍제약,1.0,0.0,0.0,0.0,0.0,0.0,0.0,0.0,0.0,0.1,0.0
0,2020-05-06,셀트리온,0.0,1.0,0.0,0.0,0.0,0.0,0.0,0.0,0.0,0.0171990171990172,0.0
0,2020-05-06,SK케미칼,0.0,1.0,0.0,0.0,0.0,0.0,0.0,0.0,0.0,0.02913907284768212,0.0
0,2020-05-06,테라젠이텍스,0.0,1.0,0.0,0.0,0.0,0.0,0.0,0.0,0.0,0.0319634703196347,0.0
0,2020-05-06,미코,0.0,1.0,0.0,0.0,0.0,0.0,0.0,0.0,0.0,0.022650056625141562,0.0
0,2020-05-06,알서포트,0.0,1.0,0.0,0.0,0.0,0.0,0.0,0.0,0.0,0.07753164556962025,0.0
0,2020-05-07,LG유플러스,0.0,1.0,0.0,0.0,0.0,0.0,0.0,0.0,0.0,0.031496062992125984,0.0
0,2020-05-08,휴마시스,0.0,1.0,0.0,0.0,0.0,0.0,0.0,0.0,0.0,0.04833333333333333,0.0
0,2020-05-08,랩지노믹스,0.0,1.0,0.0,0.0,0.0,0.0,0.0,0.0,0.0,0.04186046511627907,0.0
0,2020-05-08,바이넥스,0.0,1.0,0.0,0.0,0.0,0.0,0.0,0.0,0.0,0.05172413793103448,0.0
0,2020-05-08,씨젠,0.0,1.0,0.0,0.0,0.0,0.0,0.0,0.0,0.0,0.07126168224299065,0.0
0,2020-05-08,에이프로젠 KIC,0.0,1.0,0.0,0.0,0.0,0.0,0.0,0.0,0.0,0.010189228529839884,0.0
0,2020-05-11,빅텍,0.0,1.0,0.0,0.0,0.0,0.0,0.0,0.0,0.0,0.03627760252365931,0.0
0,2020-05-11,디피씨,0.0,0.0,0.0,0.0,0.0,0.0,1.0,0.0,0.0,0.05,0.0
0,2020-05-11,바디텍메드,0.0,1.0,0.0,0.0,0.0,0.0,0.0,0.0,0.0,0.019704433497536946,0.0
0,2020-05-11,부광약품,0.0,0.0,0.0,1.0,0.0,0.0,0.0,0.0,0.0,0.075,0.0
0,2020-05-12,에이프로젠 H&G,0.0,1.0,0.0,0.0,0.0,0.0,0.0,0.0,0.0,0.014354066985645933,0.0
0,2020-05-12,파미셀,0.0,1.0,0.0,0.0,0.0,0.0,0.0,0.0,0.0,0.051643192488262914,0.0
0,2020-05-12,대아티아이,0.0,0.0,0.0,0.0,0.0,1.0,0.0,0.0,0.0,-0.03245749613601236,0.0
0,2020-05-12,현대로템,0.0,0.0,0.0,0.0,1.0,0.0,0.0,0.0,0.0,0.02857142857142857,0.0
0,2020-05-13,후성,0.0,1.0,0.0,0.0,0.0,0.0,0.0,0.0,0.0,0.04129793510324484,0.0
0,2020-05-13,한국전력,0.0,1.0,0.0,0.0,0.0,0.0,0.0,0.0,0.0,0.02564102564102564,0.0
0,2020-05-13,금호석유,0.0,1.0,0.0,0.0,0.0,0.0,0.0,0.0,0.0,0.01721664275466284,0.0
0,2020-05-14,유니온머티리얼,1.0,0.0,0.0,0.0,0.0,0.0,0.0,0.0,0.0,0.1,0.0
0,2020-05-15,남선알미늄,0.0,1.0,0.0,0.0,0.0,0.0,0.0,0.0,0.0,0.055776892430278883,0.0
0,2020-05-15,에이프로젠제약,1.0,0.0,0.0,0.0,0.0,0.0,0.0,0.0,0.0,0.1,0.0
0,2020-05-15,테스,0.0,1.0,0.0,0.0,0.0,0.0,0.0,0.0,0.0,0.04987531172069826,0.0
0,2020-05-15,OQP,0.0,1.0,0.0,0.0,0.0,0.0,0.0,0.0,0.0,0.03009259259259259,0.0
0,2020-05-15,마니커,0.0,1.0,0.0,0.0,0.0,0.0,0.0,0.0,0.0,0.013986013986013986,0.0
0,2020-05-18,동방,1.0,0.0,0.0,0.0,0.0,0.0,0.0,0.0,0.0,0.1,0.0
0,2020-05-18,파미셀,0.0,0.0,0.0,1.0,0.0,0.0,0.0,0.0,0.0,0.075,0.0
0,2020-05-18,제넥신,0.0,1.0,0.0,0.0,0.0,0.0,0.0,0.0,0.0,0.041979010494752625,0.0
0,2020-05-18,다날,0.0,1.0,0.0,0.0,0.0,0.0,0.0,0.0,0.0,0.013173652694610778,0.0
0,2020-05-18,넥슨지티,0.0,1.0,0.0,0.0,0.0,0.0,0.0,0.0,0.0,0.026854219948849106,0.0
0,2020-05-19,에스맥,0.0,1.0,0.0,0.0,0.0,0.0,0.0,0.0,0.0,0.024390243902439025,0.0
0,2020-05-19,한진칼,0.0,1.0,0.0,0.0,0.0,0.0,0.0,0.0,0.0,0.02666666666666667,0.0
0,2020-05-19,국일제지,0.0,1.0,0.0,0.0,0.0,0.0,0.0,0.0,0.0,0.018425460636515914,0.0
0,2020-05-19,메가엠디,0.0,1.0,0.0,0.0,0.0,0.0,0.0,0.0,0.0,0.016412661195779603,0.0
0,2020-05-20,신신제약,1.0,0.0,0.0,0.0,0.0,0.0,0.0,0.0,0.0,0.1,0.0
0,2020-05-20,모나리자,0.0,0.0,0.0,0.0,0.0,0.0,0.0,0.0,1.0,-0.027259684361549498,0.0
0,2020-05-20,시노펙스,0.0,1.0,0.0,0.0,0.0,0.0,0.0,0.0,0.0,0.02280701754385965,0.0
0,2020-05-20,미코,0.0,1.0,0.0,0.0,0.0,0.0,0.0,0.0,0.0,0.011376564277588168,0.0
0,2020-05-21,에스티팜,0.0,1.0,0.0,0.0,0.0,0.0,0.0,0.0,0.0,0.013927576601671309,0.0
0,2020-05-21,바디텍메드,0.0,0.0,0.0,0.0,1.0,0.0,0.0,0.0,0.0,0.023809523809523808,0.0
0,2020-05-22,씨젠,0.0,1.0,0.0,0.0,0.0,0.0,0.0,0.0,0.0,0.02427637721755369,0.0
0,2020-05-22,넥스트BT,1.0,0.0,0.0,0.0,0.0,0.0,0.0,0.0,0.0,0.1,0.0
0,2020-05-22,랩지노믹스,0.0,1.0,0.0,0.0,0.0,0.0,0.0,0.0,0.0,0.012797074954296161,0.0
0,2020-05-25,모나리자,0.0,1.0,0.0,0.0,0.0,0.0,0.0,0.0,0.0,0.03392330383480826,0.0
0,2020-05-25,제일약품,0.0,1.0,0.0,0.0,0.0,0.0,0.0,0.0,0.0,0.034759358288770054,0.0
0,2020-05-25,삼성전기,0.0,0.0,0.0,0.0,1.0,0.0,0.0,0.0,0.0,0.037815126050420166,0.0
0,2020-05-25,오픈베이스,1.0,0.0,0.0,0.0,0.0,0.0,0.0,0.0,0.0,0.1,0.0
0,2020-05-25,초록뱀,0.0,1.0,0.0,0.0,0.0,0.0,0.0,0.0,0.0,0.02651048088779285,0.0
0,2020-05-26,아난티,1.0,0.0,0.0,0.0,0.0,0.0,0.0,0.0,0.0,0.1,0.0
0,2020-05-26,넥스트BT,0.0,0.0,0.0,0.0,0.0,1.0,0.0,0.0,0.0,-0.033112582781456956,0.0
0,2020-05-26,호텔신라,0.0,1.0,0.0,0.0,0.0,0.0,0.0,0.0,0.0,0.027742749054224466,0.0
0,2020-05-26,국일제지,0.0,1.0,0.0,0.0,0.0,0.0,0.0,0.0,0.0,0.0165016501650165,0.0
0,2020-05-26,현대로템,0.0,1.0,0.0,0.0,0.0,0.0,0.0,0.0,0.0,0.027950310559006212,0.0
0,2020-05-27,랩지노믹스,0.0,0.0,0.0,0.0,1.0,0.0,0.0,0.0,0.0,0.01651376146788991,0.0
0,2020-05-27,두산인프라코어,0.0,1.0,0.0,0.0,0.0,0.0,0.0,0.0,0.0,0.013059701492537313,0.0
0,2020-05-28,GST,0.0,0.0,0.0,0.0,0.0,0.0,0.0,1.0,0.0,0.018469656992084433,0.0
0,2020-05-28,일진머티리얼즈,0.0,0.0,0.0,0.0,0.0,0.0,0.0,0.0,1.0,-0.002109704641350211,0.0
0,2020-05-28,월덱스,0.0,0.0,0.0,0.0,0.0,1.0,0.0,0.0,0.0,-0.03683640303358613,0.0
0,2020-05-28,시노펙스,0.0,0.0,0.0,0.0,1.0,0.0,0.0,0.0,0.0,0.026223776223776224,0.0
0,2020-05-28,오픈베이스,0.0,1.0,0.0,0.0,0.0,0.0,0.0,0.0,0.0,0.011396011396011397,0.0
0,2020-05-29,네패스,0.0,1.0,0.0,0.0,0.0,0.0,0.0,0.0,0.0,0.018779342723004695,0.0
0,2020-05-29,SFA반도체,0.0,1.0,0.0,0.0,0.0,0.0,0.0,0.0,0.0,0.02029520295202952,0.0
0,2020-05-29,아난티,0.0,1.0,0.0,0.0,0.0,0.0,0.0,0.0,0.0,0.019704433497536946,0.0
0,2020-05-29,브이티지엠피,0.0,0.0,0.0,0.0,0.0,0.0,0.0,0.0,1.0,0.009900990099009901,0.0
0,2020-05-29,동일고무벨트,1.0,0.0,0.0,0.0,0.0,0.0,0.0,0.0,0.0,0.1,0.0
0,2020-06-01,신일전자,0.0,1.0,0.0,0.0,0.0,0.0,0.0,0.0,0.0,0.04072398190045249,0.0
0,2020-06-01,ISC,0.0,1.0,0.0,0.0,0.0,0.0,0.0,0.0,0.0,0.02108433734939759,0.0
0,2020-06-01,이엔에프테크놀로지,0.0,1.0,0.0,0.0,0.0,0.0,0.0,0.0,0.0,0.06521739130434782,0.0
0,2020-06-01,현대로템,0.0,1.0,0.0,0.0,0.0,0.0,0.0,0.0,0.0,0.015873015873015872,0.0
0,2020-06-01,쌍방울,0.0,1.0,0.0,0.0,0.0,0.0,0.0,0.0,0.0,0.03965303593556382,0.0
0,2020-06-02,OQP,1.0,0.0,0.0,0.0,0.0,0.0,0.0,0.0,0.0,0.1,0.0
0,2020-06-03,명문제약,0.0,0.0,0.0,0.0,0.0,0.0,1.0,0.0,0.0,0.05,0.0
0,2020-06-04,코데즈컴바인,1.0,0.0,0.0,0.0,0.0,0.0,0.0,0.0,0.0,0.1,0.0
0,2020-06-04,모나리자,0.0,1.0,0.0,0.0,0.0,0.0,0.0,0.0,0.0,0.015082956259426848,0.0
0,2020-06-04,에이비프로바이오,0.0,1.0,0.0,0.0,0.0,0.0,0.0,0.0,0.0,0.01276595744680851,0.0
0,2020-06-04,웰크론,1.0,0.0,0.0,0.0,0.0,0.0,0.0,0.0,0.0,0.1,0.0
0,2020-06-04,씨아이에스,0.0,1.0,0.0,0.0,0.0,0.0,0.0,0.0,0.0,0.04466019417475728,0.0
0,2020-06-05,신풍제약,0.0,1.0,0.0,0.0,0.0,0.0,0.0,0.0,0.0,0.02506265664160401,0.0
0,2020-06-05,JYP Ent.,0.0,1.0,0.0,0.0,0.0,0.0,0.0,0.0,0.0,0.010964912280701754,0.0
0,2020-06-05,제넨바이오,0.0,1.0,0.0,0.0,0.0,0.0,0.0,0.0,0.0,0.023017902813299233,0.0
0,2020-06-05,진원생명과학,0.0,0.0,0.0,0.0,0.0,1.0,0.0,0.0,0.0,-0.03128153380423814,0.0
0,2020-06-05,명문제약,0.0,1.0,0.0,0.0,0.0,0.0,0.0,0.0,0.0,0.017830609212481426,0.0
0,2020-06-08,빅텍,1.0,0.0,0.0,0.0,0.0,0.0,0.0,0.0,0.0,0.1,0.0
0,2020-06-08,YBM넷,0.0,1.0,0.0,0.0,0.0,0.0,0.0,0.0,0.0,0.025669642857142856,0.0
0,2020-06-08,씨젠,0.0,1.0,0.0,0.0,0.0,0.0,0.0,0.0,0.0,0.04891815616180621,0.0
0,2020-06-09,파미셀,0.0,1.0,0.0,0.0,0.0,0.0,0.0,0.0,0.0,0.03309692671394799,0.0
0,2020-06-10,네패스,0.0,1.0,0.0,0.0,0.0,0.0,0.0,0.0,0.0,0.011272141706924315,0.0
0,2020-06-10,스맥,1.0,0.0,0.0,0.0,0.0,0.0,0.0,0.0,0.0,0.1,0.0
0,2020-06-10,보성파워텍,1.0,0.0,0.0,0.0,0.0,0.0,0.0,0.0,0.0,0.1,0.0
0,2020-06-10,에이비프로바이오,1.0,0.0,0.0,0.0,0.0,0.0,0.0,0.0,0.0,0.1,0.0
0,2020-06-11,KT,0.0,0.0,0.0,0.0,0.0,1.0,0.0,0.0,0.0,-0.04032258064516129,0.0
0,2020-06-11,오텍,0.0,0.0,0.0,0.0,0.0,1.0,0.0,0.0,0.0,-0.03643724696356275,0.0
0,2020-06-11,현대미포조선,0.0,0.0,0.0,0.0,0.0,1.0,0.0,0.0,0.0,-0.05874316939890711,0.0
0,2020-06-11,유니온머티리얼,0.0,1.0,0.0,0.0,0.0,0.0,0.0,0.0,0.0,0.02932551319648094,0.0
0,2020-06-11,팬오션,0.0,0.0,0.0,0.0,0.0,0.0,0.0,0.0,1.0,-0.0953020134228188,0.0
0,2020-06-12,신성통상,0.0,0.0,0.0,0.0,0.0,1.0,0.0,0.0,0.0,-0.12166172106824925,0.0
0,2020-06-12,후성,0.0,0.0,0.0,0.0,0.0,1.0,0.0,0.0,0.0,-0.1163895486935867,0.0
0,2020-06-12,라온시큐어,0.0,0.0,0.0,0.0,0.0,1.0,0.0,0.0,0.0,-0.08816120906801007,0.0
0,2020-06-12,웰크론,1.0,0.0,0.0,0.0,0.0,0.0,0.0,0.0,0.0,0.1,0.0
0,2020-06-12,수젠텍,1.0,0.0,0.0,0.0,0.0,0.0,0.0,0.0,0.0,0.1,0.0
0,2020-06-15,퍼스텍,1.0,0.0,0.0,0.0,0.0,0.0,0.0,0.0,0.0,0.1,0.0
0,2020-06-16,한국카본,0.0,1.0,0.0,0.0,0.0,0.0,0.0,0.0,0.0,0.06703146374829001,0.0
0,2020-06-16,마크로젠,0.0,1.0,0.0,0.0,0.0,0.0,0.0,0.0,0.0,0.08018867924528301,0.0
0,2020-06-16,두산중공업,1.0,0.0,0.0,0.0,0.0,0.0,0.0,0.0,0.0,0.1,0.0
0,2020-06-16,헬릭스미스,0.0,1.0,0.0,0.0,0.0,0.0,0.0,0.0,0.0,0.0491283676703645,0.0
0,2020-06-16,삼성중공업,0.0,1.0,0.0,0.0,0.0,0.0,0.0,0.0,0.0,0.05950413223140496,0.0
0,2020-06-18,젬백스링크,1.0,0.0,0.0,0.0,0.0,0.0,0.0,0.0,0.0,0.1,0.0
0,2020-06-18,제이씨현시스템,1.0,0.0,0.0,0.0,0.0,0.0,0.0,0.0,0.0,0.1,0.0
0,2020-06-22,크리스탈지노믹스,0.0,1.0,0.0,0.0,0.0,0.0,0.0,0.0,0.0,0.044673539518900345,0.0
0,2020-06-22,톱텍,0.0,1.0,0.0,0.0,0.0,0.0,0.0,0.0,0.0,0.04081632653061224,0.0
0,2020-06-22,한국정보인증,1.0,0.0,0.0,0.0,0.0,0.0,0.0,0.0,0.0,0.1,0.0
0,2020-06-22,신풍제약,0.0,0.0,0.0,0.0,0.0,0.0,0.0,0.0,1.0,-0.03814262023217247,0.0
0,2020-06-22,씨젠,1.0,0.0,0.0,0.0,0.0,0.0,0.0,0.0,0.0,0.1,0.0
0,2020-06-24,HMM,0.0,1.0,0.0,0.0,0.0,0.0,0.0,0.0,0.0,0.017977528089887642,0.0
0,2020-06-24,유바이오로직스,0.0,1.0,0.0,0.0,0.0,0.0,0.0,0.0,0.0,0.022613065326633167,0.0
0,2020-06-24,라온시큐어,0.0,1.0,0.0,0.0,0.0,0.0,0.0,0.0,0.0,0.040214477211796246,0.0
0,2020-06-24,헬릭스미스,0.0,1.0,0.0,0.0,0.0,0.0,0.0,0.0,0.0,0.014040561622464899,0.0
0,2020-06-24,디피씨,0.0,0.0,0.0,0.0,0.0,0.0,0.0,0.0,1.0,0.0,0.0
0,2020-06-25,부광약품,0.0,1.0,0.0,0.0,0.0,0.0,0.0,0.0,0.0,0.030942334739803096,0.0
0,2020-06-25,대창,1.0,0.0,0.0,0.0,0.0,0.0,0.0,0.0,0.0,0.1,0.0
0,2020-06-25,SK증권,1.0,0.0,0.0,0.0,0.0,0.0,0.0,0.0,0.0,0.1,0.0
0,2020-06-26,DB하이텍,0.0,1.0,0.0,0.0,0.0,0.0,0.0,0.0,0.0,0.019434628975265017,0.0
0,2020-06-26,기아차,0.0,1.0,0.0,0.0,0.0,0.0,0.0,0.0,0.0,0.015360983102918587,0.0
0,2020-06-26,SDN,0.0,1.0,0.0,0.0,0.0,0.0,0.0,0.0,0.0,0.03314917127071823,0.0
0,2020-06-26,신풍제약,0.0,0.0,0.0,0.0,0.0,0.0,1.0,0.0,0.0,0.05,0.0
0,2020-06-26,케이프,1.0,0.0,0.0,0.0,0.0,0.0,0.0,0.0,0.0,0.1,0.0
0,2020-06-29,두산중공업,1.0,0.0,0.0,0.0,0.0,0.0,0.0,0.0,0.0,0.1,0.0
0,2020-06-29,부광약품,0.0,1.0,0.0,0.0,0.0,0.0,0.0,0.0,0.0,0.013333333333333334,0.0
0,2020-06-29,삼성중공업,0.0,1.0,0.0,0.0,0.0,0.0,0.0,0.0,0.0,0.01896551724137931,0.0
0,2020-06-30,제넥신,0.0,0.0,0.0,0.0,0.0,1.0,0.0,0.0,0.0,-0.04712041884816754,0.0
0,2020-06-30,미스터블루,1.0,0.0,0.0,0.0,0.0,0.0,0.0,0.0,0.0,0.1,0.0
0,2020-06-30,실리콘웍스,0.0,1.0,0.0,0.0,0.0,0.0,0.0,0.0,0.0,0.04183535762483131,0.0
0,2020-07-01,한진칼,1.0,0.0,0.0,0.0,0.0,0.0,0.0,0.0,0.0,0.1,0.0
0,2020-07-01,테스,0.0,1.0,0.0,0.0,0.0,0.0,0.0,0.0,0.0,0.028037383177570093,0.0
0,2020-07-01,KNN,1.0,0.0,0.0,0.0,0.0,0.0,0.0,0.0,0.0,0.1,0.0
0,2020-07-01,미코,0.0,1.0,0.0,0.0,0.0,0.0,0.0,0.0,0.0,0.0509761388286334,0.0
0,2020-07-01,YBM넷,1.0,0.0,0.0,0.0,0.0,0.0,0.0,0.0,0.0,0.1,0.0
0,2020-07-02,씨아이에스,0.0,1.0,0.0,0.0,0.0,0.0,0.0,0.0,0.0,0.03469387755102041,0.0
0,2020-07-02,부광약품,0.0,0.0,0.0,0.0,1.0,0.0,0.0,0.0,0.0,0.028700906344410877,0.0
0,2020-07-02,동화약품,0.0,0.0,0.0,0.0,0.0,0.0,0.0,0.0,1.0,-0.003289473684210526,0.0
0,2020-07-02,제넥신,0.0,1.0,0.0,0.0,0.0,0.0,0.0,0.0,0.0,0.01868131868131868,0.0
0,2020-07-02,셀트리온,0.0,1.0,0.0,0.0,0.0,0.0,0.0,0.0,0.0,0.03697478991596639,0.0
0,2020-07-03,빅텍,0.0,0.0,0.0,1.0,0.0,0.0,0.0,0.0,0.0,0.075,0.0
0,2020-07-03,바이오톡스텍,0.0,1.0,0.0,0.0,0.0,0.0,0.0,0.0,0.0,0.07293868921775898,0.0
0,2020-07-03,녹십자랩셀,0.0,1.0,0.0,0.0,0.0,0.0,0.0,0.0,0.0,0.03571428571428571,0.0
0,2020-07-03,랩지노믹스,1.0,0.0,0.0,0.0,0.0,0.0,0.0,0.0,0.0,0.1,0.0
0,2020-07-03,젬백스링크,0.0,1.0,0.0,0.0,0.0,0.0,0.0,0.0,0.0,0.010101010101010102,0.0
0,2020-07-06,동진쎄미켐,0.0,1.0,0.0,0.0,0.0,0.0,0.0,0.0,0.0,0.06934306569343066,0.0
0,2020-07-06,삼성전기,0.0,1.0,0.0,0.0,0.0,0.0,0.0,0.0,0.0,0.023622047244094488,0.0
0,2020-07-06,알에프텍,0.0,1.0,0.0,0.0,0.0,0.0,0.0,0.0,0.0,0.04460966542750929,0.0
0,2020-07-07,카이노스메드,0.0,1.0,0.0,0.0,0.0,0.0,0.0,0.0,0.0,0.011299435028248588,0.0
0,2020-07-08,삼성중공업,0.0,0.0,0.0,0.0,0.0,0.0,0.0,0.0,1.0,-0.03664921465968586,0.0
0,2020-07-09,시노펙스,0.0,1.0,0.0,0.0,0.0,0.0,0.0,0.0,0.0,0.04482758620689655,0.0
0,2020-07-10,남선알미늄,0.0,1.0,0.0,0.0,0.0,0.0,0.0,0.0,0.0,0.017543859649122806,0.0
0,2020-07-10,녹십자랩셀,0.0,0.0,0.0,1.0,0.0,0.0,0.0,0.0,0.0,0.075,0.0
0,2020-07-10,고려산업,0.0,0.0,0.0,0.0,0.0,0.0,0.0,0.0,1.0,0.004956629491945477,0.0
0,2020-07-10,KNN,1.0,0.0,0.0,0.0,0.0,0.0,0.0,0.0,0.0,0.1,0.0
0,2020-07-10,풍강,1.0,0.0,0.0,0.0,0.0,0.0,0.0,0.0,0.0,0.1,0.0
0,2020-07-13,두산인프라코어,0.0,1.0,0.0,0.0,0.0,0.0,0.0,0.0,0.0,0.026058631921824105,0.0
0,2020-07-13,YG PLUS,0.0,1.0,0.0,0.0,0.0,0.0,0.0,0.0,0.0,0.03869047619047619,0.0
0,2020-07-13,삼성중공업,0.0,1.0,0.0,0.0,0.0,0.0,0.0,0.0,0.0,0.030797101449275364,0.0
0,2020-07-13,SM Life Design,0.0,1.0,0.0,0.0,0.0,0.0,0.0,0.0,0.0,0.07655502392344497,0.0
0,2020-07-14,KNN,0.0,1.0,0.0,0.0,0.0,0.0,0.0,0.0,0.0,0.014326647564469915,0.0
0,2020-07-15,SG세계물산,1.0,0.0,0.0,0.0,0.0,0.0,0.0,0.0,0.0,0.1,0.0
0,2020-07-15,아난티,0.0,1.0,0.0,0.0,0.0,0.0,0.0,0.0,0.0,0.018145161290322582,0.0
0,2020-07-15,케이피엠테크,0.0,0.0,0.0,0.0,0.0,0.0,1.0,0.0,0.0,0.05,0.0
0,2020-07-15,쌍용차,1.0,0.0,0.0,0.0,0.0,0.0,0.0,0.0,0.0,0.1,0.0
0,2020-07-15,미스터블루,0.0,1.0,0.0,0.0,0.0,0.0,0.0,0.0,0.0,0.025547445255474453,0.0
0,2020-07-16,제넥신,0.0,0.0,0.0,0.0,0.0,0.0,0.0,0.0,1.0,-0.012409513960703205,0.0
0,2020-07-16,잇츠한불,1.0,0.0,0.0,0.0,0.0,0.0,0.0,0.0,0.0,0.1,0.0
0,2020-07-16,셀트리온,0.0,0.0,0.0,0.0,1.0,0.0,0.0,0.0,0.0,0.0379746835443038,0.0
0,2020-07-16,대아티아이,0.0,0.0,0.0,0.0,1.0,0.0,0.0,0.0,0.0,0.0529500756429652,0.0
0,2020-07-17,셀트리온제약,0.0,1.0,0.0,0.0,0.0,0.0,0.0,0.0,0.0,0.0182370820668693,0.0
0,2020-07-17,동진쎄미켐,0.0,0.0,0.0,0.0,0.0,0.0,0.0,1.0,0.0,0.02617801047120419,0.0
0,2020-07-17,나노엔텍,0.0,1.0,0.0,0.0,0.0,0.0,0.0,0.0,0.0,0.03365384615384615,0.0
0,2020-07-17,엘오티베큠,0.0,1.0,0.0,0.0,0.0,0.0,0.0,0.0,0.0,0.03169014084507042,0.0
0,2020-07-17,NAVER,0.0,1.0,0.0,0.0,0.0,0.0,0.0,0.0,0.0,0.01098901098901099,0.0
0,2020-07-20,대한광통신,0.0,1.0,0.0,0.0,0.0,0.0,0.0,0.0,0.0,0.035578144853875476,0.0
0,2020-07-20,녹십자홀딩스,1.0,0.0,0.0,0.0,0.0,0.0,0.0,0.0,0.0,0.1,0.0
0,2020-07-20,SK이노베이션,0.0,0.0,0.0,0.0,0.0,0.0,1.0,0.0,0.0,0.05,0.0
0,2020-07-21,앤디포스,1.0,0.0,0.0,0.0,0.0,0.0,0.0,0.0,0.0,0.1,0.0
0,2020-07-21,NAVER,0.0,1.0,0.0,0.0,0.0,0.0,0.0,0.0,0.0,0.026615969581749048,0.0
0,2020-07-21,EDGC,0.0,1.0,0.0,0.0,0.0,0.0,0.0,0.0,0.0,0.01532567049808429,0.0
0,2020-07-21,삼성제약,0.0,1.0,0.0,0.0,0.0,0.0,0.0,0.0,0.0,0.03430079155672823,0.0
0,2020-07-21,젬백스링크,1.0,0.0,0.0,0.0,0.0,0.0,0.0,0.0,0.0,0.1,0.0
0,2020-07-22,셀트리온헬스케어,0.0,0.0,0.0,0.0,0.0,0.0,0.0,0.0,1.0,-0.0058309037900874635,0.0
0,2020-07-22,알서포트,0.0,0.0,0.0,0.0,0.0,0.0,0.0,0.0,1.0,-0.0221483942414175,0.0
0,2020-07-23,유니온머티리얼,1.0,0.0,0.0,0.0,0.0,0.0,0.0,0.0,0.0,0.1,0.0
0,2020-07-23,바른손,1.0,0.0,0.0,0.0,0.0,0.0,0.0,0.0,0.0,0.1,0.0
0,2020-07-24,현대건설,0.0,1.0,0.0,0.0,0.0,0.0,0.0,0.0,0.0,0.015804597701149427,0.0
0,2020-07-24,아이큐어,0.0,0.0,0.0,0.0,1.0,0.0,0.0,0.0,0.0,0.01279317697228145,0.0
0,2020-07-24,현대로템,0.0,1.0,0.0,0.0,0.0,0.0,0.0,0.0,0.0,0.02280130293159609,0.0
0,2020-07-24,에이비프로바이오,0.0,1.0,0.0,0.0,0.0,0.0,0.0,0.0,0.0,0.011015911872705019,0.0
0,2020-07-27,한화,0.0,1.0,0.0,0.0,0.0,0.0,0.0,0.0,0.0,0.0437636761487965,0.0
0,2020-07-27,범양건영,1.0,0.0,0.0,0.0,0.0,0.0,0.0,0.0,0.0,0.1,0.0
0,2020-07-27,유니테스트,0.0,1.0,0.0,0.0,0.0,0.0,0.0,0.0,0.0,0.042105263157894736,0.0
0,2020-07-27,JYP Ent.,0.0,1.0,0.0,0.0,0.0,0.0,0.0,0.0,0.0,0.018151815181518153,0.0
0,2020-07-27,KNN,1.0,0.0,0.0,0.0,0.0,0.0,0.0,0.0,0.0,0.1,0.0
0,2020-07-28,씨아이에스,0.0,0.0,0.0,0.0,0.0,0.0,0.0,0.0,1.0,-0.008880994671403197,0.0
0,2020-07-28,KB금융,0.0,0.0,0.0,0.0,1.0,0.0,0.0,0.0,0.0,0.021156558533145273,0.0
0,2020-07-29,빅텍,0.0,1.0,0.0,0.0,0.0,0.0,0.0,0.0,0.0,0.023842917251051893,0.0
0,2020-07-29,넥스트아이,1.0,0.0,0.0,0.0,0.0,0.0,0.0,0.0,0.0,0.1,0.0
0,2020-07-29,덕성,0.0,1.0,0.0,0.0,0.0,0.0,0.0,0.0,0.0,0.03111111111111111,0.0
0,2020-07-29,미래에셋대우,0.0,0.0,0.0,0.0,0.0,0.0,1.0,0.0,0.0,0.05,0.0
0,2020-07-29,서연,1.0,0.0,0.0,0.0,0.0,0.0,0.0,0.0,0.0,0.1,0.0
0,2020-07-30,셀트리온,0.0,0.0,0.0,0.0,0.0,0.0,0.0,0.0,1.0,-0.008291873963515755,0.0
0,2020-07-30,시노펙스,1.0,0.0,0.0,0.0,0.0,0.0,0.0,0.0,0.0,0.1,0.0
0,2020-07-30,SCI평가정보,0.0,1.0,0.0,0.0,0.0,0.0,0.0,0.0,0.0,0.011650485436893204,0.0
0,2020-07-31,SK이노베이션,0.0,0.0,0.0,0.0,1.0,0.0,0.0,0.0,0.0,0.01568627450980392,0.0
0,2020-07-31,현대건설,0.0,0.0,0.0,0.0,0.0,0.0,0.0,1.0,0.0,0.022058823529411766,0.0
0,2020-07-31,금호석유,0.0,1.0,0.0,0.0,0.0,0.0,0.0,0.0,0.0,0.025454545454545455,0.0
0,2020-07-31,에이스테크,0.0,0.0,0.0,0.0,0.0,0.0,0.0,0.0,1.0,-0.0026109660574412533,0.0
0,2020-08-03,아이큐어,1.0,0.0,0.0,0.0,0.0,0.0,0.0,0.0,0.0,0.1,0.0
0,2020-08-03,유니슨,0.0,1.0,0.0,0.0,0.0,0.0,0.0,0.0,0.0,0.034482758620689655,0.0
0,2020-08-03,SK케미칼,0.0,0.0,0.0,1.0,0.0,0.0,0.0,0.0,0.0,0.075,0.0
0,2020-08-03,크리스탈지노믹스,0.0,1.0,0.0,0.0,0.0,0.0,0.0,0.0,0.0,0.03900709219858156,0.0
0,2020-08-03,유니온머티리얼,0.0,1.0,0.0,0.0,0.0,0.0,0.0,0.0,0.0,0.04921259842519685,0.0
0,2020-08-04,텔콘RF제약,0.0,1.0,0.0,0.0,0.0,0.0,0.0,0.0,0.0,0.03825136612021858,0.0
0,2020-08-04,현대건설,0.0,1.0,0.0,0.0,0.0,0.0,0.0,0.0,0.0,0.03115727002967359,0.0
0,2020-08-04,에이비프로바이오,0.0,1.0,0.0,0.0,0.0,0.0,0.0,0.0,0.0,0.029715762273901807,0.0
0,2020-08-04,에이프로젠 KIC,0.0,1.0,0.0,0.0,0.0,0.0,0.0,0.0,0.0,0.048327137546468404,0.0
0,2020-08-04,영진약품,0.0,1.0,0.0,0.0,0.0,0.0,0.0,0.0,0.0,0.03639240506329114,0.0
0,2020-08-05,아시아나항공,0.0,0.0,0.0,0.0,0.0,0.0,1.0,0.0,0.0,0.05,0.0
0,2020-08-06,삼성전자,0.0,1.0,0.0,0.0,0.0,0.0,0.0,0.0,0.0,0.019332161687170474,0.0
0,2020-08-06,오르비텍,1.0,0.0,0.0,0.0,0.0,0.0,0.0,0.0,0.0,0.1,0.0
0,2020-08-07,네패스,0.0,1.0,0.0,0.0,0.0,0.0,0.0,0.0,0.0,0.016717325227963525,0.0
0,2020-08-07,미코,0.0,1.0,0.0,0.0,0.0,0.0,0.0,0.0,0.0,0.01834862385321101,0.0
0,2020-08-07,진매트릭스,0.0,1.0,0.0,0.0,0.0,0.0,0.0,0.0,0.0,0.030864197530864196,0.0
0,2020-08-10,파트론,0.0,0.0,0.0,0.0,0.0,0.0,0.0,0.0,1.0,-0.04504504504504504,0.0
0,2020-08-10,프럼파스트,1.0,0.0,0.0,0.0,0.0,0.0,0.0,0.0,0.0,0.1,0.0
0,2020-08-11,제일약품,0.0,1.0,0.0,0.0,0.0,0.0,0.0,0.0,0.0,0.012612612612612612,0.0
0,2020-08-12,잇츠한불,0.0,1.0,0.0,0.0,0.0,0.0,0.0,0.0,0.0,0.019963702359346643,0.0
0,2020-08-12,실리콘웍스,0.0,0.0,0.0,0.0,0.0,0.0,0.0,0.0,1.0,-0.046357615894039736,0.0
0,2020-08-12,빅텍,0.0,0.0,0.0,1.0,0.0,0.0,0.0,0.0,0.0,0.075,0.0
0,2020-08-12,YG PLUS,0.0,1.0,0.0,0.0,0.0,0.0,0.0,0.0,0.0,0.03631647211413749,0.0
0,2020-08-12,미코,0.0,0.0,0.0,0.0,0.0,0.0,0.0,0.0,1.0,-0.06811145510835913,0.0
0,2020-08-13,켐온,1.0,0.0,0.0,0.0,0.0,0.0,0.0,0.0,0.0,0.1,0.0
0,2020-08-13,크리스탈지노믹스,1.0,0.0,0.0,0.0,0.0,0.0,0.0,0.0,0.0,0.1,0.0
0,2020-08-13,초록뱀,0.0,1.0,0.0,0.0,0.0,0.0,0.0,0.0,0.0,0.025396825396825397,0.0
0,2020-08-13,SFA반도체,0.0,1.0,0.0,0.0,0.0,0.0,0.0,0.0,0.0,0.05944055944055944,0.0
0,2020-08-13,유니테스트,0.0,1.0,0.0,0.0,0.0,0.0,0.0,0.0,0.0,0.03355704697986577,0.0
0,2020-08-14,동진쎄미켐,0.0,1.0,0.0,0.0,0.0,0.0,0.0,0.0,0.0,0.017857142857142856,0.0
0,2020-08-14,보락,0.0,1.0,0.0,0.0,0.0,0.0,0.0,0.0,0.0,0.013513513513513514,0.0
0,2020-08-14,서울반도체,0.0,0.0,0.0,0.0,0.0,1.0,0.0,0.0,0.0,-0.047058823529411764,0.0
0,2020-08-18,휴마시스,1.0,0.0,0.0,0.0,0.0,0.0,0.0,0.0,0.0,0.1,0.0
0,2020-08-18,우리들휴브레인,1.0,0.0,0.0,0.0,0.0,0.0,0.0,0.0,0.0,0.1,0.0
0,2020-08-18,셀트리온,0.0,0.0,0.0,0.0,0.0,0.0,0.0,0.0,1.0,0.0016420361247947454,0.0
0,2020-08-18,NAVER,0.0,0.0,0.0,0.0,1.0,0.0,0.0,0.0,0.0,0.03278688524590164,0.0
0,2020-08-18,디피씨,0.0,0.0,1.0,0.0,0.0,0.0,0.0,0.0,0.0,-0.041666666666666664,0.0
0,2020-08-19,앤디포스,1.0,0.0,0.0,0.0,0.0,0.0,0.0,0.0,0.0,0.1,0.0
0,2020-08-19,일진머티리얼즈,0.0,1.0,0.0,0.0,0.0,0.0,0.0,0.0,0.0,0.029469548133595286,0.0
0,2020-08-19,동진쎄미켐,0.0,1.0,0.0,0.0,0.0,0.0,0.0,0.0,0.0,0.06070287539936102,0.0
0,2020-08-19,코리아나,1.0,0.0,0.0,0.0,0.0,0.0,0.0,0.0,0.0,0.1,0.0
0,2020-08-19,CJ씨푸드,1.0,0.0,0.0,0.0,0.0,0.0,0.0,0.0,0.0,0.1,0.0
0,2020-08-20,카이노스메드,1.0,0.0,0.0,0.0,0.0,0.0,0.0,0.0,0.0,0.1,0.0
0,2020-08-20,서린바이오,0.0,1.0,0.0,0.0,0.0,0.0,0.0,0.0,0.0,0.03461538461538462,0.0
0,2020-08-20,한국비엔씨,1.0,0.0,0.0,0.0,0.0,0.0,0.0,0.0,0.0,0.1,0.0
0,2020-08-20,랩지노믹스,1.0,0.0,0.0,0.0,0.0,0.0,0.0,0.0,0.0,0.1,0.0
0,2020-08-20,파미셀,0.0,1.0,0.0,0.0,0.0,0.0,0.0,0.0,0.0,0.021377672209026127,0.0
0,2020-08-21,동진쎄미켐,1.0,0.0,0.0,0.0,0.0,0.0,0.0,0.0,0.0,0.1,0.0
0,2020-08-21,파트론,0.0,1.0,0.0,0.0,0.0,0.0,0.0,0.0,0.0,0.05726405090137858,0.0
0,2020-08-21,이엔에프테크놀로지,0.0,0.0,0.0,0.0,1.0,0.0,0.0,0.0,0.0,0.022222222222222223,0.0
0,2020-08-21,서원,1.0,0.0,0.0,0.0,0.0,0.0,0.0,0.0,0.0,0.1,0.0
0,2020-08-21,한화솔루션,0.0,1.0,0.0,0.0,0.0,0.0,0.0,0.0,0.0,0.01644736842105263,0.0
0,2020-08-24,동국S&C,1.0,0.0,0.0,0.0,0.0,0.0,0.0,0.0,0.0,0.1,0.0
0,2020-08-24,제이씨현시스템,1.0,0.0,0.0,0.0,0.0,0.0,0.0,0.0,0.0,0.1,0.0
0,2020-08-24,삼성생명,0.0,1.0,0.0,0.0,0.0,0.0,0.0,0.0,0.0,0.011784511784511785,0.0
0,2020-08-24,현대차,0.0,1.0,0.0,0.0,0.0,0.0,0.0,0.0,0.0,0.035256410256410256,0.0
0,2020-08-24,녹십자랩셀,1.0,0.0,0.0,0.0,0.0,0.0,0.0,0.0,0.0,0.1,0.0
0,2020-08-25,랩지노믹스,0.0,0.0,0.0,0.0,1.0,0.0,0.0,0.0,0.0,0.0215633423180593,0.0
0,2020-08-25,서연,0.0,0.0,0.0,1.0,0.0,0.0,0.0,0.0,0.0,0.075,0.0
0,2020-08-25,알에프텍,0.0,1.0,0.0,0.0,0.0,0.0,0.0,0.0,0.0,0.06280193236714976,0.0
0,2020-08-25,알루코,0.0,1.0,0.0,0.0,0.0,0.0,0.0,0.0,0.0,0.03248587570621469,0.0
0,2020-08-28,신성통상,1.0,0.0,0.0,0.0,0.0,0.0,0.0,0.0,0.0,0.1,0.0
0,2020-08-28,DB하이텍,0.0,1.0,0.0,0.0,0.0,0.0,0.0,0.0,0.0,0.014265335235378032,0.0
0,2020-08-28,서연탑메탈,1.0,0.0,0.0,0.0,0.0,0.0,0.0,0.0,0.0,0.1,0.0
0,2020-08-28,HMM,0.0,1.0,0.0,0.0,0.0,0.0,0.0,0.0,0.0,0.03932584269662921,0.0
0,2020-08-28,휴마시스,1.0,0.0,0.0,0.0,0.0,0.0,0.0,0.0,0.0,0.1,0.0
0,2020-08-31,녹십자,0.0,0.0,0.0,0.0,0.0,0.0,0.0,0.0,1.0,-0.02462121212121212,0.0
0,2020-08-31,금호석유,0.0,1.0,0.0,0.0,0.0,0.0,0.0,0.0,0.0,0.024464831804281346,0.0
0,2020-08-31,태경케미컬,1.0,0.0,0.0,0.0,0.0,0.0,0.0,0.0,0.0,0.1,0.0
0,2020-09-01,미래에셋대우,0.0,1.0,0.0,0.0,0.0,0.0,0.0,0.0,0.0,0.03118279569892473,0.0
0,2020-09-01,SK케미칼,0.0,1.0,0.0,0.0,0.0,0.0,0.0,0.0,0.0,0.054637865311308764,0.0
0,2020-09-01,유니온머티리얼,1.0,0.0,0.0,0.0,0.0,0.0,0.0,0.0,0.0,0.1,0.0
0,2020-09-01,일진머티리얼즈,0.0,0.0,0.0,0.0,0.0,0.0,0.0,1.0,0.0,0.011033099297893681,0.0
0,2020-09-01,엑세스바이오,1.0,0.0,0.0,0.0,0.0,0.0,0.0,0.0,0.0,0.1,0.0
0,2020-09-02,DB하이텍,0.0,0.0,0.0,1.0,0.0,0.0,0.0,0.0,0.0,0.075,0.0
0,2020-09-02,이엔에프테크놀로지,0.0,1.0,0.0,0.0,0.0,0.0,0.0,0.0,0.0,0.047505938242280284,0.0
0,2020-09-02,금호석유,0.0,0.0,0.0,0.0,0.0,0.0,0.0,0.0,1.0,-0.0060790273556231,0.0
0,2020-09-02,수젠텍,0.0,1.0,0.0,0.0,0.0,0.0,0.0,0.0,0.0,0.027888446215139442,0.0
0,2020-09-02,셀트리온,0.0,0.0,0.0,0.0,0.0,0.0,0.0,0.0,1.0,-0.013422818791946308,0.0
0,2020-09-03,한국정보인증,0.0,1.0,0.0,0.0,0.0,0.0,0.0,0.0,0.0,0.030534351145038167,0.0
0,2020-09-03,신성이엔지,0.0,1.0,0.0,0.0,0.0,0.0,0.0,0.0,0.0,0.0436241610738255,0.0
0,2020-09-03,대정화금,0.0,1.0,0.0,0.0,0.0,0.0,0.0,0.0,0.0,0.059941520467836254,0.0
0,2020-09-04,진매트릭스,0.0,0.0,0.0,0.0,0.0,0.0,1.0,0.0,0.0,0.05,0.0
0,2020-09-04,한국비엔씨,1.0,0.0,0.0,0.0,0.0,0.0,0.0,0.0,0.0,0.1,0.0
0,2020-09-04,오리엔트바이오,1.0,0.0,0.0,0.0,0.0,0.0,0.0,0.0,0.0,0.1,0.0
0,2020-09-04,파미셀,0.0,0.0,0.0,0.0,0.0,0.0,0.0,0.0,1.0,-0.018561484918793503,0.0
0,2020-09-04,크리스탈지노믹스,0.0,0.0,0.0,1.0,0.0,0.0,0.0,0.0,0.0,0.075,0.0
0,2020-09-07,일신바이오,0.0,1.0,0.0,0.0,0.0,0.0,0.0,0.0,0.0,0.03648648648648649,0.0
0,2020-09-07,국영지앤엠,1.0,0.0,0.0,0.0,0.0,0.0,0.0,0.0,0.0,0.1,0.0
0,2020-09-07,에스맥,0.0,1.0,0.0,0.0,0.0,0.0,0.0,0.0,0.0,0.02099737532808399,0.0
0,2020-09-07,랩지노믹스,0.0,1.0,0.0,0.0,0.0,0.0,0.0,0.0,0.0,0.06206896551724138,0.0
0,2020-09-07,씨젠,0.0,1.0,0.0,0.0,0.0,0.0,0.0,0.0,0.0,0.04452054794520548,0.0
0,2020-09-08,대정화금,0.0,1.0,0.0,0.0,0.0,0.0,0.0,0.0,0.0,0.0649546827794562,0.0
0,2020-09-08,제넥신,0.0,0.0,0.0,0.0,0.0,1.0,0.0,0.0,0.0,-0.05808656036446469,0.0
0,2020-09-08,엘비세미콘,1.0,0.0,0.0,0.0,0.0,0.0,0.0,0.0,0.0,0.1,0.0
0,2020-09-09,다날,0.0,1.0,0.0,0.0,0.0,0.0,0.0,0.0,0.0,0.024299065420560748,0.0
0,2020-09-09,신풍제약,0.0,0.0,0.0,0.0,0.0,0.0,1.0,0.0,0.0,0.05,0.0
0,2020-09-09,오리엔트바이오,1.0,0.0,0.0,0.0,0.0,0.0,0.0,0.0,0.0,0.1,0.0
0,2020-09-09,대영포장,0.0,1.0,0.0,0.0,0.0,0.0,0.0,0.0,0.0,0.01809954751131222,0.0
0,2020-09-09,제넨바이오,0.0,0.0,0.0,0.0,1.0,0.0,0.0,0.0,0.0,0.016574585635359115,0.0
0,2020-09-10,SK케미칼,1.0,0.0,0.0,0.0,0.0,0.0,0.0,0.0,0.0,0.1,0.0
0,2020-09-10,진매트릭스,0.0,1.0,0.0,0.0,0.0,0.0,0.0,0.0,0.0,0.07166123778501629,0.0
0,2020-09-10,엑세스바이오,1.0,0.0,0.0,0.0,0.0,0.0,0.0,0.0,0.0,0.1,0.0
0,2020-09-10,사조씨푸드,1.0,0.0,0.0,0.0,0.0,0.0,0.0,0.0,0.0,0.1,0.0
0,2020-09-10,제넥신,0.0,1.0,0.0,0.0,0.0,0.0,0.0,0.0,0.0,0.03990326481257558,0.0
0,2020-09-11,바이넥스,0.0,0.0,0.0,0.0,0.0,0.0,1.0,0.0,0.0,0.05,0.0
0,2020-09-11,비씨월드제약,1.0,0.0,0.0,0.0,0.0,0.0,0.0,0.0,0.0,0.1,0.0
0,2020-09-11,알서포트,0.0,1.0,0.0,0.0,0.0,0.0,0.0,0.0,0.0,0.017804154302670624,0.0
0,2020-09-11,미래에셋대우,0.0,1.0,0.0,0.0,0.0,0.0,0.0,0.0,0.0,0.025219298245614034,0.0
0,2020-09-11,삼성증권,0.0,0.0,0.0,0.0,1.0,0.0,0.0,0.0,0.0,0.02403846153846154,0.0
0,2020-09-14,한온시스템,0.0,1.0,0.0,0.0,0.0,0.0,0.0,0.0,0.0,0.02857142857142857,0.0
0,2020-09-14,서울반도체,0.0,1.0,0.0,0.0,0.0,0.0,0.0,0.0,0.0,0.024657534246575342,0.0
0,2020-09-14,케이피엠테크,1.0,0.0,0.0,0.0,0.0,0.0,0.0,0.0,0.0,0.1,0.0
0,2020-09-14,현대제철,0.0,0.0,0.0,0.0,1.0,0.0,0.0,0.0,0.0,0.018108651911468814,0.0
0,2020-09-15,우리들휴브레인,0.0,0.0,0.0,0.0,0.0,1.0,0.0,0.0,0.0,-0.039403620873269436,0.0
0,2020-09-15,후성,0.0,0.0,0.0,0.0,0.0,1.0,0.0,0.0,0.0,-0.03619909502262444,0.0
0,2020-09-15,두산인프라코어,0.0,0.0,0.0,0.0,0.0,0.0,0.0,0.0,1.0,-0.0037926675094816687,0.0
0,2020-09-15,알서포트,0.0,1.0,0.0,0.0,0.0,0.0,0.0,0.0,0.0,0.030120481927710843,0.0
0,2020-09-15,시스웍,1.0,0.0,0.0,0.0,0.0,0.0,0.0,0.0,0.0,0.1,0.0
0,2020-09-16,유니슨,1.0,0.0,0.0,0.0,0.0,0.0,0.0,0.0,0.0,0.1,0.0
0,2020-09-16,JYP Ent.,0.0,0.0,0.0,0.0,0.0,0.0,0.0,0.0,1.0,-0.0012484394506866417,0.0
0,2020-09-16,셀트리온,0.0,0.0,0.0,0.0,0.0,0.0,0.0,0.0,1.0,-0.015202702702702704,0.0
0,2020-09-16,신성이엔지,0.0,1.0,0.0,0.0,0.0,0.0,0.0,0.0,0.0,0.056433408577878104,0.0
0,2020-09-16,셀트리온제약,0.0,0.0,0.0,0.0,0.0,0.0,1.0,0.0,0.0,0.05,0.0
0,2020-09-17,에스엠,0.0,0.0,0.0,0.0,0.0,1.0,0.0,0.0,0.0,-0.04133333333333333,0.0
0,2020-09-17,우리들휴브레인,1.0,0.0,0.0,0.0,0.0,0.0,0.0,0.0,0.0,0.1,0.0
0,2020-09-17,에이스테크,0.0,0.0,0.0,0.0,1.0,0.0,0.0,0.0,0.0,0.04258943781942078,0.0
0,2020-09-17,웰크론,0.0,1.0,0.0,0.0,0.0,0.0,0.0,0.0,0.0,0.03170028818443804,0.0
0,2020-09-17,LG전자,0.0,0.0,0.0,0.0,0.0,0.0,0.0,0.0,1.0,0.0033112582781456954,0.0
0,2020-09-18,대한광통신,0.0,0.0,0.0,0.0,0.0,1.0,0.0,0.0,0.0,-0.03827751196172249,0.0
0,2020-09-18,유니테스트,0.0,1.0,0.0,0.0,0.0,0.0,0.0,0.0,0.0,0.035634743875278395,0.0
0,2020-09-18,제넥신,0.0,0.0,0.0,0.0,0.0,1.0,0.0,0.0,0.0,-0.06287425149700598,0.0
0,2020-09-18,씨아이에스,0.0,1.0,0.0,0.0,0.0,0.0,0.0,0.0,0.0,0.030624263839811542,0.0
0,2020-09-18,하나마이크론,0.0,1.0,0.0,0.0,0.0,0.0,0.0,0.0,0.0,0.014035087719298246,0.0
0,2020-09-21,크리스탈지노믹스,0.0,1.0,0.0,0.0,0.0,0.0,0.0,0.0,0.0,0.058666666666666666,0.0
0,2020-09-21,DB하이텍,0.0,0.0,0.0,0.0,0.0,1.0,0.0,0.0,0.0,-0.04048582995951417,0.0
0,2020-09-21,LG전자,0.0,1.0,0.0,0.0,0.0,0.0,0.0,0.0,0.0,0.011123470522803115,0.0
0,2020-09-21,상신이디피,1.0,0.0,0.0,0.0,0.0,0.0,0.0,0.0,0.0,0.1,0.0
0,2020-09-21,후성,0.0,0.0,0.0,0.0,0.0,0.0,0.0,0.0,1.0,-0.08095238095238096,0.0
0,2020-09-22,초록뱀,0.0,0.0,0.0,0.0,0.0,0.0,0.0,1.0,0.0,0.021996615905245348,0.0
0,2020-09-22,동화약품,0.0,0.0,0.0,0.0,0.0,1.0,0.0,0.0,0.0,-0.07584830339321358,0.0
0,2020-09-22,삼진엘앤디,1.0,0.0,0.0,0.0,0.0,0.0,0.0,0.0,0.0,0.1,0.0
0,2020-09-22,알루코,1.0,0.0,0.0,0.0,0.0,0.0,0.0,0.0,0.0,0.1,0.0
0,2020-09-22,쏠리드,0.0,0.0,0.0,0.0,0.0,1.0,0.0,0.0,0.0,-0.03619909502262444,0.0
0,2020-09-23,현대공업,1.0,0.0,0.0,0.0,0.0,0.0,0.0,0.0,0.0,0.1,0.0
0,2020-09-23,드림시큐리티,1.0,0.0,0.0,0.0,0.0,0.0,0.0,0.0,0.0,0.1,0.0
0,2020-09-23,LG전자,0.0,1.0,0.0,0.0,0.0,0.0,0.0,0.0,0.0,0.025871766029246346,0.0
0,2020-09-23,미래에셋대우,0.0,1.0,0.0,0.0,0.0,0.0,0.0,0.0,0.0,0.022326674500587545,0.0
0,2020-09-23,아이에이,1.0,0.0,0.0,0.0,0.0,0.0,0.0,0.0,0.0,0.1,0.0
0,2020-09-24,제이씨케미칼,1.0,0.0,0.0,0.0,0.0,0.0,0.0,0.0,0.0,0.1,0.0
0,2020-09-24,스페코,1.0,0.0,0.0,0.0,0.0,0.0,0.0,0.0,0.0,0.1,0.0
0,2020-09-24,앤디포스,1.0,0.0,0.0,0.0,0.0,0.0,0.0,0.0,0.0,0.1,0.0
0,2020-09-24,한일단조,1.0,0.0,0.0,0.0,0.0,0.0,0.0,0.0,0.0,0.1,0.0
0,2020-09-24,옴니시스템,1.0,0.0,0.0,0.0,0.0,0.0,0.0,0.0,0.0,0.1,0.0
0,2020-09-25,오리엔트바이오,1.0,0.0,0.0,0.0,0.0,0.0,0.0,0.0,0.0,0.1,0.0
0,2020-09-25,한솔홈데코,1.0,0.0,0.0,0.0,0.0,0.0,0.0,0.0,0.0,0.1,0.0
0,2020-09-25,기가레인,1.0,0.0,0.0,0.0,0.0,0.0,0.0,0.0,0.0,0.1,0.0
0,2020-09-25,국영지앤엠,1.0,0.0,0.0,0.0,0.0,0.0,0.0,0.0,0.0,0.1,0.0
0,2020-09-25,삼성전기,0.0,1.0,0.0,0.0,0.0,0.0,0.0,0.0,0.0,0.03435114503816794,0.0
0,2020-09-28,신성이엔지,0.0,1.0,0.0,0.0,0.0,0.0,0.0,0.0,0.0,0.019753086419753086,0.0
0,2020-09-28,한온시스템,0.0,1.0,0.0,0.0,0.0,0.0,0.0,0.0,0.0,0.030042918454935622,0.0
0,2020-09-28,두산중공업,0.0,1.0,0.0,0.0,0.0,0.0,0.0,0.0,0.0,0.05057607590647238,0.0
0,2020-09-28,보락,1.0,0.0,0.0,0.0,0.0,0.0,0.0,0.0,0.0,0.1,0.0
0,2020-09-28,에이스테크,0.0,1.0,0.0,0.0,0.0,0.0,0.0,0.0,0.0,0.047151277013752456,0.0
0,2020-09-29,후성,0.0,0.0,0.0,0.0,1.0,0.0,0.0,0.0,0.0,0.03636363636363636,0.0
0,2020-09-29,KEC,1.0,0.0,0.0,0.0,0.0,0.0,0.0,0.0,0.0,0.1,0.0
0,2020-09-29,알서포트,0.0,1.0,0.0,0.0,0.0,0.0,0.0,0.0,0.0,0.03355704697986577,0.0
0,2020-09-29,써니전자,1.0,0.0,0.0,0.0,0.0,0.0,0.0,0.0,0.0,0.1,0.0
0,2020-09-29,유바이오로직스,0.0,1.0,0.0,0.0,0.0,0.0,0.0,0.0,0.0,0.02977667493796526,0.0
0,2020-10-05,젬백스,0.0,1.0,0.0,0.0,0.0,0.0,0.0,0.0,0.0,0.047619047619047616,0.0
0,2020-10-05,나노엔텍,1.0,0.0,0.0,0.0,0.0,0.0,0.0,0.0,0.0,0.1,0.0
0,2020-10-05,진원생명과학,0.0,1.0,0.0,0.0,0.0,0.0,0.0,0.0,0.0,0.03372681281618887,0.0
0,2020-10-05,대성파인텍,1.0,0.0,0.0,0.0,0.0,0.0,0.0,0.0,0.0,0.1,0.0
0,2020-10-06,초록뱀,0.0,0.0,0.0,0.0,0.0,0.0,0.0,0.0,1.0,-0.020442930153321975,0.0
0,2020-10-07,한국팩키지,0.0,0.0,0.0,0.0,1.0,0.0,0.0,0.0,0.0,0.02625,0.0
0,2020-10-07,케이피엠테크,0.0,0.0,0.0,0.0,0.0,0.0,0.0,0.0,1.0,-0.03690036900369004,0.0
0,2020-10-07,태림포장,0.0,1.0,0.0,0.0,0.0,0.0,0.0,0.0,0.0,0.03935185185185185,0.0
0,2020-10-07,진원생명과학,1.0,0.0,0.0,0.0,0.0,0.0,0.0,0.0,0.0,0.1,0.0
0,2020-10-07,에이스테크,0.0,1.0,0.0,0.0,0.0,0.0,0.0,0.0,0.0,0.0199203187250996,0.0
0,2020-10-12,에이스테크,0.0,1.0,0.0,0.0,0.0,0.0,0.0,0.0,0.0,0.030425963488843813,0.0
0,2020-10-12,케이피엠테크,0.0,0.0,0.0,0.0,1.0,0.0,0.0,0.0,0.0,0.051833122629582805,0.0
0,2020-10-12,유나이티드제약,1.0,0.0,0.0,0.0,0.0,0.0,0.0,0.0,0.0,0.1,0.0
0,2020-10-13,필로시스헬스케어,1.0,0.0,0.0,0.0,0.0,0.0,0.0,0.0,0.0,0.1,0.0
0,2020-10-13,테스,0.0,1.0,0.0,0.0,0.0,0.0,0.0,0.0,0.0,0.024390243902439025,0.0
0,2020-10-14,태림포장,0.0,1.0,0.0,0.0,0.0,0.0,0.0,0.0,0.0,0.03009259259259259,0.0
0,2020-10-14,씨젠,0.0,1.0,0.0,0.0,0.0,0.0,0.0,0.0,0.0,0.0433996383363472,0.0
0,2020-10-14,랩지노믹스,0.0,1.0,0.0,0.0,0.0,0.0,0.0,0.0,0.0,0.051893408134642355,0.0
0,2020-10-14,우리기술,0.0,1.0,0.0,0.0,0.0,0.0,0.0,0.0,0.0,0.022727272727272728,0.0
0,2020-10-14,옴니시스템,1.0,0.0,0.0,0.0,0.0,0.0,0.0,0.0,0.0,0.1,0.0
0,2020-10-15,써니전자,0.0,1.0,0.0,0.0,0.0,0.0,0.0,0.0,0.0,0.011554621848739496,0.0
0,2020-10-15,만도,0.0,0.0,0.0,0.0,0.0,1.0,0.0,0.0,0.0,-0.03956343792633015,0.0
0,2020-10-15,라이브파이낸셜,1.0,0.0,0.0,0.0,0.0,0.0,0.0,0.0,0.0,0.1,0.0
0,2020-10-15,삼강엠앤티,0.0,0.0,0.0,0.0,0.0,1.0,0.0,0.0,0.0,-0.06779661016949153,0.0
0,2020-10-15,일신바이오,1.0,0.0,0.0,0.0,0.0,0.0,0.0,0.0,0.0,0.1,0.0
0,2020-10-16,KT서브마린,1.0,0.0,0.0,0.0,0.0,0.0,0.0,0.0,0.0,0.1,0.0
0,2020-10-16,대한광통신,1.0,0.0,0.0,0.0,0.0,0.0,0.0,0.0,0.0,0.1,0.0
0,2020-10-16,현대차,0.0,0.0,0.0,0.0,0.0,1.0,0.0,0.0,0.0,-0.045454545454545456,0.0
0,2020-10-16,DB하이텍,0.0,0.0,0.0,0.0,0.0,0.0,0.0,0.0,1.0,-0.023709902370990237,0.0
0,2020-10-16,호텔신라,0.0,0.0,0.0,0.0,1.0,0.0,0.0,0.0,0.0,0.030707610146862484,0.0
0,2020-10-19,알서포트,0.0,1.0,0.0,0.0,0.0,0.0,0.0,0.0,0.0,0.01056338028169014,0.0
0,2020-10-19,바이넥스,0.0,1.0,0.0,0.0,0.0,0.0,0.0,0.0,0.0,0.04752851711026616,0.0
0,2020-10-19,CJ씨푸드,1.0,0.0,0.0,0.0,0.0,0.0,0.0,0.0,0.0,0.1,0.0
0,2020-10-19,오르비텍,0.0,1.0,0.0,0.0,0.0,0.0,0.0,0.0,0.0,0.01933404940923738,0.0
0,2020-10-19,인지디스플레,1.0,0.0,0.0,0.0,0.0,0.0,0.0,0.0,0.0,0.1,0.0
0,2020-10-20,서울반도체,0.0,1.0,0.0,0.0,0.0,0.0,0.0,0.0,0.0,0.016304347826086956,0.0
0,2020-10-20,모바일어플라이언스,0.0,0.0,0.0,1.0,0.0,0.0,0.0,0.0,0.0,0.075,0.0
0,2020-10-20,써니전자,0.0,0.0,0.0,0.0,0.0,1.0,0.0,0.0,0.0,-0.03131749460043196,0.0
0,2020-10-20,신성이엔지,0.0,1.0,0.0,0.0,0.0,0.0,0.0,0.0,0.0,0.023450586264656615,0.0
0,2020-10-20,유니테스트,0.0,0.0,0.0,0.0,0.0,0.0,0.0,0.0,1.0,-0.06991525423728813,0.0
0,2020-10-21,알루코,0.0,1.0,0.0,0.0,0.0,0.0,0.0,0.0,0.0,0.05641025641025641,0.0
0,2020-10-21,SCI평가정보,0.0,1.0,0.0,0.0,0.0,0.0,0.0,0.0,0.0,0.02181818181818182,0.0
0,2020-10-21,바이오니아,1.0,0.0,0.0,0.0,0.0,0.0,0.0,0.0,0.0,0.1,0.0
0,2020-10-21,특수건설,1.0,0.0,0.0,0.0,0.0,0.0,0.0,0.0,0.0,0.1,0.0
0,2020-10-21,카스,1.0,0.0,0.0,0.0,0.0,0.0,0.0,0.0,0.0,0.1,0.0
0,2020-10-22,케이사인,0.0,1.0,0.0,0.0,0.0,0.0,0.0,0.0,0.0,0.0196078431372549,0.0
0,2020-10-22,한일진공,1.0,0.0,0.0,0.0,0.0,0.0,0.0,0.0,0.0,0.1,0.0
0,2020-10-22,제이씨현시스템,1.0,0.0,0.0,0.0,0.0,0.0,0.0,0.0,0.0,0.1,0.0
0,2020-10-23,유니테스트,0.0,1.0,0.0,0.0,0.0,0.0,0.0,0.0,0.0,0.03189066059225513,0.0
0,2020-10-23,SK케미칼,0.0,1.0,0.0,0.0,0.0,0.0,0.0,0.0,0.0,0.03114754098360656,0.0
0,2020-10-23,신성이엔지,0.0,1.0,0.0,0.0,0.0,0.0,0.0,0.0,0.0,0.03559322033898305,0.0
0,2020-10-23,디엔에이링크,0.0,1.0,0.0,0.0,0.0,0.0,0.0,0.0,0.0,0.09375,0.0
0,2020-10-23,포스코 ICT,1.0,0.0,0.0,0.0,0.0,0.0,0.0,0.0,0.0,0.1,0.0
0,2020-10-26,스맥,1.0,0.0,0.0,0.0,0.0,0.0,0.0,0.0,0.0,0.1,0.0
0,2020-10-26,루미마이크로,0.0,1.0,0.0,0.0,0.0,0.0,0.0,0.0,0.0,0.02088167053364269,0.0
0,2020-10-26,옴니시스템,1.0,0.0,0.0,0.0,0.0,0.0,0.0,0.0,0.0,0.1,0.0
0,2020-10-26,MP한강,1.0,0.0,0.0,0.0,0.0,0.0,0.0,0.0,0.0,0.1,0.0
0,2020-10-27,모트렉스,0.0,1.0,0.0,0.0,0.0,0.0,0.0,0.0,0.0,0.011382113821138212,0.0
0,2020-10-27,KEC,0.0,1.0,0.0,0.0,0.0,0.0,0.0,0.0,0.0,0.03664921465968586,0.0
0,2020-10-27,씨젠,0.0,1.0,0.0,0.0,0.0,0.0,0.0,0.0,0.0,0.046549612086565946,0.0
0,2020-10-27,SDN,0.0,1.0,0.0,0.0,0.0,0.0,0.0,0.0,0.0,0.019393939393939394,0.0
0,2020-10-27,진원생명과학,0.0,1.0,0.0,0.0,0.0,0.0,0.0,0.0,0.0,0.01026694045174538,0.0
0,2020-10-28,파워로직스,0.0,1.0,0.0,0.0,0.0,0.0,0.0,0.0,0.0,0.03194103194103194,0.0
0,2020-10-28,휠라홀딩스,0.0,1.0,0.0,0.0,0.0,0.0,0.0,0.0,0.0,0.05754475703324808,0.0
0,2020-10-28,케이피엠테크,1.0,0.0,0.0,0.0,0.0,0.0,0.0,0.0,0.0,0.1,0.0
0,2020-10-28,삼성증권,0.0,1.0,0.0,0.0,0.0,0.0,0.0,0.0,0.0,0.037037037037037035,0.0
0,2020-10-28,유니테스트,0.0,1.0,0.0,0.0,0.0,0.0,0.0,0.0,0.0,0.07328605200945626,0.0
0,2020-10-29,앤디포스,0.0,0.0,0.0,0.0,0.0,1.0,0.0,0.0,0.0,-0.04392764857881137,0.0
0,2020-10-29,웰크론한텍,1.0,0.0,0.0,0.0,0.0,0.0,0.0,0.0,0.0,0.1,0.0
0,2020-10-29,대한과학,0.0,1.0,0.0,0.0,0.0,0.0,0.0,0.0,0.0,0.024509803921568627,0.0
0,2020-10-29,웰크론,1.0,0.0,0.0,0.0,0.0,0.0,0.0,0.0,0.0,0.1,0.0
0,2020-10-30,KPX생명과학,0.0,0.0,1.0,0.0,0.0,0.0,0.0,0.0,0.0,-0.05,0.0
0,2020-10-30,삼성엔지니어링,1.0,0.0,0.0,0.0,0.0,0.0,0.0,0.0,0.0,0.1,0.0
0,2020-10-30,써니전자,1.0,0.0,0.0,0.0,0.0,0.0,0.0,0.0,0.0,0.1,0.0
0,2020-10-30,수산중공업,0.0,0.0,0.0,1.0,0.0,0.0,0.0,0.0,0.0,0.075,0.0
